"","ID.Ibex","Label","Response","FeatureMatch","Word1","Word2","WordPair","Conceptual","Valence"
"1","616d94407f0e63a61e856056","control_Dissimilar","0","DissimilarControl","add","remove","add-remove","",""
"2","616d94407f0e63a61e856056","control_Similar","99","SimilarControl","help","assist","help-assist","",""
"3","616d94407f0e63a61e856056","test_ValenceMatch_Negative","0","ValenceMatchingOnly","spit","worry","spit-worry","ConcreteMismatch","NegativeMatch"
"4","616d94407f0e63a61e856056","control_MaxMatch_Positive_Abstract","0","MaxMatch","imagine","fulfill","imagine-fulfill","AbstractMatch","PositiveMatch"
"5","616d94407f0e63a61e856056","test_ConceptualMatch_Abstract","0","ConceptualMatchingOnly","worry","esteem","worry-esteem","ConceptualMatch:abstract","NegativeMismatch"
"6","616d94407f0e63a61e856056","control_MaxMatch_Positive_Concrete","0","MaxMatch","cook","running","cook-running","ConcreteMatch","PositiveMatch"
"7","616d94407f0e63a61e856056","control_MaxMatch_Negative_Abstract","0","MaxMatch","exploit","obsess","exploit-obsess","AbstractMatch","NegativeMatch"
"8","616d94407f0e63a61e856056","test_ValenceMatch_Positive","0","ValenceMatchingOnly","swing","justify","swing-justify","ConcreteMismatch","PositiveMatch"
"9","616d94407f0e63a61e856056","control_MaxMismatch","0","MaxMismatch","annoy","hope","annoy-hope","AbstractMismatch","NegativeMismatch"
"10","616d94407f0e63a61e856056","control_MaxMatch_Negative_Concrete","69","MaxMatch","puke","spit","puke-spit","ConcreteMatch","NegativeMatch"
"11","616d94407f0e63a61e856056","control_Dissimilar","0","DissimilarControl","give","take","give-take","",""
"12","616d94407f0e63a61e856056","control_Similar","99","SimilarControl","show","display","show-display","",""
"13","616d94407f0e63a61e856056","test_ConceptualMatch_Concrete","0","ConceptualMatchingOnly","smile","kill","smile-kill","ConceptualMatch:concrete","PositiveMismatch"
"14","616d94407f0e63a61e856056","control_Dissimilar","0","DissimilarControl","come","go","come-go","",""
"15","616d94407f0e63a61e856056","control_Similar","99","SimilarControl","need","require","need-require","",""
"16","616d94407f0e63a61e856056","test_ValenceMatch_Negative","0","ValenceMatchingOnly","puke","worry","puke-worry","ConcreteMismatch","NegativeMatch"
"17","616d94407f0e63a61e856056","control_MaxMatch_Positive_Abstract","0","MaxMatch","believe","esteem","believe-esteem","AbstractMatch","PositiveMatch"
"18","616d94407f0e63a61e856056","test_ConceptualMatch_Abstract","0","ConceptualMatchingOnly","loathe","hope","loathe-hope","ConceptualMatch:abstract","NegativeMismatch"
"19","616d94407f0e63a61e856056","control_MaxMatch_Positive_Concrete","0","MaxMatch","cook","sail","cook-sail","ConcreteMatch","PositiveMatch"
"20","616d94407f0e63a61e856056","control_MaxMatch_Negative_Abstract","0","MaxMatch","exploit","worry","exploit-worry","AbstractMatch","NegativeMatch"
"21","616d94407f0e63a61e856056","test_ValenceMatch_Positive","0","ValenceMatchingOnly","cook","enlighten","cook-enlighten","ConcreteMismatch","PositiveMatch"
"22","616d94407f0e63a61e856056","control_MaxMismatch","0","MaxMismatch","scorn","justify","scorn-justify","AbstractMismatch","NegativeMismatch"
"23","616d94407f0e63a61e856056","control_MaxMatch_Negative_Concrete","0","MaxMatch","puke","smack","puke-smack","ConcreteMatch","NegativeMatch"
"24","616d94407f0e63a61e856056","control_Dissimilar","0","DissimilarControl","begin","end","begin-end","",""
"25","616d94407f0e63a61e856056","control_Similar","99","SimilarControl","get","obtain","get-obtain","",""
"26","616d94407f0e63a61e856056","test_ConceptualMatch_Concrete","0","ConceptualMatchingOnly","sail","vomit","sail-vomit","ConceptualMatch:concrete","PositiveMismatch"
"27","616d94407f0e63a61e856056","control_Dissimilar","0","DissimilarControl","push","pull","push-pull","",""
"28","616d94407f0e63a61e856056","control_Similar","99","SimilarControl","begin","start","begin-start","",""
"29","616d94407f0e63a61e856056","test_ValenceMatch_Negative","0","ValenceMatchingOnly","smack","exploit","smack-exploit","ConcreteMismatch","NegativeMatch"
"30","616d94407f0e63a61e856056","control_MaxMatch_Positive_Abstract","0","MaxMatch","admired","believe","admired-believe","AbstractMatch","PositiveMatch"
"31","616d94407f0e63a61e856056","test_ConceptualMatch_Abstract","0","ConceptualMatchingOnly","obsess","justify","obsess-justify","ConceptualMatch:abstract","NegativeMismatch"
"32","616d94407f0e63a61e856056","control_MaxMatch_Positive_Concrete","0","MaxMatch","running","sail","running-sail","ConcreteMatch","PositiveMatch"
"33","616d94407f0e63a61e856056","control_MaxMatch_Negative_Abstract","0","MaxMatch","loathe","obsess","loathe-obsess","AbstractMatch","NegativeMatch"
"34","616d94407f0e63a61e856056","test_ValenceMatch_Positive","0","ValenceMatchingOnly","smile","imagine","smile-imagine","ConcreteMismatch","PositiveMatch"
"35","616d94407f0e63a61e856056","control_MaxMismatch","0","MaxMismatch","befall","imagine","befall-imagine","AbstractMismatch","NegativeMismatch"
"36","616d94407f0e63a61e856056","control_MaxMatch_Negative_Concrete","0","MaxMatch","puke","slap","puke-slap","ConcreteMatch","NegativeMatch"
"37","616d94407f0e63a61e856056","control_Dissimilar","0","DissimilarControl","enter","exit","enter-exit","",""
"38","616d94407f0e63a61e856056","control_Similar","99","SimilarControl","ask","inquire","ask-inquire","",""
"39","616d94407f0e63a61e856056","test_ConceptualMatch_Concrete","0","ConceptualMatchingOnly","hug","kill","hug-kill","ConceptualMatch:concrete","PositiveMismatch"
"40","616d94407f0e63a61e856056","control_Dissimilar","0","DissimilarControl","increase","decrease","increase-decrease","",""
"41","616d94407f0e63a61e856056","control_Similar","99","SimilarControl","end","finish","end-finish","",""
"42","616d94407f0e63a61e856056","test_ValenceMatch_Negative","0","ValenceMatchingOnly","vomit","worry","vomit-worry","ConcreteMismatch","NegativeMatch"
"43","616d94407f0e63a61e856056","control_MaxMatch_Positive_Abstract","67","MaxMatch","admired","cherish","admired-cherish","AbstractMatch","PositiveMatch"
"44","616d94407f0e63a61e856056","test_ConceptualMatch_Abstract","0","ConceptualMatchingOnly","scorn","fulfill","scorn-fulfill","ConceptualMatch:abstract","NegativeMismatch"
"45","616d94407f0e63a61e856056","control_MaxMatch_Positive_Concrete","0","MaxMatch","eat","smile","eat-smile","ConcreteMatch","PositiveMatch"
"46","616d94407f0e63a61e856056","control_MaxMatch_Negative_Abstract","0","MaxMatch","exploit","scorn","exploit-scorn","AbstractMatch","NegativeMatch"
"47","616d94407f0e63a61e856056","test_ValenceMatch_Positive","0","ValenceMatchingOnly","hug","imagine","hug-imagine","ConcreteMismatch","PositiveMatch"
"48","616d94407f0e63a61e856056","control_MaxMismatch","0","MaxMismatch","criticize","justify","criticize-justify","AbstractMismatch","NegativeMismatch"
"49","616d94407f0e63a61e856056","control_MaxMatch_Negative_Concrete","0","MaxMatch","bleed","spit","bleed-spit","ConcreteMatch","NegativeMatch"
"50","616d94407f0e63a61e856056","control_Dissimilar","0","DissimilarControl","arrive","leave","arrive-leave","",""
"51","616d94407f0e63a61e856056","control_Similar","68","SimilarControl","use","employ","use-employ","",""
"52","616d94407f0e63a61e856056","test_ConceptualMatch_Concrete","0","ConceptualMatchingOnly","eat","spit","eat-spit","ConceptualMatch:concrete","PositiveMismatch"
"53","616d94407f0e63a61e856056","control_Dissimilar","0","DissimilarControl","open","close","open-close","",""
"54","616d94407f0e63a61e856056","control_Similar","99","SimilarControl","speak","talk","speak-talk","",""
"55","616d94407f0e63a61e856056","test_ValenceMatch_Negative","0","ValenceMatchingOnly","bleed","annoy","bleed-annoy","ConcreteMismatch","NegativeMatch"
"56","616d94407f0e63a61e856056","control_MaxMatch_Positive_Abstract","0","MaxMatch","imagine","admired","imagine-admired","AbstractMatch","PositiveMatch"
"57","616d94407f0e63a61e856056","test_ConceptualMatch_Abstract","0","ConceptualMatchingOnly","loathe","imagine","loathe-imagine","ConceptualMatch:abstract","NegativeMismatch"
"58","616d94407f0e63a61e856056","control_MaxMatch_Positive_Concrete","0","MaxMatch","build","kiss","build-kiss","ConcreteMatch","PositiveMatch"
"59","616d94407f0e63a61e856056","control_MaxMatch_Negative_Abstract","0","MaxMatch","obsess","scorn","obsess-scorn","AbstractMatch","NegativeMatch"
"60","616d94407f0e63a61e856056","test_ValenceMatch_Positive","0","ValenceMatchingOnly","cook","believe","cook-believe","ConcreteMismatch","PositiveMatch"
"61","616d94407f0e63a61e856056","control_MaxMismatch","0","MaxMismatch","scorn","fulfill","scorn-fulfill","AbstractMismatch","NegativeMismatch"
"62","616d94407f0e63a61e856056","control_MaxMatch_Negative_Concrete","0","MaxMatch","kill","puke","kill-puke","ConcreteMatch","NegativeMatch"
"63","616d94407f0e63a61e856056","control_Dissimilar","0","DissimilarControl","rise","fall","rise-fall","",""
"64","616d94407f0e63a61e856056","control_Similar","99","SimilarControl","buy","purchase","buy-purchase","",""
"65","616d94407f0e63a61e856056","test_ConceptualMatch_Concrete","0","ConceptualMatchingOnly","running","scratch","running-scratch","ConceptualMatch:concrete","PositiveMismatch"
"66","5eb29a3db97d6b0008d24a1a","control_Similar","88","SimilarControl","get","obtain","get-obtain","",""
"67","5eb29a3db97d6b0008d24a1a","control_Dissimilar","0","DissimilarControl","enter","exit","enter-exit","",""
"68","5eb29a3db97d6b0008d24a1a","test_ValenceMatch_Positive","17","ValenceMatchingOnly","hug","believe","hug-believe","ConcreteMismatch","PositiveMatch"
"69","5eb29a3db97d6b0008d24a1a","test_ConceptualMatch_Concrete","34","ConceptualMatchingOnly","sail","bleed","sail-bleed","ConceptualMatch:concrete","PositiveMismatch"
"70","5eb29a3db97d6b0008d24a1a","control_MaxMismatch","25","MaxMismatch","obsess","respect","obsess-respect","AbstractMismatch","NegativeMismatch"
"71","5eb29a3db97d6b0008d24a1a","test_ConceptualMatch_Abstract","13","ConceptualMatchingOnly","scorn","esteem","scorn-esteem","ConceptualMatch:abstract","NegativeMismatch"
"72","5eb29a3db97d6b0008d24a1a","control_MaxMatch_Positive_Concrete","42","MaxMatch","sail","swing","sail-swing","ConcreteMatch","PositiveMatch"
"73","5eb29a3db97d6b0008d24a1a","control_MaxMatch_Negative_Concrete","28","MaxMatch","kill","spit","kill-spit","ConcreteMatch","NegativeMatch"
"74","5eb29a3db97d6b0008d24a1a","control_Similar","86","SimilarControl","ask","inquire","ask-inquire","",""
"75","5eb29a3db97d6b0008d24a1a","control_MaxMatch_Positive_Abstract","60","MaxMatch","imagine","justify","imagine-justify","AbstractMatch","PositiveMatch"
"76","5eb29a3db97d6b0008d24a1a","test_ValenceMatch_Negative","27","ValenceMatchingOnly","slap","obsess","slap-obsess","ConcreteMismatch","NegativeMatch"
"77","5eb29a3db97d6b0008d24a1a","control_Dissimilar","1","DissimilarControl","add","remove","add-remove","",""
"78","5eb29a3db97d6b0008d24a1a","control_MaxMatch_Negative_Abstract","62","MaxMatch","befall","criticize","befall-criticize","AbstractMatch","NegativeMatch"
"79","5eb29a3db97d6b0008d24a1a","control_Similar","85","SimilarControl","show","display","show-display","",""
"80","5eb29a3db97d6b0008d24a1a","control_Dissimilar","0","DissimilarControl","begin","end","begin-end","",""
"81","5eb29a3db97d6b0008d24a1a","test_ValenceMatch_Positive","39","ValenceMatchingOnly","cook","believe","cook-believe","ConcreteMismatch","PositiveMatch"
"82","5eb29a3db97d6b0008d24a1a","test_ConceptualMatch_Concrete","8","ConceptualMatchingOnly","build","kill","build-kill","ConceptualMatch:concrete","PositiveMismatch"
"83","5eb29a3db97d6b0008d24a1a","control_MaxMismatch","22","MaxMismatch","resent","imagine","resent-imagine","AbstractMismatch","NegativeMismatch"
"84","5eb29a3db97d6b0008d24a1a","test_ConceptualMatch_Abstract","18","ConceptualMatchingOnly","resent","believe","resent-believe","ConceptualMatch:abstract","NegativeMismatch"
"85","5eb29a3db97d6b0008d24a1a","control_MaxMatch_Positive_Concrete","58","MaxMatch","kiss","smile","kiss-smile","ConcreteMatch","PositiveMatch"
"86","5eb29a3db97d6b0008d24a1a","control_MaxMatch_Negative_Concrete","38","MaxMatch","murder","scratch","murder-scratch","ConcreteMatch","NegativeMatch"
"87","5eb29a3db97d6b0008d24a1a","control_Similar","85","SimilarControl","need","require","need-require","",""
"88","5eb29a3db97d6b0008d24a1a","control_MaxMatch_Positive_Abstract","60","MaxMatch","cherish","hope","cherish-hope","AbstractMatch","PositiveMatch"
"89","5eb29a3db97d6b0008d24a1a","test_ValenceMatch_Negative","54","ValenceMatchingOnly","bleed","violate","bleed-violate","ConcreteMismatch","NegativeMatch"
"90","5eb29a3db97d6b0008d24a1a","control_Dissimilar","1","DissimilarControl","come","go","come-go","",""
"91","5eb29a3db97d6b0008d24a1a","control_MaxMatch_Negative_Abstract","55","MaxMatch","loathe","violate","loathe-violate","AbstractMatch","NegativeMatch"
"92","5eb29a3db97d6b0008d24a1a","control_Similar","83","SimilarControl","use","employ","use-employ","",""
"93","5eb29a3db97d6b0008d24a1a","control_Dissimilar","0","DissimilarControl","push","pull","push-pull","",""
"94","5eb29a3db97d6b0008d24a1a","test_ValenceMatch_Positive","40","ValenceMatchingOnly","sail","imagine","sail-imagine","ConcreteMismatch","PositiveMatch"
"95","5eb29a3db97d6b0008d24a1a","test_ConceptualMatch_Concrete","28","ConceptualMatchingOnly","hug","bleed","hug-bleed","ConceptualMatch:concrete","PositiveMismatch"
"96","5eb29a3db97d6b0008d24a1a","control_MaxMismatch","9","MaxMismatch","annoy","fulfill","annoy-fulfill","AbstractMismatch","NegativeMismatch"
"97","5eb29a3db97d6b0008d24a1a","test_ConceptualMatch_Abstract","11","ConceptualMatchingOnly","annoy","cherish","annoy-cherish","ConceptualMatch:abstract","NegativeMismatch"
"98","5eb29a3db97d6b0008d24a1a","control_MaxMatch_Positive_Concrete","14","MaxMatch","cook","swing","cook-swing","ConcreteMatch","PositiveMatch"
"99","5eb29a3db97d6b0008d24a1a","control_MaxMatch_Negative_Concrete","61","MaxMatch","scratch","stab","scratch-stab","ConcreteMatch","NegativeMatch"
"100","5eb29a3db97d6b0008d24a1a","control_Similar","99","SimilarControl","end","finish","end-finish","",""
"101","5eb29a3db97d6b0008d24a1a","control_MaxMatch_Positive_Abstract","56","MaxMatch","hope","respect","hope-respect","AbstractMatch","PositiveMatch"
"102","5eb29a3db97d6b0008d24a1a","test_ValenceMatch_Negative","55","ValenceMatchingOnly","vomit","loathe","vomit-loathe","ConcreteMismatch","NegativeMatch"
"103","5eb29a3db97d6b0008d24a1a","control_Dissimilar","2","DissimilarControl","open","close","open-close","",""
"104","5eb29a3db97d6b0008d24a1a","control_MaxMatch_Negative_Abstract","62","MaxMatch","annoy","violate","annoy-violate","AbstractMatch","NegativeMatch"
"105","5eb29a3db97d6b0008d24a1a","control_Similar","87","SimilarControl","help","assist","help-assist","",""
"106","5eb29a3db97d6b0008d24a1a","control_Dissimilar","0","DissimilarControl","give","take","give-take","",""
"107","5eb29a3db97d6b0008d24a1a","test_ValenceMatch_Positive","39","ValenceMatchingOnly","running","enlighten","running-enlighten","ConcreteMismatch","PositiveMatch"
"108","5eb29a3db97d6b0008d24a1a","test_ConceptualMatch_Concrete","16","ConceptualMatchingOnly","smile","spit","smile-spit","ConceptualMatch:concrete","PositiveMismatch"
"109","5eb29a3db97d6b0008d24a1a","control_MaxMismatch","15","MaxMismatch","violate","enlighten","violate-enlighten","AbstractMismatch","NegativeMismatch"
"110","5eb29a3db97d6b0008d24a1a","test_ConceptualMatch_Abstract","8","ConceptualMatchingOnly","loathe","hope","loathe-hope","ConceptualMatch:abstract","NegativeMismatch"
"111","5eb29a3db97d6b0008d24a1a","control_MaxMatch_Positive_Concrete","27","MaxMatch","eat","sail","eat-sail","ConcreteMatch","PositiveMatch"
"112","5eb29a3db97d6b0008d24a1a","control_MaxMatch_Negative_Concrete","52","MaxMatch","smack","spit","smack-spit","ConcreteMatch","NegativeMatch"
"113","5eb29a3db97d6b0008d24a1a","control_Similar","87","SimilarControl","speak","talk","speak-talk","",""
"114","5eb29a3db97d6b0008d24a1a","control_MaxMatch_Positive_Abstract","63","MaxMatch","enlighten","cherish","enlighten-cherish","AbstractMatch","PositiveMatch"
"115","5eb29a3db97d6b0008d24a1a","test_ValenceMatch_Negative","66","ValenceMatchingOnly","stab","violate","stab-violate","ConcreteMismatch","NegativeMatch"
"116","5eb29a3db97d6b0008d24a1a","control_Dissimilar","0","DissimilarControl","rise","fall","rise-fall","",""
"117","5eb29a3db97d6b0008d24a1a","control_MaxMatch_Negative_Abstract","54","MaxMatch","annoy","scorn","annoy-scorn","AbstractMatch","NegativeMatch"
"118","5eb29a3db97d6b0008d24a1a","control_Similar","94","SimilarControl","begin","start","begin-start","",""
"119","5eb29a3db97d6b0008d24a1a","control_Dissimilar","0","DissimilarControl","increase","decrease","increase-decrease","",""
"120","5eb29a3db97d6b0008d24a1a","test_ValenceMatch_Positive","58","ValenceMatchingOnly","kiss","justify","kiss-justify","ConcreteMismatch","PositiveMatch"
"121","5eb29a3db97d6b0008d24a1a","test_ConceptualMatch_Concrete","43","ConceptualMatchingOnly","eat","stab","eat-stab","ConceptualMatch:concrete","PositiveMismatch"
"122","5eb29a3db97d6b0008d24a1a","control_MaxMismatch","11","MaxMismatch","scorn","believe","scorn-believe","AbstractMismatch","NegativeMismatch"
"123","5eb29a3db97d6b0008d24a1a","test_ConceptualMatch_Abstract","11","ConceptualMatchingOnly","loathe","justify","loathe-justify","ConceptualMatch:abstract","NegativeMismatch"
"124","5eb29a3db97d6b0008d24a1a","control_MaxMatch_Positive_Concrete","32","MaxMatch","build","sail","build-sail","ConcreteMatch","PositiveMatch"
"125","5eb29a3db97d6b0008d24a1a","control_MaxMatch_Negative_Concrete","55","MaxMatch","bleed","puke","bleed-puke","ConcreteMatch","NegativeMatch"
"126","5eb29a3db97d6b0008d24a1a","control_Similar","94","SimilarControl","buy","purchase","buy-purchase","",""
"127","5eb29a3db97d6b0008d24a1a","control_MaxMatch_Positive_Abstract","77","MaxMatch","imagine","believe","imagine-believe","AbstractMatch","PositiveMatch"
"128","5eb29a3db97d6b0008d24a1a","test_ValenceMatch_Negative","47","ValenceMatchingOnly","scratch","befall","scratch-befall","ConcreteMismatch","NegativeMatch"
"129","5eb29a3db97d6b0008d24a1a","control_Dissimilar","0","DissimilarControl","arrive","leave","arrive-leave","",""
"130","5eb29a3db97d6b0008d24a1a","control_MaxMatch_Negative_Abstract","41","MaxMatch","exploit","obsess","exploit-obsess","AbstractMatch","NegativeMatch"
"131","6734ab83047e85e2f8795acb","control_Similar","99","SimilarControl","begin","start","begin-start","",""
"132","6734ab83047e85e2f8795acb","control_Dissimilar","0","DissimilarControl","add","remove","add-remove","",""
"133","6734ab83047e85e2f8795acb","test_ValenceMatch_Negative","0","ValenceMatchingOnly","stab","obsess","stab-obsess","ConcreteMismatch","NegativeMatch"
"134","6734ab83047e85e2f8795acb","test_ConceptualMatch_Concrete","31","ConceptualMatchingOnly","eat","kill","eat-kill","ConceptualMatch:concrete","PositiveMismatch"
"135","6734ab83047e85e2f8795acb","test_ConceptualMatch_Abstract","0","ConceptualMatchingOnly","loathe","fulfill","loathe-fulfill","ConceptualMatch:abstract","NegativeMismatch"
"136","6734ab83047e85e2f8795acb","control_MaxMatch_Negative_Abstract","79","MaxMatch","annoy","scorn","annoy-scorn","AbstractMatch","NegativeMatch"
"137","6734ab83047e85e2f8795acb","control_MaxMatch_Negative_Concrete","30","MaxMatch","scratch","smack","scratch-smack","ConcreteMatch","NegativeMatch"
"138","6734ab83047e85e2f8795acb","control_Similar","99","SimilarControl","end","finish","end-finish","",""
"139","6734ab83047e85e2f8795acb","control_MaxMatch_Positive_Concrete","0","MaxMatch","eat","smile","eat-smile","ConcreteMatch","PositiveMatch"
"140","6734ab83047e85e2f8795acb","control_Dissimilar","0","DissimilarControl","arrive","leave","arrive-leave","",""
"141","6734ab83047e85e2f8795acb","control_MaxMatch_Positive_Abstract","30","MaxMatch","admired","justify","admired-justify","AbstractMatch","PositiveMatch"
"142","6734ab83047e85e2f8795acb","test_ValenceMatch_Positive","0","ValenceMatchingOnly","cuddle","believe","cuddle-believe","ConcreteMismatch","PositiveMatch"
"143","6734ab83047e85e2f8795acb","control_MaxMismatch","0","MaxMismatch","loathe","fulfill","loathe-fulfill","AbstractMismatch","NegativeMismatch"
"144","6734ab83047e85e2f8795acb","control_Similar","89","SimilarControl","use","employ","use-employ","",""
"145","6734ab83047e85e2f8795acb","control_Dissimilar","0","DissimilarControl","open","close","open-close","",""
"146","6734ab83047e85e2f8795acb","test_ValenceMatch_Negative","0","ValenceMatchingOnly","kill","obsess","kill-obsess","ConcreteMismatch","NegativeMatch"
"147","6734ab83047e85e2f8795acb","test_ConceptualMatch_Concrete","0","ConceptualMatchingOnly","kiss","spit","kiss-spit","ConceptualMatch:concrete","PositiveMismatch"
"148","6734ab83047e85e2f8795acb","test_ConceptualMatch_Abstract","0","ConceptualMatchingOnly","annoy","enlighten","annoy-enlighten","ConceptualMatch:abstract","NegativeMismatch"
"149","6734ab83047e85e2f8795acb","control_MaxMatch_Negative_Abstract","99","MaxMatch","loathe","resent","loathe-resent","AbstractMatch","NegativeMatch"
"150","6734ab83047e85e2f8795acb","control_MaxMatch_Negative_Concrete","0","MaxMatch","stab","vomit","stab-vomit","ConcreteMatch","NegativeMatch"
"151","6734ab83047e85e2f8795acb","control_Similar","99","SimilarControl","buy","purchase","buy-purchase","",""
"152","6734ab83047e85e2f8795acb","control_MaxMatch_Positive_Concrete","82","MaxMatch","cuddle","hug","cuddle-hug","ConcreteMatch","PositiveMatch"
"153","6734ab83047e85e2f8795acb","control_Dissimilar","0","DissimilarControl","enter","exit","enter-exit","",""
"154","6734ab83047e85e2f8795acb","control_MaxMatch_Positive_Abstract","63","MaxMatch","hope","fulfill","hope-fulfill","AbstractMatch","PositiveMatch"
"155","6734ab83047e85e2f8795acb","test_ValenceMatch_Positive","0","ValenceMatchingOnly","eat","enlighten","eat-enlighten","ConcreteMismatch","PositiveMatch"
"156","6734ab83047e85e2f8795acb","control_MaxMismatch","0","MaxMismatch","worry","believe","worry-believe","AbstractMismatch","NegativeMismatch"
"157","6734ab83047e85e2f8795acb","control_Similar","99","SimilarControl","get","obtain","get-obtain","",""
"158","6734ab83047e85e2f8795acb","control_Dissimilar","0","DissimilarControl","give","take","give-take","",""
"159","6734ab83047e85e2f8795acb","test_ValenceMatch_Negative","0","ValenceMatchingOnly","smack","befall","smack-befall","ConcreteMismatch","NegativeMatch"
"160","6734ab83047e85e2f8795acb","test_ConceptualMatch_Concrete","0","ConceptualMatchingOnly","hug","murder","hug-murder","ConceptualMatch:concrete","PositiveMismatch"
"161","6734ab83047e85e2f8795acb","test_ConceptualMatch_Abstract","0","ConceptualMatchingOnly","worry","believe","worry-believe","ConceptualMatch:abstract","NegativeMismatch"
"162","6734ab83047e85e2f8795acb","control_MaxMatch_Negative_Abstract","32","MaxMatch","exploit","loathe","exploit-loathe","AbstractMatch","NegativeMatch"
"163","6734ab83047e85e2f8795acb","control_MaxMatch_Negative_Concrete","0","MaxMatch","puke","stab","puke-stab","ConcreteMatch","NegativeMatch"
"164","6734ab83047e85e2f8795acb","control_Similar","99","SimilarControl","help","assist","help-assist","",""
"165","6734ab83047e85e2f8795acb","control_MaxMatch_Positive_Concrete","0","MaxMatch","eat","hug","eat-hug","ConcreteMatch","PositiveMatch"
"166","6734ab83047e85e2f8795acb","control_Dissimilar","0","DissimilarControl","increase","decrease","increase-decrease","",""
"167","6734ab83047e85e2f8795acb","control_MaxMatch_Positive_Abstract","0","MaxMatch","enlighten","believe","enlighten-believe","AbstractMatch","PositiveMatch"
"168","6734ab83047e85e2f8795acb","test_ValenceMatch_Positive","0","ValenceMatchingOnly","hug","admired","hug-admired","ConcreteMismatch","PositiveMatch"
"169","6734ab83047e85e2f8795acb","control_MaxMismatch","0","MaxMismatch","resent","hope","resent-hope","AbstractMismatch","NegativeMismatch"
"170","6734ab83047e85e2f8795acb","control_Similar","99","SimilarControl","need","require","need-require","",""
"171","6734ab83047e85e2f8795acb","control_Dissimilar","0","DissimilarControl","push","pull","push-pull","",""
"172","6734ab83047e85e2f8795acb","test_ValenceMatch_Negative","0","ValenceMatchingOnly","scratch","obsess","scratch-obsess","ConcreteMismatch","NegativeMatch"
"173","6734ab83047e85e2f8795acb","test_ConceptualMatch_Concrete","0","ConceptualMatchingOnly","swing","puke","swing-puke","ConceptualMatch:concrete","PositiveMismatch"
"174","6734ab83047e85e2f8795acb","test_ConceptualMatch_Abstract","0","ConceptualMatchingOnly","obsess","hope","obsess-hope","ConceptualMatch:abstract","NegativeMismatch"
"175","6734ab83047e85e2f8795acb","control_MaxMatch_Negative_Abstract","0","MaxMatch","loathe","violate","loathe-violate","AbstractMatch","NegativeMatch"
"176","6734ab83047e85e2f8795acb","control_MaxMatch_Negative_Concrete","0","MaxMatch","scratch","spit","scratch-spit","ConcreteMatch","NegativeMatch"
"177","6734ab83047e85e2f8795acb","control_Similar","99","SimilarControl","speak","talk","speak-talk","",""
"178","6734ab83047e85e2f8795acb","control_MaxMatch_Positive_Concrete","0","MaxMatch","cuddle","smile","cuddle-smile","ConcreteMatch","PositiveMatch"
"179","6734ab83047e85e2f8795acb","control_Dissimilar","0","DissimilarControl","come","go","come-go","",""
"180","6734ab83047e85e2f8795acb","control_MaxMatch_Positive_Abstract","0","MaxMatch","imagine","fulfill","imagine-fulfill","AbstractMatch","PositiveMatch"
"181","6734ab83047e85e2f8795acb","test_ValenceMatch_Positive","0","ValenceMatchingOnly","kiss","believe","kiss-believe","ConcreteMismatch","PositiveMatch"
"182","6734ab83047e85e2f8795acb","control_MaxMismatch","0","MaxMismatch","violate","cherish","violate-cherish","AbstractMismatch","NegativeMismatch"
"183","6734ab83047e85e2f8795acb","control_Similar","99","SimilarControl","show","display","show-display","",""
"184","6734ab83047e85e2f8795acb","control_Dissimilar","0","DissimilarControl","rise","fall","rise-fall","",""
"185","6734ab83047e85e2f8795acb","test_ValenceMatch_Negative","0","ValenceMatchingOnly","scratch","exploit","scratch-exploit","ConcreteMismatch","NegativeMatch"
"186","6734ab83047e85e2f8795acb","test_ConceptualMatch_Concrete","0","ConceptualMatchingOnly","build","smack","build-smack","ConceptualMatch:concrete","PositiveMismatch"
"187","6734ab83047e85e2f8795acb","test_ConceptualMatch_Abstract","0","ConceptualMatchingOnly","scorn","believe","scorn-believe","ConceptualMatch:abstract","NegativeMismatch"
"188","6734ab83047e85e2f8795acb","control_MaxMatch_Negative_Abstract","0","MaxMatch","annoy","obsess","annoy-obsess","AbstractMatch","NegativeMatch"
"189","6734ab83047e85e2f8795acb","control_MaxMatch_Negative_Concrete","16","MaxMatch","scratch","stab","scratch-stab","ConcreteMatch","NegativeMatch"
"190","6734ab83047e85e2f8795acb","control_Similar","99","SimilarControl","ask","inquire","ask-inquire","",""
"191","6734ab83047e85e2f8795acb","control_MaxMatch_Positive_Concrete","0","MaxMatch","eat","kiss","eat-kiss","ConcreteMatch","PositiveMatch"
"192","6734ab83047e85e2f8795acb","control_Dissimilar","0","DissimilarControl","begin","end","begin-end","",""
"193","6734ab83047e85e2f8795acb","control_MaxMatch_Positive_Abstract","0","MaxMatch","believe","fulfill","believe-fulfill","AbstractMatch","PositiveMatch"
"194","6734ab83047e85e2f8795acb","test_ValenceMatch_Positive","0","ValenceMatchingOnly","swing","justify","swing-justify","ConcreteMismatch","PositiveMatch"
"195","6734ab83047e85e2f8795acb","control_MaxMismatch","0","MaxMismatch","exploit","cherish","exploit-cherish","AbstractMismatch","NegativeMismatch"
"196","65da5ea53cf757c346ee5b18","control_Dissimilar","17","DissimilarControl","enter","exit","enter-exit","",""
"197","65da5ea53cf757c346ee5b18","control_Similar","66","SimilarControl","begin","start","begin-start","",""
"198","65da5ea53cf757c346ee5b18","control_MaxMatch_Negative_Abstract","60","MaxMatch","criticize","obsess","criticize-obsess","AbstractMatch","NegativeMatch"
"199","65da5ea53cf757c346ee5b18","control_Dissimilar","28","DissimilarControl","rise","fall","rise-fall","",""
"200","65da5ea53cf757c346ee5b18","control_MaxMismatch","36","MaxMismatch","violate","enlighten","violate-enlighten","AbstractMismatch","NegativeMismatch"
"201","65da5ea53cf757c346ee5b18","test_ConceptualMatch_Abstract","44","ConceptualMatchingOnly","befall","admired","befall-admired","ConceptualMatch:abstract","NegativeMismatch"
"202","65da5ea53cf757c346ee5b18","control_MaxMatch_Negative_Concrete","55","MaxMatch","bleed","spit","bleed-spit","ConcreteMatch","NegativeMatch"
"203","65da5ea53cf757c346ee5b18","control_MaxMatch_Positive_Abstract","59","MaxMatch","imagine","hope","imagine-hope","AbstractMatch","PositiveMatch"
"204","65da5ea53cf757c346ee5b18","control_MaxMatch_Positive_Concrete","55","MaxMatch","kiss","swing","kiss-swing","ConcreteMatch","PositiveMatch"
"205","65da5ea53cf757c346ee5b18","control_Similar","85","SimilarControl","ask","inquire","ask-inquire","",""
"206","65da5ea53cf757c346ee5b18","test_ConceptualMatch_Concrete","36","ConceptualMatchingOnly","cuddle","bleed","cuddle-bleed","ConceptualMatch:concrete","PositiveMismatch"
"207","65da5ea53cf757c346ee5b18","test_ValenceMatch_Positive","55","ValenceMatchingOnly","cuddle","imagine","cuddle-imagine","ConcreteMismatch","PositiveMatch"
"208","65da5ea53cf757c346ee5b18","test_ValenceMatch_Negative","53","ValenceMatchingOnly","smack","exploit","smack-exploit","ConcreteMismatch","NegativeMatch"
"209","65da5ea53cf757c346ee5b18","control_Dissimilar","21","DissimilarControl","arrive","leave","arrive-leave","",""
"210","65da5ea53cf757c346ee5b18","control_Similar","66","SimilarControl","end","finish","end-finish","",""
"211","65da5ea53cf757c346ee5b18","control_MaxMatch_Negative_Abstract","66","MaxMatch","criticize","violate","criticize-violate","AbstractMatch","NegativeMatch"
"212","65da5ea53cf757c346ee5b18","control_Dissimilar","37","DissimilarControl","begin","end","begin-end","",""
"213","65da5ea53cf757c346ee5b18","control_MaxMismatch","37","MaxMismatch","worry","fulfill","worry-fulfill","AbstractMismatch","NegativeMismatch"
"214","65da5ea53cf757c346ee5b18","test_ConceptualMatch_Abstract","40","ConceptualMatchingOnly","befall","justify","befall-justify","ConceptualMatch:abstract","NegativeMismatch"
"215","65da5ea53cf757c346ee5b18","control_MaxMatch_Negative_Concrete","60","MaxMatch","bleed","slap","bleed-slap","ConcreteMatch","NegativeMatch"
"216","65da5ea53cf757c346ee5b18","control_MaxMatch_Positive_Abstract","31","MaxMatch","fulfill","respect","fulfill-respect","AbstractMatch","PositiveMatch"
"217","65da5ea53cf757c346ee5b18","control_MaxMatch_Positive_Concrete","40","MaxMatch","sail","smile","sail-smile","ConcreteMatch","PositiveMatch"
"218","65da5ea53cf757c346ee5b18","control_Similar","67","SimilarControl","need","require","need-require","",""
"219","65da5ea53cf757c346ee5b18","test_ConceptualMatch_Concrete","63","ConceptualMatchingOnly","eat","murder","eat-murder","ConceptualMatch:concrete","PositiveMismatch"
"220","65da5ea53cf757c346ee5b18","test_ValenceMatch_Positive","62","ValenceMatchingOnly","eat","cherish","eat-cherish","ConcreteMismatch","PositiveMatch"
"221","65da5ea53cf757c346ee5b18","test_ValenceMatch_Negative","65","ValenceMatchingOnly","stab","scorn","stab-scorn","ConcreteMismatch","NegativeMatch"
"222","65da5ea53cf757c346ee5b18","control_Dissimilar","21","DissimilarControl","open","close","open-close","",""
"223","65da5ea53cf757c346ee5b18","control_Similar","65","SimilarControl","get","obtain","get-obtain","",""
"224","65da5ea53cf757c346ee5b18","control_MaxMatch_Negative_Abstract","65","MaxMatch","befall","exploit","befall-exploit","AbstractMatch","NegativeMatch"
"225","65da5ea53cf757c346ee5b18","control_Dissimilar","1","DissimilarControl","push","pull","push-pull","",""
"226","65da5ea53cf757c346ee5b18","control_MaxMismatch","27","MaxMismatch","resent","enlighten","resent-enlighten","AbstractMismatch","NegativeMismatch"
"227","65da5ea53cf757c346ee5b18","test_ConceptualMatch_Abstract","25","ConceptualMatchingOnly","annoy","hope","annoy-hope","ConceptualMatch:abstract","NegativeMismatch"
"228","65da5ea53cf757c346ee5b18","control_MaxMatch_Negative_Concrete","63","MaxMatch","murder","puke","murder-puke","ConcreteMatch","NegativeMatch"
"229","65da5ea53cf757c346ee5b18","control_MaxMatch_Positive_Abstract","66","MaxMatch","cherish","justify","cherish-justify","AbstractMatch","PositiveMatch"
"230","65da5ea53cf757c346ee5b18","control_MaxMatch_Positive_Concrete","71","MaxMatch","cook","eat","cook-eat","ConcreteMatch","PositiveMatch"
"231","65da5ea53cf757c346ee5b18","control_Similar","72","SimilarControl","use","employ","use-employ","",""
"232","65da5ea53cf757c346ee5b18","test_ConceptualMatch_Concrete","61","ConceptualMatchingOnly","running","puke","running-puke","ConceptualMatch:concrete","PositiveMismatch"
"233","65da5ea53cf757c346ee5b18","test_ValenceMatch_Positive","57","ValenceMatchingOnly","cuddle","enlighten","cuddle-enlighten","ConcreteMismatch","PositiveMatch"
"234","65da5ea53cf757c346ee5b18","test_ValenceMatch_Negative","61","ValenceMatchingOnly","murder","loathe","murder-loathe","ConcreteMismatch","NegativeMatch"
"235","65da5ea53cf757c346ee5b18","control_Dissimilar","20","DissimilarControl","add","remove","add-remove","",""
"236","65da5ea53cf757c346ee5b18","control_Similar","80","SimilarControl","buy","purchase","buy-purchase","",""
"237","65da5ea53cf757c346ee5b18","control_MaxMatch_Negative_Abstract","24","MaxMatch","loathe","obsess","loathe-obsess","AbstractMatch","NegativeMatch"
"238","65da5ea53cf757c346ee5b18","control_Dissimilar","67","DissimilarControl","come","go","come-go","",""
"239","65da5ea53cf757c346ee5b18","control_MaxMismatch","31","MaxMismatch","worry","believe","worry-believe","AbstractMismatch","NegativeMismatch"
"240","65da5ea53cf757c346ee5b18","test_ConceptualMatch_Abstract","29","ConceptualMatchingOnly","worry","fulfill","worry-fulfill","ConceptualMatch:abstract","NegativeMismatch"
"241","65da5ea53cf757c346ee5b18","control_MaxMatch_Negative_Concrete","83","MaxMatch","bleed","kill","bleed-kill","ConcreteMatch","NegativeMatch"
"242","65da5ea53cf757c346ee5b18","control_MaxMatch_Positive_Abstract","74","MaxMatch","hope","justify","hope-justify","AbstractMatch","PositiveMatch"
"243","65da5ea53cf757c346ee5b18","control_MaxMatch_Positive_Concrete","58","MaxMatch","running","sail","running-sail","ConcreteMatch","PositiveMatch"
"244","65da5ea53cf757c346ee5b18","control_Similar","75","SimilarControl","speak","talk","speak-talk","",""
"245","65da5ea53cf757c346ee5b18","test_ConceptualMatch_Concrete","64","ConceptualMatchingOnly","eat","puke","eat-puke","ConceptualMatch:concrete","PositiveMismatch"
"246","65da5ea53cf757c346ee5b18","test_ValenceMatch_Positive","84","ValenceMatchingOnly","eat","fulfill","eat-fulfill","ConcreteMismatch","PositiveMatch"
"247","65da5ea53cf757c346ee5b18","test_ValenceMatch_Negative","61","ValenceMatchingOnly","vomit","exploit","vomit-exploit","ConcreteMismatch","NegativeMatch"
"248","65da5ea53cf757c346ee5b18","control_Dissimilar","22","DissimilarControl","give","take","give-take","",""
"249","65da5ea53cf757c346ee5b18","control_Similar","91","SimilarControl","help","assist","help-assist","",""
"250","65da5ea53cf757c346ee5b18","control_MaxMatch_Negative_Abstract","70","MaxMatch","annoy","violate","annoy-violate","AbstractMatch","NegativeMatch"
"251","65da5ea53cf757c346ee5b18","control_Dissimilar","19","DissimilarControl","increase","decrease","increase-decrease","",""
"252","65da5ea53cf757c346ee5b18","control_MaxMismatch","19","MaxMismatch","worry","cherish","worry-cherish","AbstractMismatch","NegativeMismatch"
"253","65da5ea53cf757c346ee5b18","test_ConceptualMatch_Abstract","21","ConceptualMatchingOnly","resent","enlighten","resent-enlighten","ConceptualMatch:abstract","NegativeMismatch"
"254","65da5ea53cf757c346ee5b18","control_MaxMatch_Negative_Concrete","69","MaxMatch","murder","vomit","murder-vomit","ConcreteMatch","NegativeMatch"
"255","65da5ea53cf757c346ee5b18","control_MaxMatch_Positive_Abstract","65","MaxMatch","fulfill","esteem","fulfill-esteem","AbstractMatch","PositiveMatch"
"256","65da5ea53cf757c346ee5b18","control_MaxMatch_Positive_Concrete","75","MaxMatch","sail","swing","sail-swing","ConcreteMatch","PositiveMatch"
"257","65da5ea53cf757c346ee5b18","control_Similar","93","SimilarControl","show","display","show-display","",""
"258","65da5ea53cf757c346ee5b18","test_ConceptualMatch_Concrete","42","ConceptualMatchingOnly","sail","smack","sail-smack","ConceptualMatch:concrete","PositiveMismatch"
"259","65da5ea53cf757c346ee5b18","test_ValenceMatch_Positive","36","ValenceMatchingOnly","swing","esteem","swing-esteem","ConcreteMismatch","PositiveMatch"
"260","65da5ea53cf757c346ee5b18","test_ValenceMatch_Negative","58","ValenceMatchingOnly","kill","criticize","kill-criticize","ConcreteMismatch","NegativeMatch"
"261","6640be7edc706d4622dbab1c","control_Dissimilar","0","DissimilarControl","increase","decrease","increase-decrease","",""
"262","6640be7edc706d4622dbab1c","control_Similar","98","SimilarControl","end","finish","end-finish","",""
"263","6640be7edc706d4622dbab1c","control_MaxMatch_Negative_Concrete","7","MaxMatch","murder","slap","murder-slap","ConcreteMatch","NegativeMatch"
"264","6640be7edc706d4622dbab1c","test_ValenceMatch_Positive","19","ValenceMatchingOnly","cuddle","justify","cuddle-justify","ConcreteMismatch","PositiveMatch"
"265","6640be7edc706d4622dbab1c","control_Dissimilar","0","DissimilarControl","rise","fall","rise-fall","",""
"266","6640be7edc706d4622dbab1c","control_Similar","99","SimilarControl","show","display","show-display","",""
"267","6640be7edc706d4622dbab1c","test_ConceptualMatch_Concrete","0","ConceptualMatchingOnly","eat","vomit","eat-vomit","ConceptualMatch:concrete","PositiveMismatch"
"268","6640be7edc706d4622dbab1c","test_ConceptualMatch_Abstract","11","ConceptualMatchingOnly","violate","imagine","violate-imagine","ConceptualMatch:abstract","NegativeMismatch"
"269","6640be7edc706d4622dbab1c","control_MaxMatch_Positive_Concrete","12","MaxMatch","hug","swing","hug-swing","ConcreteMatch","PositiveMatch"
"270","6640be7edc706d4622dbab1c","control_MaxMismatch","0","MaxMismatch","criticize","admired","criticize-admired","AbstractMismatch","NegativeMismatch"
"271","6640be7edc706d4622dbab1c","control_MaxMatch_Positive_Abstract","99","MaxMatch","believe","fulfill","believe-fulfill","AbstractMatch","PositiveMatch"
"272","6640be7edc706d4622dbab1c","control_MaxMatch_Negative_Abstract","98","MaxMatch","exploit","loathe","exploit-loathe","AbstractMatch","NegativeMatch"
"273","6640be7edc706d4622dbab1c","test_ValenceMatch_Negative","56","ValenceMatchingOnly","scratch","criticize","scratch-criticize","ConcreteMismatch","NegativeMatch"
"274","6640be7edc706d4622dbab1c","control_Dissimilar","0","DissimilarControl","arrive","leave","arrive-leave","",""
"275","6640be7edc706d4622dbab1c","control_Similar","99","SimilarControl","buy","purchase","buy-purchase","",""
"276","6640be7edc706d4622dbab1c","control_MaxMatch_Negative_Concrete","75","MaxMatch","spit","vomit","spit-vomit","ConcreteMatch","NegativeMatch"
"277","6640be7edc706d4622dbab1c","test_ValenceMatch_Positive","93","ValenceMatchingOnly","smile","enlighten","smile-enlighten","ConcreteMismatch","PositiveMatch"
"278","6640be7edc706d4622dbab1c","control_Dissimilar","0","DissimilarControl","push","pull","push-pull","",""
"279","6640be7edc706d4622dbab1c","control_Similar","99","SimilarControl","help","assist","help-assist","",""
"280","6640be7edc706d4622dbab1c","test_ConceptualMatch_Concrete","0","ConceptualMatchingOnly","cuddle","murder","cuddle-murder","ConceptualMatch:concrete","PositiveMismatch"
"281","6640be7edc706d4622dbab1c","test_ConceptualMatch_Abstract","0","ConceptualMatchingOnly","exploit","admired","exploit-admired","ConceptualMatch:abstract","NegativeMismatch"
"282","6640be7edc706d4622dbab1c","control_MaxMatch_Positive_Concrete","47","MaxMatch","build","kiss","build-kiss","ConcreteMatch","PositiveMatch"
"283","6640be7edc706d4622dbab1c","control_MaxMismatch","2","MaxMismatch","befall","enlighten","befall-enlighten","AbstractMismatch","NegativeMismatch"
"284","6640be7edc706d4622dbab1c","control_MaxMatch_Positive_Abstract","99","MaxMatch","admired","hope","admired-hope","AbstractMatch","PositiveMatch"
"285","6640be7edc706d4622dbab1c","control_MaxMatch_Negative_Abstract","71","MaxMatch","violate","worry","violate-worry","AbstractMatch","NegativeMatch"
"286","6640be7edc706d4622dbab1c","test_ValenceMatch_Negative","63","ValenceMatchingOnly","stab","exploit","stab-exploit","ConcreteMismatch","NegativeMatch"
"287","6640be7edc706d4622dbab1c","control_Dissimilar","0","DissimilarControl","enter","exit","enter-exit","",""
"288","6640be7edc706d4622dbab1c","control_Similar","99","SimilarControl","get","obtain","get-obtain","",""
"289","6640be7edc706d4622dbab1c","control_MaxMatch_Negative_Concrete","24","MaxMatch","kill","spit","kill-spit","ConcreteMatch","NegativeMatch"
"290","6640be7edc706d4622dbab1c","test_ValenceMatch_Positive","51","ValenceMatchingOnly","hug","imagine","hug-imagine","ConcreteMismatch","PositiveMatch"
"291","6640be7edc706d4622dbab1c","control_Dissimilar","0","DissimilarControl","come","go","come-go","",""
"292","6640be7edc706d4622dbab1c","control_Similar","99","SimilarControl","need","require","need-require","",""
"293","6640be7edc706d4622dbab1c","test_ConceptualMatch_Concrete","0","ConceptualMatchingOnly","smile","murder","smile-murder","ConceptualMatch:concrete","PositiveMismatch"
"294","6640be7edc706d4622dbab1c","test_ConceptualMatch_Abstract","0","ConceptualMatchingOnly","annoy","enlighten","annoy-enlighten","ConceptualMatch:abstract","NegativeMismatch"
"295","6640be7edc706d4622dbab1c","control_MaxMatch_Positive_Concrete","51","MaxMatch","cuddle","sail","cuddle-sail","ConcreteMatch","PositiveMatch"
"296","6640be7edc706d4622dbab1c","control_MaxMismatch","0","MaxMismatch","exploit","enlighten","exploit-enlighten","AbstractMismatch","NegativeMismatch"
"297","6640be7edc706d4622dbab1c","control_MaxMatch_Positive_Abstract","79","MaxMatch","hope","esteem","hope-esteem","AbstractMatch","PositiveMatch"
"298","6640be7edc706d4622dbab1c","control_MaxMatch_Negative_Abstract","68","MaxMatch","befall","obsess","befall-obsess","AbstractMatch","NegativeMatch"
"299","6640be7edc706d4622dbab1c","test_ValenceMatch_Negative","46","ValenceMatchingOnly","puke","resent","puke-resent","ConcreteMismatch","NegativeMatch"
"300","6640be7edc706d4622dbab1c","control_Dissimilar","0","DissimilarControl","add","remove","add-remove","",""
"301","6640be7edc706d4622dbab1c","control_Similar","99","SimilarControl","begin","start","begin-start","",""
"302","6640be7edc706d4622dbab1c","control_MaxMatch_Negative_Concrete","79","MaxMatch","scratch","smack","scratch-smack","ConcreteMatch","NegativeMatch"
"303","6640be7edc706d4622dbab1c","test_ValenceMatch_Positive","88","ValenceMatchingOnly","build","believe","build-believe","ConcreteMismatch","PositiveMatch"
"304","6640be7edc706d4622dbab1c","control_Dissimilar","0","DissimilarControl","give","take","give-take","",""
"305","6640be7edc706d4622dbab1c","control_Similar","99","SimilarControl","use","employ","use-employ","",""
"306","6640be7edc706d4622dbab1c","test_ConceptualMatch_Concrete","35","ConceptualMatchingOnly","smile","scratch","smile-scratch","ConceptualMatch:concrete","PositiveMismatch"
"307","6640be7edc706d4622dbab1c","test_ConceptualMatch_Abstract","71","ConceptualMatchingOnly","loathe","justify","loathe-justify","ConceptualMatch:abstract","NegativeMismatch"
"308","6640be7edc706d4622dbab1c","control_MaxMatch_Positive_Concrete","97","MaxMatch","build","sail","build-sail","ConcreteMatch","PositiveMatch"
"309","6640be7edc706d4622dbab1c","control_MaxMismatch","0","MaxMismatch","scorn","admired","scorn-admired","AbstractMismatch","NegativeMismatch"
"310","6640be7edc706d4622dbab1c","control_MaxMatch_Positive_Abstract","99","MaxMatch","imagine","fulfill","imagine-fulfill","AbstractMatch","PositiveMatch"
"311","6640be7edc706d4622dbab1c","control_MaxMatch_Negative_Abstract","85","MaxMatch","annoy","exploit","annoy-exploit","AbstractMatch","NegativeMatch"
"312","6640be7edc706d4622dbab1c","test_ValenceMatch_Negative","80","ValenceMatchingOnly","bleed","resent","bleed-resent","ConcreteMismatch","NegativeMatch"
"313","6640be7edc706d4622dbab1c","control_Dissimilar","0","DissimilarControl","open","close","open-close","",""
"314","6640be7edc706d4622dbab1c","control_Similar","99","SimilarControl","ask","inquire","ask-inquire","",""
"315","6640be7edc706d4622dbab1c","control_MaxMatch_Negative_Concrete","73","MaxMatch","bleed","vomit","bleed-vomit","ConcreteMatch","NegativeMatch"
"316","6640be7edc706d4622dbab1c","test_ValenceMatch_Positive","47","ValenceMatchingOnly","eat","respect","eat-respect","ConcreteMismatch","PositiveMatch"
"317","6640be7edc706d4622dbab1c","control_Dissimilar","0","DissimilarControl","begin","end","begin-end","",""
"318","6640be7edc706d4622dbab1c","control_Similar","99","SimilarControl","speak","talk","speak-talk","",""
"319","6640be7edc706d4622dbab1c","test_ConceptualMatch_Concrete","22","ConceptualMatchingOnly","swing","bleed","swing-bleed","ConceptualMatch:concrete","PositiveMismatch"
"320","6640be7edc706d4622dbab1c","test_ConceptualMatch_Abstract","10","ConceptualMatchingOnly","worry","fulfill","worry-fulfill","ConceptualMatch:abstract","NegativeMismatch"
"321","6640be7edc706d4622dbab1c","control_MaxMatch_Positive_Concrete","0","MaxMatch","eat","swing","eat-swing","ConcreteMatch","PositiveMatch"
"322","6640be7edc706d4622dbab1c","control_MaxMismatch","0","MaxMismatch","annoy","hope","annoy-hope","AbstractMismatch","NegativeMismatch"
"323","6640be7edc706d4622dbab1c","control_MaxMatch_Positive_Abstract","81","MaxMatch","admired","fulfill","admired-fulfill","AbstractMatch","PositiveMatch"
"324","6640be7edc706d4622dbab1c","control_MaxMatch_Negative_Abstract","94","MaxMatch","resent","worry","resent-worry","AbstractMatch","NegativeMatch"
"325","6640be7edc706d4622dbab1c","test_ValenceMatch_Negative","72","ValenceMatchingOnly","murder","resent","murder-resent","ConcreteMismatch","NegativeMatch"
"326","663a5cc1f775076b324606c6","control_Dissimilar","0","DissimilarControl","come","go","come-go","",""
"327","663a5cc1f775076b324606c6","control_Similar","99","SimilarControl","buy","purchase","buy-purchase","",""
"328","663a5cc1f775076b324606c6","control_MaxMatch_Positive_Concrete","0","MaxMatch","cook","swing","cook-swing","ConcreteMatch","PositiveMatch"
"329","663a5cc1f775076b324606c6","test_ConceptualMatch_Concrete","0","ConceptualMatchingOnly","cook","stab","cook-stab","ConceptualMatch:concrete","PositiveMismatch"
"330","663a5cc1f775076b324606c6","control_MaxMatch_Negative_Concrete","0","MaxMatch","bleed","slap","bleed-slap","ConcreteMatch","NegativeMatch"
"331","663a5cc1f775076b324606c6","test_ValenceMatch_Negative","0","ValenceMatchingOnly","kill","loathe","kill-loathe","ConcreteMismatch","NegativeMatch"
"332","663a5cc1f775076b324606c6","control_Dissimilar","0","DissimilarControl","push","pull","push-pull","",""
"333","663a5cc1f775076b324606c6","test_ValenceMatch_Positive","0","ValenceMatchingOnly","kiss","admired","kiss-admired","ConcreteMismatch","PositiveMatch"
"334","663a5cc1f775076b324606c6","control_MaxMatch_Negative_Abstract","0","MaxMatch","obsess","resent","obsess-resent","AbstractMatch","NegativeMatch"
"335","663a5cc1f775076b324606c6","test_ConceptualMatch_Abstract","0","ConceptualMatchingOnly","violate","cherish","violate-cherish","ConceptualMatch:abstract","NegativeMismatch"
"336","663a5cc1f775076b324606c6","control_MaxMatch_Positive_Abstract","99","MaxMatch","admired","cherish","admired-cherish","AbstractMatch","PositiveMatch"
"337","663a5cc1f775076b324606c6","control_MaxMismatch","0","MaxMismatch","worry","cherish","worry-cherish","AbstractMismatch","NegativeMismatch"
"338","663a5cc1f775076b324606c6","control_Similar","99","SimilarControl","speak","talk","speak-talk","",""
"339","663a5cc1f775076b324606c6","control_Dissimilar","0","DissimilarControl","arrive","leave","arrive-leave","",""
"340","663a5cc1f775076b324606c6","control_Similar","99","SimilarControl","show","display","show-display","",""
"341","663a5cc1f775076b324606c6","control_MaxMatch_Positive_Concrete","0","MaxMatch","hug","sail","hug-sail","ConcreteMatch","PositiveMatch"
"342","663a5cc1f775076b324606c6","test_ConceptualMatch_Concrete","0","ConceptualMatchingOnly","smile","scratch","smile-scratch","ConceptualMatch:concrete","PositiveMismatch"
"343","663a5cc1f775076b324606c6","control_MaxMatch_Negative_Concrete","0","MaxMatch","kill","vomit","kill-vomit","ConcreteMatch","NegativeMatch"
"344","663a5cc1f775076b324606c6","test_ValenceMatch_Negative","0","ValenceMatchingOnly","vomit","exploit","vomit-exploit","ConcreteMismatch","NegativeMatch"
"345","663a5cc1f775076b324606c6","control_Dissimilar","1","DissimilarControl","increase","decrease","increase-decrease","",""
"346","663a5cc1f775076b324606c6","test_ValenceMatch_Positive","0","ValenceMatchingOnly","eat","believe","eat-believe","ConcreteMismatch","PositiveMatch"
"347","663a5cc1f775076b324606c6","control_MaxMatch_Negative_Abstract","0","MaxMatch","resent","worry","resent-worry","AbstractMatch","NegativeMatch"
"348","663a5cc1f775076b324606c6","test_ConceptualMatch_Abstract","1","ConceptualMatchingOnly","obsess","imagine","obsess-imagine","ConceptualMatch:abstract","NegativeMismatch"
"349","663a5cc1f775076b324606c6","control_MaxMatch_Positive_Abstract","99","MaxMatch","admired","respect","admired-respect","AbstractMatch","PositiveMatch"
"350","663a5cc1f775076b324606c6","control_MaxMismatch","0","MaxMismatch","obsess","believe","obsess-believe","AbstractMismatch","NegativeMismatch"
"351","663a5cc1f775076b324606c6","control_Similar","0","SimilarControl","use","employ","use-employ","",""
"352","663a5cc1f775076b324606c6","control_Dissimilar","0","DissimilarControl","add","remove","add-remove","",""
"353","663a5cc1f775076b324606c6","control_Similar","99","SimilarControl","ask","inquire","ask-inquire","",""
"354","663a5cc1f775076b324606c6","control_MaxMatch_Positive_Concrete","0","MaxMatch","smile","swing","smile-swing","ConcreteMatch","PositiveMatch"
"355","663a5cc1f775076b324606c6","test_ConceptualMatch_Concrete","0","ConceptualMatchingOnly","running","puke","running-puke","ConceptualMatch:concrete","PositiveMismatch"
"356","663a5cc1f775076b324606c6","control_MaxMatch_Negative_Concrete","0","MaxMatch","scratch","stab","scratch-stab","ConcreteMatch","NegativeMatch"
"357","663a5cc1f775076b324606c6","test_ValenceMatch_Negative","0","ValenceMatchingOnly","kill","befall","kill-befall","ConcreteMismatch","NegativeMatch"
"358","663a5cc1f775076b324606c6","control_Dissimilar","0","DissimilarControl","enter","exit","enter-exit","",""
"359","663a5cc1f775076b324606c6","test_ValenceMatch_Positive","0","ValenceMatchingOnly","smile","fulfill","smile-fulfill","ConcreteMismatch","PositiveMatch"
"360","663a5cc1f775076b324606c6","control_MaxMatch_Negative_Abstract","0","MaxMatch","annoy","exploit","annoy-exploit","AbstractMatch","NegativeMatch"
"361","663a5cc1f775076b324606c6","test_ConceptualMatch_Abstract","0","ConceptualMatchingOnly","worry","admired","worry-admired","ConceptualMatch:abstract","NegativeMismatch"
"362","663a5cc1f775076b324606c6","control_MaxMatch_Positive_Abstract","0","MaxMatch","imagine","enlighten","imagine-enlighten","AbstractMatch","PositiveMatch"
"363","663a5cc1f775076b324606c6","control_MaxMismatch","0","MaxMismatch","criticize","justify","criticize-justify","AbstractMismatch","NegativeMismatch"
"364","663a5cc1f775076b324606c6","control_Similar","99","SimilarControl","begin","start","begin-start","",""
"365","663a5cc1f775076b324606c6","control_Dissimilar","0","DissimilarControl","give","take","give-take","",""
"366","663a5cc1f775076b324606c6","control_Similar","99","SimilarControl","get","obtain","get-obtain","",""
"367","663a5cc1f775076b324606c6","control_MaxMatch_Positive_Concrete","0","MaxMatch","sail","swing","sail-swing","ConcreteMatch","PositiveMatch"
"368","663a5cc1f775076b324606c6","test_ConceptualMatch_Concrete","0","ConceptualMatchingOnly","eat","scratch","eat-scratch","ConceptualMatch:concrete","PositiveMismatch"
"369","663a5cc1f775076b324606c6","control_MaxMatch_Negative_Concrete","0","MaxMatch","bleed","spit","bleed-spit","ConcreteMatch","NegativeMatch"
"370","663a5cc1f775076b324606c6","test_ValenceMatch_Negative","0","ValenceMatchingOnly","vomit","annoy","vomit-annoy","ConcreteMismatch","NegativeMatch"
"371","663a5cc1f775076b324606c6","control_Dissimilar","0","DissimilarControl","rise","fall","rise-fall","",""
"372","663a5cc1f775076b324606c6","test_ValenceMatch_Positive","0","ValenceMatchingOnly","smile","enlighten","smile-enlighten","ConcreteMismatch","PositiveMatch"
"373","663a5cc1f775076b324606c6","control_MaxMatch_Negative_Abstract","0","MaxMatch","befall","violate","befall-violate","AbstractMatch","NegativeMatch"
"374","663a5cc1f775076b324606c6","test_ConceptualMatch_Abstract","0","ConceptualMatchingOnly","obsess","justify","obsess-justify","ConceptualMatch:abstract","NegativeMismatch"
"375","663a5cc1f775076b324606c6","control_MaxMatch_Positive_Abstract","0","MaxMatch","imagine","cherish","imagine-cherish","AbstractMatch","PositiveMatch"
"376","663a5cc1f775076b324606c6","control_MaxMismatch","0","MaxMismatch","exploit","imagine","exploit-imagine","AbstractMismatch","NegativeMismatch"
"377","663a5cc1f775076b324606c6","control_Similar","99","SimilarControl","need","require","need-require","",""
"378","663a5cc1f775076b324606c6","control_Dissimilar","0","DissimilarControl","begin","end","begin-end","",""
"379","663a5cc1f775076b324606c6","control_Similar","99","SimilarControl","end","finish","end-finish","",""
"380","663a5cc1f775076b324606c6","control_MaxMatch_Positive_Concrete","0","MaxMatch","build","sail","build-sail","ConcreteMatch","PositiveMatch"
"381","663a5cc1f775076b324606c6","test_ConceptualMatch_Concrete","0","ConceptualMatchingOnly","eat","puke","eat-puke","ConceptualMatch:concrete","PositiveMismatch"
"382","663a5cc1f775076b324606c6","control_MaxMatch_Negative_Concrete","0","MaxMatch","bleed","scratch","bleed-scratch","ConcreteMatch","NegativeMatch"
"383","663a5cc1f775076b324606c6","test_ValenceMatch_Negative","0","ValenceMatchingOnly","scratch","obsess","scratch-obsess","ConcreteMismatch","NegativeMatch"
"384","663a5cc1f775076b324606c6","control_Dissimilar","0","DissimilarControl","open","close","open-close","",""
"385","663a5cc1f775076b324606c6","test_ValenceMatch_Positive","0","ValenceMatchingOnly","sail","cherish","sail-cherish","ConcreteMismatch","PositiveMatch"
"386","663a5cc1f775076b324606c6","control_MaxMatch_Negative_Abstract","0","MaxMatch","annoy","criticize","annoy-criticize","AbstractMatch","NegativeMatch"
"387","663a5cc1f775076b324606c6","test_ConceptualMatch_Abstract","0","ConceptualMatchingOnly","annoy","imagine","annoy-imagine","ConceptualMatch:abstract","NegativeMismatch"
"388","663a5cc1f775076b324606c6","control_MaxMatch_Positive_Abstract","0","MaxMatch","cherish","believe","cherish-believe","AbstractMatch","PositiveMatch"
"389","663a5cc1f775076b324606c6","control_MaxMismatch","0","MaxMismatch","obsess","respect","obsess-respect","AbstractMismatch","NegativeMismatch"
"390","663a5cc1f775076b324606c6","control_Similar","99","SimilarControl","help","assist","help-assist","",""
"391","67d0c73d781bc022a088d11f","control_Dissimilar","0","DissimilarControl","arrive","leave","arrive-leave","",""
"392","67d0c73d781bc022a088d11f","control_Similar","99","SimilarControl","show","display","show-display","",""
"393","67d0c73d781bc022a088d11f","control_MaxMatch_Positive_Concrete","0","MaxMatch","kiss","running","kiss-running","ConcreteMatch","PositiveMatch"
"394","67d0c73d781bc022a088d11f","control_MaxMatch_Negative_Abstract","99","MaxMatch","exploit","violate","exploit-violate","AbstractMatch","NegativeMatch"
"395","67d0c73d781bc022a088d11f","test_ValenceMatch_Positive","0","ValenceMatchingOnly","swing","justify","swing-justify","ConcreteMismatch","PositiveMatch"
"396","67d0c73d781bc022a088d11f","control_Dissimilar","0","DissimilarControl","enter","exit","enter-exit","",""
"397","67d0c73d781bc022a088d11f","test_ConceptualMatch_Concrete","0","ConceptualMatchingOnly","smile","vomit","smile-vomit","ConceptualMatch:concrete","PositiveMismatch"
"398","67d0c73d781bc022a088d11f","test_ValenceMatch_Negative","0","ValenceMatchingOnly","spit","annoy","spit-annoy","ConcreteMismatch","NegativeMatch"
"399","67d0c73d781bc022a088d11f","test_ConceptualMatch_Abstract","0","ConceptualMatchingOnly","loathe","believe","loathe-believe","ConceptualMatch:abstract","NegativeMismatch"
"400","67d0c73d781bc022a088d11f","control_MaxMatch_Negative_Concrete","0","MaxMatch","smack","vomit","smack-vomit","ConcreteMatch","NegativeMatch"
"401","67d0c73d781bc022a088d11f","control_MaxMismatch","99","MaxMismatch","resent","fulfill","resent-fulfill","AbstractMismatch","NegativeMismatch"
"402","67d0c73d781bc022a088d11f","control_Similar","99","SimilarControl","get","obtain","get-obtain","",""
"403","67d0c73d781bc022a088d11f","control_MaxMatch_Positive_Abstract","99","MaxMatch","imagine","esteem","imagine-esteem","AbstractMatch","PositiveMatch"
"404","67d0c73d781bc022a088d11f","control_Dissimilar","0","DissimilarControl","come","go","come-go","",""
"405","67d0c73d781bc022a088d11f","control_Similar","99","SimilarControl","help","assist","help-assist","",""
"406","67d0c73d781bc022a088d11f","control_MaxMatch_Positive_Concrete","0","MaxMatch","hug","running","hug-running","ConcreteMatch","PositiveMatch"
"407","67d0c73d781bc022a088d11f","control_MaxMatch_Negative_Abstract","99","MaxMatch","befall","criticize","befall-criticize","AbstractMatch","NegativeMatch"
"408","67d0c73d781bc022a088d11f","test_ValenceMatch_Positive","99","ValenceMatchingOnly","cuddle","enlighten","cuddle-enlighten","ConcreteMismatch","PositiveMatch"
"409","67d0c73d781bc022a088d11f","control_Dissimilar","0","DissimilarControl","rise","fall","rise-fall","",""
"410","67d0c73d781bc022a088d11f","test_ConceptualMatch_Concrete","0","ConceptualMatchingOnly","build","smack","build-smack","ConceptualMatch:concrete","PositiveMismatch"
"411","67d0c73d781bc022a088d11f","test_ValenceMatch_Negative","99","ValenceMatchingOnly","puke","criticize","puke-criticize","ConcreteMismatch","NegativeMatch"
"412","67d0c73d781bc022a088d11f","test_ConceptualMatch_Abstract","0","ConceptualMatchingOnly","criticize","cherish","criticize-cherish","ConceptualMatch:abstract","NegativeMismatch"
"413","67d0c73d781bc022a088d11f","control_MaxMatch_Negative_Concrete","99","MaxMatch","puke","slap","puke-slap","ConcreteMatch","NegativeMatch"
"414","67d0c73d781bc022a088d11f","control_MaxMismatch","0","MaxMismatch","worry","justify","worry-justify","AbstractMismatch","NegativeMismatch"
"415","67d0c73d781bc022a088d11f","control_Similar","0","SimilarControl","use","employ","use-employ","",""
"416","67d0c73d781bc022a088d11f","control_MaxMatch_Positive_Abstract","99","MaxMatch","fulfill","esteem","fulfill-esteem","AbstractMatch","PositiveMatch"
"417","67d0c73d781bc022a088d11f","control_Dissimilar","0","DissimilarControl","begin","end","begin-end","",""
"418","67d0c73d781bc022a088d11f","control_Similar","99","SimilarControl","need","require","need-require","",""
"419","67d0c73d781bc022a088d11f","control_MaxMatch_Positive_Concrete","0","MaxMatch","kiss","smile","kiss-smile","ConcreteMatch","PositiveMatch"
"420","67d0c73d781bc022a088d11f","control_MaxMatch_Negative_Abstract","0","MaxMatch","resent","scorn","resent-scorn","AbstractMatch","NegativeMatch"
"421","67d0c73d781bc022a088d11f","test_ValenceMatch_Positive","0","ValenceMatchingOnly","build","respect","build-respect","ConcreteMismatch","PositiveMatch"
"422","67d0c73d781bc022a088d11f","control_Dissimilar","0","DissimilarControl","increase","decrease","increase-decrease","",""
"423","67d0c73d781bc022a088d11f","test_ConceptualMatch_Concrete","0","ConceptualMatchingOnly","smile","scratch","smile-scratch","ConceptualMatch:concrete","PositiveMismatch"
"424","67d0c73d781bc022a088d11f","test_ValenceMatch_Negative","99","ValenceMatchingOnly","slap","scorn","slap-scorn","ConcreteMismatch","NegativeMatch"
"425","67d0c73d781bc022a088d11f","test_ConceptualMatch_Abstract","99","ConceptualMatchingOnly","resent","respect","resent-respect","ConceptualMatch:abstract","NegativeMismatch"
"426","67d0c73d781bc022a088d11f","control_MaxMatch_Negative_Concrete","0","MaxMatch","murder","puke","murder-puke","ConcreteMatch","NegativeMatch"
"427","67d0c73d781bc022a088d11f","control_MaxMismatch","0","MaxMismatch","exploit","hope","exploit-hope","AbstractMismatch","NegativeMismatch"
"428","67d0c73d781bc022a088d11f","control_Similar","99","SimilarControl","speak","talk","speak-talk","",""
"429","67d0c73d781bc022a088d11f","control_MaxMatch_Positive_Abstract","99","MaxMatch","enlighten","cherish","enlighten-cherish","AbstractMatch","PositiveMatch"
"430","67d0c73d781bc022a088d11f","control_Dissimilar","0","DissimilarControl","open","close","open-close","",""
"431","67d0c73d781bc022a088d11f","control_Similar","0","SimilarControl","end","finish","end-finish","",""
"432","67d0c73d781bc022a088d11f","control_MaxMatch_Positive_Concrete","0","MaxMatch","build","running","build-running","ConcreteMatch","PositiveMatch"
"433","67d0c73d781bc022a088d11f","control_MaxMatch_Negative_Abstract","99","MaxMatch","exploit","loathe","exploit-loathe","AbstractMatch","NegativeMatch"
"434","67d0c73d781bc022a088d11f","test_ValenceMatch_Positive","0","ValenceMatchingOnly","swing","imagine","swing-imagine","ConcreteMismatch","PositiveMatch"
"435","67d0c73d781bc022a088d11f","control_Dissimilar","0","DissimilarControl","push","pull","push-pull","",""
"436","67d0c73d781bc022a088d11f","test_ConceptualMatch_Concrete","0","ConceptualMatchingOnly","running","puke","running-puke","ConceptualMatch:concrete","PositiveMismatch"
"437","67d0c73d781bc022a088d11f","test_ValenceMatch_Negative","99","ValenceMatchingOnly","smack","worry","smack-worry","ConcreteMismatch","NegativeMatch"
"438","67d0c73d781bc022a088d11f","test_ConceptualMatch_Abstract","0","ConceptualMatchingOnly","violate","justify","violate-justify","ConceptualMatch:abstract","NegativeMismatch"
"439","67d0c73d781bc022a088d11f","control_MaxMatch_Negative_Concrete","0","MaxMatch","scratch","smack","scratch-smack","ConcreteMatch","NegativeMatch"
"440","67d0c73d781bc022a088d11f","control_MaxMismatch","0","MaxMismatch","scorn","hope","scorn-hope","AbstractMismatch","NegativeMismatch"
"441","67d0c73d781bc022a088d11f","control_Similar","99","SimilarControl","ask","inquire","ask-inquire","",""
"442","67d0c73d781bc022a088d11f","control_MaxMatch_Positive_Abstract","99","MaxMatch","justify","respect","justify-respect","AbstractMatch","PositiveMatch"
"443","67d0c73d781bc022a088d11f","control_Dissimilar","0","DissimilarControl","give","take","give-take","",""
"444","67d0c73d781bc022a088d11f","control_Similar","99","SimilarControl","buy","purchase","buy-purchase","",""
"445","67d0c73d781bc022a088d11f","control_MaxMatch_Positive_Concrete","0","MaxMatch","eat","hug","eat-hug","ConcreteMatch","PositiveMatch"
"446","67d0c73d781bc022a088d11f","control_MaxMatch_Negative_Abstract","0","MaxMatch","annoy","scorn","annoy-scorn","AbstractMatch","NegativeMatch"
"447","67d0c73d781bc022a088d11f","test_ValenceMatch_Positive","0","ValenceMatchingOnly","sail","justify","sail-justify","ConcreteMismatch","PositiveMatch"
"448","67d0c73d781bc022a088d11f","control_Dissimilar","0","DissimilarControl","add","remove","add-remove","",""
"449","67d0c73d781bc022a088d11f","test_ConceptualMatch_Concrete","0","ConceptualMatchingOnly","sail","murder","sail-murder","ConceptualMatch:concrete","PositiveMismatch"
"450","67d0c73d781bc022a088d11f","test_ValenceMatch_Negative","99","ValenceMatchingOnly","murder","worry","murder-worry","ConcreteMismatch","NegativeMatch"
"451","67d0c73d781bc022a088d11f","test_ConceptualMatch_Abstract","0","ConceptualMatchingOnly","exploit","admired","exploit-admired","ConceptualMatch:abstract","NegativeMismatch"
"452","67d0c73d781bc022a088d11f","control_MaxMatch_Negative_Concrete","0","MaxMatch","kill","puke","kill-puke","ConcreteMatch","NegativeMatch"
"453","67d0c73d781bc022a088d11f","control_MaxMismatch","0","MaxMismatch","violate","imagine","violate-imagine","AbstractMismatch","NegativeMismatch"
"454","67d0c73d781bc022a088d11f","control_Similar","0","SimilarControl","begin","start","begin-start","",""
"455","67d0c73d781bc022a088d11f","control_MaxMatch_Positive_Abstract","99","MaxMatch","admired","believe","admired-believe","AbstractMatch","PositiveMatch"
"456","67d095bc257ecc840642912e","control_Similar","99","SimilarControl","help","assist","help-assist","",""
"457","67d095bc257ecc840642912e","control_Dissimilar","0","DissimilarControl","begin","end","begin-end","",""
"458","67d095bc257ecc840642912e","test_ValenceMatch_Positive","0","ValenceMatchingOnly","hug","esteem","hug-esteem","ConcreteMismatch","PositiveMatch"
"459","67d095bc257ecc840642912e","control_MaxMismatch","47","MaxMismatch","criticize","hope","criticize-hope","AbstractMismatch","NegativeMismatch"
"460","67d095bc257ecc840642912e","control_MaxMatch_Negative_Concrete","0","MaxMatch","puke","smack","puke-smack","ConcreteMatch","NegativeMatch"
"461","67d095bc257ecc840642912e","control_MaxMatch_Negative_Abstract","0","MaxMatch","scorn","worry","scorn-worry","AbstractMatch","NegativeMatch"
"462","67d095bc257ecc840642912e","test_ValenceMatch_Negative","48","ValenceMatchingOnly","stab","criticize","stab-criticize","ConcreteMismatch","NegativeMatch"
"463","67d095bc257ecc840642912e","control_MaxMatch_Positive_Abstract","1","MaxMatch","admired","justify","admired-justify","AbstractMatch","PositiveMatch"
"464","67d095bc257ecc840642912e","control_Similar","99","SimilarControl","speak","talk","speak-talk","",""
"465","67d095bc257ecc840642912e","control_Dissimilar","0","DissimilarControl","add","remove","add-remove","",""
"466","67d095bc257ecc840642912e","test_ConceptualMatch_Concrete","1","ConceptualMatchingOnly","eat","smack","eat-smack","ConceptualMatch:concrete","PositiveMismatch"
"467","67d095bc257ecc840642912e","test_ConceptualMatch_Abstract","53","ConceptualMatchingOnly","worry","esteem","worry-esteem","ConceptualMatch:abstract","NegativeMismatch"
"468","67d095bc257ecc840642912e","control_MaxMatch_Positive_Concrete","62","MaxMatch","running","sail","running-sail","ConcreteMatch","PositiveMatch"
"469","67d095bc257ecc840642912e","control_Similar","99","SimilarControl","need","require","need-require","",""
"470","67d095bc257ecc840642912e","control_Dissimilar","0","DissimilarControl","push","pull","push-pull","",""
"471","67d095bc257ecc840642912e","test_ValenceMatch_Positive","0","ValenceMatchingOnly","eat","esteem","eat-esteem","ConcreteMismatch","PositiveMatch"
"472","67d095bc257ecc840642912e","control_MaxMismatch","0","MaxMismatch","worry","respect","worry-respect","AbstractMismatch","NegativeMismatch"
"473","67d095bc257ecc840642912e","control_MaxMatch_Negative_Concrete","43","MaxMatch","bleed","scratch","bleed-scratch","ConcreteMatch","NegativeMatch"
"474","67d095bc257ecc840642912e","control_MaxMatch_Negative_Abstract","41","MaxMatch","befall","resent","befall-resent","AbstractMatch","NegativeMatch"
"475","67d095bc257ecc840642912e","test_ValenceMatch_Negative","0","ValenceMatchingOnly","murder","criticize","murder-criticize","ConcreteMismatch","NegativeMatch"
"476","67d095bc257ecc840642912e","control_MaxMatch_Positive_Abstract","71","MaxMatch","enlighten","hope","enlighten-hope","AbstractMatch","PositiveMatch"
"477","67d095bc257ecc840642912e","control_Similar","99","SimilarControl","show","display","show-display","",""
"478","67d095bc257ecc840642912e","control_Dissimilar","0","DissimilarControl","enter","exit","enter-exit","",""
"479","67d095bc257ecc840642912e","test_ConceptualMatch_Concrete","0","ConceptualMatchingOnly","swing","kill","swing-kill","ConceptualMatch:concrete","PositiveMismatch"
"480","67d095bc257ecc840642912e","test_ConceptualMatch_Abstract","0","ConceptualMatchingOnly","violate","justify","violate-justify","ConceptualMatch:abstract","NegativeMismatch"
"481","67d095bc257ecc840642912e","control_MaxMatch_Positive_Concrete","0","MaxMatch","hug","sail","hug-sail","ConcreteMatch","PositiveMatch"
"482","67d095bc257ecc840642912e","control_Similar","99","SimilarControl","use","employ","use-employ","",""
"483","67d095bc257ecc840642912e","control_Dissimilar","1","DissimilarControl","arrive","leave","arrive-leave","",""
"484","67d095bc257ecc840642912e","test_ValenceMatch_Positive","0","ValenceMatchingOnly","sail","admired","sail-admired","ConcreteMismatch","PositiveMatch"
"485","67d095bc257ecc840642912e","control_MaxMismatch","0","MaxMismatch","violate","fulfill","violate-fulfill","AbstractMismatch","NegativeMismatch"
"486","67d095bc257ecc840642912e","control_MaxMatch_Negative_Concrete","0","MaxMatch","scratch","spit","scratch-spit","ConcreteMatch","NegativeMatch"
"487","67d095bc257ecc840642912e","control_MaxMatch_Negative_Abstract","96","MaxMatch","annoy","scorn","annoy-scorn","AbstractMatch","NegativeMatch"
"488","67d095bc257ecc840642912e","test_ValenceMatch_Negative","55","ValenceMatchingOnly","kill","exploit","kill-exploit","ConcreteMismatch","NegativeMatch"
"489","67d095bc257ecc840642912e","control_MaxMatch_Positive_Abstract","3","MaxMatch","imagine","admired","imagine-admired","AbstractMatch","PositiveMatch"
"490","67d095bc257ecc840642912e","control_Similar","99","SimilarControl","end","finish","end-finish","",""
"491","67d095bc257ecc840642912e","control_Dissimilar","0","DissimilarControl","open","close","open-close","",""
"492","67d095bc257ecc840642912e","test_ConceptualMatch_Concrete","76","ConceptualMatchingOnly","swing","slap","swing-slap","ConceptualMatch:concrete","PositiveMismatch"
"493","67d095bc257ecc840642912e","test_ConceptualMatch_Abstract","0","ConceptualMatchingOnly","befall","imagine","befall-imagine","ConceptualMatch:abstract","NegativeMismatch"
"494","67d095bc257ecc840642912e","control_MaxMatch_Positive_Concrete","0","MaxMatch","cook","kiss","cook-kiss","ConcreteMatch","PositiveMatch"
"495","67d095bc257ecc840642912e","control_Similar","99","SimilarControl","buy","purchase","buy-purchase","",""
"496","67d095bc257ecc840642912e","control_Dissimilar","0","DissimilarControl","give","take","give-take","",""
"497","67d095bc257ecc840642912e","test_ValenceMatch_Positive","0","ValenceMatchingOnly","build","justify","build-justify","ConcreteMismatch","PositiveMatch"
"498","67d095bc257ecc840642912e","control_MaxMismatch","0","MaxMismatch","criticize","respect","criticize-respect","AbstractMismatch","NegativeMismatch"
"499","67d095bc257ecc840642912e","control_MaxMatch_Negative_Concrete","0","MaxMatch","murder","spit","murder-spit","ConcreteMatch","NegativeMatch"
"500","67d095bc257ecc840642912e","control_MaxMatch_Negative_Abstract","60","MaxMatch","annoy","obsess","annoy-obsess","AbstractMatch","NegativeMatch"
"501","67d095bc257ecc840642912e","test_ValenceMatch_Negative","0","ValenceMatchingOnly","puke","scorn","puke-scorn","ConcreteMismatch","NegativeMatch"
"502","67d095bc257ecc840642912e","control_MaxMatch_Positive_Abstract","2","MaxMatch","cherish","justify","cherish-justify","AbstractMatch","PositiveMatch"
"503","67d095bc257ecc840642912e","control_Similar","99","SimilarControl","ask","inquire","ask-inquire","",""
"504","67d095bc257ecc840642912e","control_Dissimilar","0","DissimilarControl","increase","decrease","increase-decrease","",""
"505","67d095bc257ecc840642912e","test_ConceptualMatch_Concrete","0","ConceptualMatchingOnly","smile","murder","smile-murder","ConceptualMatch:concrete","PositiveMismatch"
"506","67d095bc257ecc840642912e","test_ConceptualMatch_Abstract","0","ConceptualMatchingOnly","resent","justify","resent-justify","ConceptualMatch:abstract","NegativeMismatch"
"507","67d095bc257ecc840642912e","control_MaxMatch_Positive_Concrete","0","MaxMatch","cook","cuddle","cook-cuddle","ConcreteMatch","PositiveMatch"
"508","67d095bc257ecc840642912e","control_Similar","99","SimilarControl","get","obtain","get-obtain","",""
"509","67d095bc257ecc840642912e","control_Dissimilar","57","DissimilarControl","come","go","come-go","",""
"510","67d095bc257ecc840642912e","test_ValenceMatch_Positive","0","ValenceMatchingOnly","eat","hope","eat-hope","ConcreteMismatch","PositiveMatch"
"511","67d095bc257ecc840642912e","control_MaxMismatch","0","MaxMismatch","violate","cherish","violate-cherish","AbstractMismatch","NegativeMismatch"
"512","67d095bc257ecc840642912e","control_MaxMatch_Negative_Concrete","74","MaxMatch","kill","stab","kill-stab","ConcreteMatch","NegativeMatch"
"513","67d095bc257ecc840642912e","control_MaxMatch_Negative_Abstract","82","MaxMatch","exploit","violate","exploit-violate","AbstractMatch","NegativeMatch"
"514","67d095bc257ecc840642912e","test_ValenceMatch_Negative","1","ValenceMatchingOnly","puke","exploit","puke-exploit","ConcreteMismatch","NegativeMatch"
"515","67d095bc257ecc840642912e","control_MaxMatch_Positive_Abstract","0","MaxMatch","enlighten","respect","enlighten-respect","AbstractMatch","PositiveMatch"
"516","67d095bc257ecc840642912e","control_Similar","98","SimilarControl","begin","start","begin-start","",""
"517","67d095bc257ecc840642912e","control_Dissimilar","0","DissimilarControl","rise","fall","rise-fall","",""
"518","67d095bc257ecc840642912e","test_ConceptualMatch_Concrete","71","ConceptualMatchingOnly","kiss","smack","kiss-smack","ConceptualMatch:concrete","PositiveMismatch"
"519","67d095bc257ecc840642912e","test_ConceptualMatch_Abstract","0","ConceptualMatchingOnly","scorn","justify","scorn-justify","ConceptualMatch:abstract","NegativeMismatch"
"520","67d095bc257ecc840642912e","control_MaxMatch_Positive_Concrete","0","MaxMatch","build","swing","build-swing","ConcreteMatch","PositiveMatch"
"521","5f467b0a0d1aef037515c8c9","control_Similar","99","SimilarControl","use","employ","use-employ","",""
"522","5f467b0a0d1aef037515c8c9","control_Dissimilar","0","DissimilarControl","rise","fall","rise-fall","",""
"523","5f467b0a0d1aef037515c8c9","test_ValenceMatch_Negative","0","ValenceMatchingOnly","vomit","scorn","vomit-scorn","ConcreteMismatch","NegativeMatch"
"524","5f467b0a0d1aef037515c8c9","test_ConceptualMatch_Abstract","0","ConceptualMatchingOnly","loathe","cherish","loathe-cherish","ConceptualMatch:abstract","NegativeMismatch"
"525","5f467b0a0d1aef037515c8c9","control_MaxMatch_Positive_Concrete","12","MaxMatch","build","smile","build-smile","ConcreteMatch","PositiveMatch"
"526","5f467b0a0d1aef037515c8c9","control_Similar","99","SimilarControl","end","finish","end-finish","",""
"527","5f467b0a0d1aef037515c8c9","control_MaxMatch_Positive_Abstract","47","MaxMatch","admired","fulfill","admired-fulfill","AbstractMatch","PositiveMatch"
"528","5f467b0a0d1aef037515c8c9","control_MaxMismatch","10","MaxMismatch","loathe","fulfill","loathe-fulfill","AbstractMismatch","NegativeMismatch"
"529","5f467b0a0d1aef037515c8c9","control_Dissimilar","0","DissimilarControl","enter","exit","enter-exit","",""
"530","5f467b0a0d1aef037515c8c9","test_ConceptualMatch_Concrete","0","ConceptualMatchingOnly","smile","scratch","smile-scratch","ConceptualMatch:concrete","PositiveMismatch"
"531","5f467b0a0d1aef037515c8c9","control_MaxMatch_Negative_Abstract","77","MaxMatch","exploit","violate","exploit-violate","AbstractMatch","NegativeMatch"
"532","5f467b0a0d1aef037515c8c9","test_ValenceMatch_Positive","10","ValenceMatchingOnly","running","cherish","running-cherish","ConcreteMismatch","PositiveMatch"
"533","5f467b0a0d1aef037515c8c9","control_MaxMatch_Negative_Concrete","99","MaxMatch","kill","murder","kill-murder","ConcreteMatch","NegativeMatch"
"534","5f467b0a0d1aef037515c8c9","control_Similar","99","SimilarControl","buy","purchase","buy-purchase","",""
"535","5f467b0a0d1aef037515c8c9","control_Dissimilar","0","DissimilarControl","come","go","come-go","",""
"536","5f467b0a0d1aef037515c8c9","test_ValenceMatch_Negative","16","ValenceMatchingOnly","smack","scorn","smack-scorn","ConcreteMismatch","NegativeMatch"
"537","5f467b0a0d1aef037515c8c9","test_ConceptualMatch_Abstract","0","ConceptualMatchingOnly","criticize","esteem","criticize-esteem","ConceptualMatch:abstract","NegativeMismatch"
"538","5f467b0a0d1aef037515c8c9","control_MaxMatch_Positive_Concrete","0","MaxMatch","cook","hug","cook-hug","ConcreteMatch","PositiveMatch"
"539","5f467b0a0d1aef037515c8c9","control_Similar","99","SimilarControl","show","display","show-display","",""
"540","5f467b0a0d1aef037515c8c9","control_MaxMatch_Positive_Abstract","50","MaxMatch","imagine","hope","imagine-hope","AbstractMatch","PositiveMatch"
"541","5f467b0a0d1aef037515c8c9","control_MaxMismatch","99","MaxMismatch","obsess","cherish","obsess-cherish","AbstractMismatch","NegativeMismatch"
"542","5f467b0a0d1aef037515c8c9","control_Dissimilar","0","DissimilarControl","arrive","leave","arrive-leave","",""
"543","5f467b0a0d1aef037515c8c9","test_ConceptualMatch_Concrete","0","ConceptualMatchingOnly","hug","scratch","hug-scratch","ConceptualMatch:concrete","PositiveMismatch"
"544","5f467b0a0d1aef037515c8c9","control_MaxMatch_Negative_Abstract","29","MaxMatch","resent","violate","resent-violate","AbstractMatch","NegativeMatch"
"545","5f467b0a0d1aef037515c8c9","test_ValenceMatch_Positive","12","ValenceMatchingOnly","cuddle","justify","cuddle-justify","ConcreteMismatch","PositiveMatch"
"546","5f467b0a0d1aef037515c8c9","control_MaxMatch_Negative_Concrete","58","MaxMatch","bleed","murder","bleed-murder","ConcreteMatch","NegativeMatch"
"547","5f467b0a0d1aef037515c8c9","control_Similar","99","SimilarControl","help","assist","help-assist","",""
"548","5f467b0a0d1aef037515c8c9","control_Dissimilar","43","DissimilarControl","push","pull","push-pull","",""
"549","5f467b0a0d1aef037515c8c9","test_ValenceMatch_Negative","6","ValenceMatchingOnly","slap","resent","slap-resent","ConcreteMismatch","NegativeMatch"
"550","5f467b0a0d1aef037515c8c9","test_ConceptualMatch_Abstract","11","ConceptualMatchingOnly","obsess","justify","obsess-justify","ConceptualMatch:abstract","NegativeMismatch"
"551","5f467b0a0d1aef037515c8c9","control_MaxMatch_Positive_Concrete","0","MaxMatch","cuddle","eat","cuddle-eat","ConcreteMatch","PositiveMatch"
"552","5f467b0a0d1aef037515c8c9","control_Similar","99","SimilarControl","speak","talk","speak-talk","",""
"553","5f467b0a0d1aef037515c8c9","control_MaxMatch_Positive_Abstract","16","MaxMatch","fulfill","justify","fulfill-justify","AbstractMatch","PositiveMatch"
"554","5f467b0a0d1aef037515c8c9","control_MaxMismatch","0","MaxMismatch","scorn","believe","scorn-believe","AbstractMismatch","NegativeMismatch"
"555","5f467b0a0d1aef037515c8c9","control_Dissimilar","4","DissimilarControl","add","remove","add-remove","",""
"556","5f467b0a0d1aef037515c8c9","test_ConceptualMatch_Concrete","0","ConceptualMatchingOnly","build","bleed","build-bleed","ConceptualMatch:concrete","PositiveMismatch"
"557","5f467b0a0d1aef037515c8c9","control_MaxMatch_Negative_Abstract","0","MaxMatch","exploit","loathe","exploit-loathe","AbstractMatch","NegativeMatch"
"558","5f467b0a0d1aef037515c8c9","test_ValenceMatch_Positive","0","ValenceMatchingOnly","hug","imagine","hug-imagine","ConcreteMismatch","PositiveMatch"
"559","5f467b0a0d1aef037515c8c9","control_MaxMatch_Negative_Concrete","1","MaxMatch","slap","spit","slap-spit","ConcreteMatch","NegativeMatch"
"560","5f467b0a0d1aef037515c8c9","control_Similar","99","SimilarControl","need","require","need-require","",""
"561","5f467b0a0d1aef037515c8c9","control_Dissimilar","3","DissimilarControl","increase","decrease","increase-decrease","",""
"562","5f467b0a0d1aef037515c8c9","test_ValenceMatch_Negative","0","ValenceMatchingOnly","puke","annoy","puke-annoy","ConcreteMismatch","NegativeMatch"
"563","5f467b0a0d1aef037515c8c9","test_ConceptualMatch_Abstract","0","ConceptualMatchingOnly","criticize","respect","criticize-respect","ConceptualMatch:abstract","NegativeMismatch"
"564","5f467b0a0d1aef037515c8c9","control_MaxMatch_Positive_Concrete","0","MaxMatch","running","smile","running-smile","ConcreteMatch","PositiveMatch"
"565","5f467b0a0d1aef037515c8c9","control_Similar","99","SimilarControl","get","obtain","get-obtain","",""
"566","5f467b0a0d1aef037515c8c9","control_MaxMatch_Positive_Abstract","27","MaxMatch","imagine","cherish","imagine-cherish","AbstractMatch","PositiveMatch"
"567","5f467b0a0d1aef037515c8c9","control_MaxMismatch","0","MaxMismatch","exploit","fulfill","exploit-fulfill","AbstractMismatch","NegativeMismatch"
"568","5f467b0a0d1aef037515c8c9","control_Dissimilar","0","DissimilarControl","begin","end","begin-end","",""
"569","5f467b0a0d1aef037515c8c9","test_ConceptualMatch_Concrete","0","ConceptualMatchingOnly","sail","vomit","sail-vomit","ConceptualMatch:concrete","PositiveMismatch"
"570","5f467b0a0d1aef037515c8c9","control_MaxMatch_Negative_Abstract","55","MaxMatch","annoy","criticize","annoy-criticize","AbstractMatch","NegativeMatch"
"571","5f467b0a0d1aef037515c8c9","test_ValenceMatch_Positive","0","ValenceMatchingOnly","cook","fulfill","cook-fulfill","ConcreteMismatch","PositiveMatch"
"572","5f467b0a0d1aef037515c8c9","control_MaxMatch_Negative_Concrete","29","MaxMatch","smack","stab","smack-stab","ConcreteMatch","NegativeMatch"
"573","5f467b0a0d1aef037515c8c9","control_Similar","99","SimilarControl","begin","start","begin-start","",""
"574","5f467b0a0d1aef037515c8c9","control_Dissimilar","0","DissimilarControl","open","close","open-close","",""
"575","5f467b0a0d1aef037515c8c9","test_ValenceMatch_Negative","0","ValenceMatchingOnly","scratch","worry","scratch-worry","ConcreteMismatch","NegativeMatch"
"576","5f467b0a0d1aef037515c8c9","test_ConceptualMatch_Abstract","0","ConceptualMatchingOnly","violate","admired","violate-admired","ConceptualMatch:abstract","NegativeMismatch"
"577","5f467b0a0d1aef037515c8c9","control_MaxMatch_Positive_Concrete","69","MaxMatch","hug","kiss","hug-kiss","ConcreteMatch","PositiveMatch"
"578","5f467b0a0d1aef037515c8c9","control_Similar","99","SimilarControl","ask","inquire","ask-inquire","",""
"579","5f467b0a0d1aef037515c8c9","control_MaxMatch_Positive_Abstract","14","MaxMatch","imagine","justify","imagine-justify","AbstractMatch","PositiveMatch"
"580","5f467b0a0d1aef037515c8c9","control_MaxMismatch","9","MaxMismatch","resent","cherish","resent-cherish","AbstractMismatch","NegativeMismatch"
"581","5f467b0a0d1aef037515c8c9","control_Dissimilar","0","DissimilarControl","give","take","give-take","",""
"582","5f467b0a0d1aef037515c8c9","test_ConceptualMatch_Concrete","0","ConceptualMatchingOnly","sail","murder","sail-murder","ConceptualMatch:concrete","PositiveMismatch"
"583","5f467b0a0d1aef037515c8c9","control_MaxMatch_Negative_Abstract","28","MaxMatch","exploit","scorn","exploit-scorn","AbstractMatch","NegativeMatch"
"584","5f467b0a0d1aef037515c8c9","test_ValenceMatch_Positive","0","ValenceMatchingOnly","sail","imagine","sail-imagine","ConcreteMismatch","PositiveMatch"
"585","5f467b0a0d1aef037515c8c9","control_MaxMatch_Negative_Concrete","69","MaxMatch","scratch","stab","scratch-stab","ConcreteMatch","NegativeMatch"
"586","675a2ef45fbe0cc52b8403ae","control_Similar","90","SimilarControl","use","employ","use-employ","",""
"587","675a2ef45fbe0cc52b8403ae","control_Dissimilar","14","DissimilarControl","add","remove","add-remove","",""
"588","675a2ef45fbe0cc52b8403ae","control_MaxMatch_Positive_Concrete","31","MaxMatch","cook","swing","cook-swing","ConcreteMatch","PositiveMatch"
"589","675a2ef45fbe0cc52b8403ae","control_Similar","99","SimilarControl","buy","purchase","buy-purchase","",""
"590","675a2ef45fbe0cc52b8403ae","test_ValenceMatch_Negative","53","ValenceMatchingOnly","slap","befall","slap-befall","ConcreteMismatch","NegativeMatch"
"591","675a2ef45fbe0cc52b8403ae","test_ConceptualMatch_Abstract","41","ConceptualMatchingOnly","resent","believe","resent-believe","ConceptualMatch:abstract","NegativeMismatch"
"592","675a2ef45fbe0cc52b8403ae","control_MaxMismatch","44","MaxMismatch","resent","justify","resent-justify","AbstractMismatch","NegativeMismatch"
"593","675a2ef45fbe0cc52b8403ae","control_Dissimilar","4","DissimilarControl","increase","decrease","increase-decrease","",""
"594","675a2ef45fbe0cc52b8403ae","control_MaxMatch_Positive_Abstract","74","MaxMatch","imagine","admired","imagine-admired","AbstractMatch","PositiveMatch"
"595","675a2ef45fbe0cc52b8403ae","control_MaxMatch_Negative_Abstract","80","MaxMatch","annoy","criticize","annoy-criticize","AbstractMatch","NegativeMatch"
"596","675a2ef45fbe0cc52b8403ae","control_MaxMatch_Negative_Concrete","83","MaxMatch","scratch","smack","scratch-smack","ConcreteMatch","NegativeMatch"
"597","675a2ef45fbe0cc52b8403ae","test_ConceptualMatch_Concrete","15","ConceptualMatchingOnly","sail","bleed","sail-bleed","ConceptualMatch:concrete","PositiveMismatch"
"598","675a2ef45fbe0cc52b8403ae","test_ValenceMatch_Positive","17","ValenceMatchingOnly","running","justify","running-justify","ConcreteMismatch","PositiveMatch"
"599","675a2ef45fbe0cc52b8403ae","control_Similar","99","SimilarControl","need","require","need-require","",""
"600","675a2ef45fbe0cc52b8403ae","control_Dissimilar","0","DissimilarControl","open","close","open-close","",""
"601","675a2ef45fbe0cc52b8403ae","control_MaxMatch_Positive_Concrete","19","MaxMatch","build","kiss","build-kiss","ConcreteMatch","PositiveMatch"
"602","675a2ef45fbe0cc52b8403ae","control_Similar","99","SimilarControl","help","assist","help-assist","",""
"603","675a2ef45fbe0cc52b8403ae","test_ValenceMatch_Negative","99","ValenceMatchingOnly","scratch","annoy","scratch-annoy","ConcreteMismatch","NegativeMatch"
"604","675a2ef45fbe0cc52b8403ae","test_ConceptualMatch_Abstract","5","ConceptualMatchingOnly","scorn","enlighten","scorn-enlighten","ConceptualMatch:abstract","NegativeMismatch"
"605","675a2ef45fbe0cc52b8403ae","control_MaxMismatch","60","MaxMismatch","exploit","esteem","exploit-esteem","AbstractMismatch","NegativeMismatch"
"606","675a2ef45fbe0cc52b8403ae","control_Dissimilar","0","DissimilarControl","come","go","come-go","",""
"607","675a2ef45fbe0cc52b8403ae","control_MaxMatch_Positive_Abstract","70","MaxMatch","admired","believe","admired-believe","AbstractMatch","PositiveMatch"
"608","675a2ef45fbe0cc52b8403ae","control_MaxMatch_Negative_Abstract","99","MaxMatch","loathe","violate","loathe-violate","AbstractMatch","NegativeMatch"
"609","675a2ef45fbe0cc52b8403ae","control_MaxMatch_Negative_Concrete","71","MaxMatch","murder","scratch","murder-scratch","ConcreteMatch","NegativeMatch"
"610","675a2ef45fbe0cc52b8403ae","test_ConceptualMatch_Concrete","36","ConceptualMatchingOnly","cook","scratch","cook-scratch","ConceptualMatch:concrete","PositiveMismatch"
"611","675a2ef45fbe0cc52b8403ae","test_ValenceMatch_Positive","16","ValenceMatchingOnly","eat","respect","eat-respect","ConcreteMismatch","PositiveMatch"
"612","675a2ef45fbe0cc52b8403ae","control_Similar","99","SimilarControl","speak","talk","speak-talk","",""
"613","675a2ef45fbe0cc52b8403ae","control_Dissimilar","0","DissimilarControl","arrive","leave","arrive-leave","",""
"614","675a2ef45fbe0cc52b8403ae","control_MaxMatch_Positive_Concrete","15","MaxMatch","kiss","running","kiss-running","ConcreteMatch","PositiveMatch"
"615","675a2ef45fbe0cc52b8403ae","control_Similar","99","SimilarControl","end","finish","end-finish","",""
"616","675a2ef45fbe0cc52b8403ae","test_ValenceMatch_Negative","68","ValenceMatchingOnly","scratch","obsess","scratch-obsess","ConcreteMismatch","NegativeMatch"
"617","675a2ef45fbe0cc52b8403ae","test_ConceptualMatch_Abstract","3","ConceptualMatchingOnly","violate","hope","violate-hope","ConceptualMatch:abstract","NegativeMismatch"
"618","675a2ef45fbe0cc52b8403ae","control_MaxMismatch","14","MaxMismatch","exploit","cherish","exploit-cherish","AbstractMismatch","NegativeMismatch"
"619","675a2ef45fbe0cc52b8403ae","control_Dissimilar","25","DissimilarControl","push","pull","push-pull","",""
"620","675a2ef45fbe0cc52b8403ae","control_MaxMatch_Positive_Abstract","99","MaxMatch","hope","fulfill","hope-fulfill","AbstractMatch","PositiveMatch"
"621","675a2ef45fbe0cc52b8403ae","control_MaxMatch_Negative_Abstract","42","MaxMatch","befall","violate","befall-violate","AbstractMatch","NegativeMatch"
"622","675a2ef45fbe0cc52b8403ae","control_MaxMatch_Negative_Concrete","70","MaxMatch","scratch","stab","scratch-stab","ConcreteMatch","NegativeMatch"
"623","675a2ef45fbe0cc52b8403ae","test_ConceptualMatch_Concrete","59","ConceptualMatchingOnly","kiss","vomit","kiss-vomit","ConceptualMatch:concrete","PositiveMismatch"
"624","675a2ef45fbe0cc52b8403ae","test_ValenceMatch_Positive","99","ValenceMatchingOnly","hug","respect","hug-respect","ConcreteMismatch","PositiveMatch"
"625","675a2ef45fbe0cc52b8403ae","control_Similar","99","SimilarControl","get","obtain","get-obtain","",""
"626","675a2ef45fbe0cc52b8403ae","control_Dissimilar","0","DissimilarControl","enter","exit","enter-exit","",""
"627","675a2ef45fbe0cc52b8403ae","control_MaxMatch_Positive_Concrete","8","MaxMatch","cook","running","cook-running","ConcreteMatch","PositiveMatch"
"628","675a2ef45fbe0cc52b8403ae","control_Similar","99","SimilarControl","show","display","show-display","",""
"629","675a2ef45fbe0cc52b8403ae","test_ValenceMatch_Negative","99","ValenceMatchingOnly","vomit","resent","vomit-resent","ConcreteMismatch","NegativeMatch"
"630","675a2ef45fbe0cc52b8403ae","test_ConceptualMatch_Abstract","0","ConceptualMatchingOnly","criticize","enlighten","criticize-enlighten","ConceptualMatch:abstract","NegativeMismatch"
"631","675a2ef45fbe0cc52b8403ae","control_MaxMismatch","0","MaxMismatch","obsess","enlighten","obsess-enlighten","AbstractMismatch","NegativeMismatch"
"632","675a2ef45fbe0cc52b8403ae","control_Dissimilar","0","DissimilarControl","give","take","give-take","",""
"633","675a2ef45fbe0cc52b8403ae","control_MaxMatch_Positive_Abstract","99","MaxMatch","enlighten","respect","enlighten-respect","AbstractMatch","PositiveMatch"
"634","675a2ef45fbe0cc52b8403ae","control_MaxMatch_Negative_Abstract","99","MaxMatch","annoy","resent","annoy-resent","AbstractMatch","NegativeMatch"
"635","675a2ef45fbe0cc52b8403ae","control_MaxMatch_Negative_Concrete","99","MaxMatch","kill","stab","kill-stab","ConcreteMatch","NegativeMatch"
"636","675a2ef45fbe0cc52b8403ae","test_ConceptualMatch_Concrete","0","ConceptualMatchingOnly","cuddle","stab","cuddle-stab","ConceptualMatch:concrete","PositiveMismatch"
"637","675a2ef45fbe0cc52b8403ae","test_ValenceMatch_Positive","26","ValenceMatchingOnly","sail","admired","sail-admired","ConcreteMismatch","PositiveMatch"
"638","675a2ef45fbe0cc52b8403ae","control_Similar","99","SimilarControl","ask","inquire","ask-inquire","",""
"639","675a2ef45fbe0cc52b8403ae","control_Dissimilar","6","DissimilarControl","rise","fall","rise-fall","",""
"640","675a2ef45fbe0cc52b8403ae","control_MaxMatch_Positive_Concrete","83","MaxMatch","build","sail","build-sail","ConcreteMatch","PositiveMatch"
"641","675a2ef45fbe0cc52b8403ae","control_Similar","99","SimilarControl","begin","start","begin-start","",""
"642","675a2ef45fbe0cc52b8403ae","test_ValenceMatch_Negative","99","ValenceMatchingOnly","kill","resent","kill-resent","ConcreteMismatch","NegativeMatch"
"643","675a2ef45fbe0cc52b8403ae","test_ConceptualMatch_Abstract","0","ConceptualMatchingOnly","worry","admired","worry-admired","ConceptualMatch:abstract","NegativeMismatch"
"644","675a2ef45fbe0cc52b8403ae","control_MaxMismatch","20","MaxMismatch","scorn","hope","scorn-hope","AbstractMismatch","NegativeMismatch"
"645","675a2ef45fbe0cc52b8403ae","control_Dissimilar","21","DissimilarControl","begin","end","begin-end","",""
"646","675a2ef45fbe0cc52b8403ae","control_MaxMatch_Positive_Abstract","99","MaxMatch","enlighten","justify","enlighten-justify","AbstractMatch","PositiveMatch"
"647","675a2ef45fbe0cc52b8403ae","control_MaxMatch_Negative_Abstract","99","MaxMatch","loathe","resent","loathe-resent","AbstractMatch","NegativeMatch"
"648","675a2ef45fbe0cc52b8403ae","control_MaxMatch_Negative_Concrete","19","MaxMatch","murder","spit","murder-spit","ConcreteMatch","NegativeMatch"
"649","675a2ef45fbe0cc52b8403ae","test_ConceptualMatch_Concrete","13","ConceptualMatchingOnly","eat","stab","eat-stab","ConceptualMatch:concrete","PositiveMismatch"
"650","675a2ef45fbe0cc52b8403ae","test_ValenceMatch_Positive","99","ValenceMatchingOnly","kiss","cherish","kiss-cherish","ConcreteMismatch","PositiveMatch"
"651","676ca3da9773676ad989ef10","control_Similar","94","SimilarControl","need","require","need-require","",""
"652","676ca3da9773676ad989ef10","control_Dissimilar","7","DissimilarControl","rise","fall","rise-fall","",""
"653","676ca3da9773676ad989ef10","control_MaxMatch_Negative_Concrete","14","MaxMatch","bleed","spit","bleed-spit","ConcreteMatch","NegativeMatch"
"654","676ca3da9773676ad989ef10","control_MaxMatch_Negative_Abstract","57","MaxMatch","exploit","worry","exploit-worry","AbstractMatch","NegativeMatch"
"655","676ca3da9773676ad989ef10","test_ValenceMatch_Negative","6","ValenceMatchingOnly","bleed","resent","bleed-resent","ConcreteMismatch","NegativeMatch"
"656","676ca3da9773676ad989ef10","control_Similar","99","SimilarControl","ask","inquire","ask-inquire","",""
"657","676ca3da9773676ad989ef10","control_MaxMatch_Positive_Concrete","1","MaxMatch","build","eat","build-eat","ConcreteMatch","PositiveMatch"
"658","676ca3da9773676ad989ef10","test_ConceptualMatch_Abstract","4","ConceptualMatchingOnly","violate","believe","violate-believe","ConceptualMatch:abstract","NegativeMismatch"
"659","676ca3da9773676ad989ef10","control_MaxMatch_Positive_Abstract","69","MaxMatch","believe","esteem","believe-esteem","AbstractMatch","PositiveMatch"
"660","676ca3da9773676ad989ef10","test_ConceptualMatch_Concrete","0","ConceptualMatchingOnly","smile","puke","smile-puke","ConceptualMatch:concrete","PositiveMismatch"
"661","676ca3da9773676ad989ef10","control_MaxMismatch","2","MaxMismatch","violate","esteem","violate-esteem","AbstractMismatch","NegativeMismatch"
"662","676ca3da9773676ad989ef10","control_Dissimilar","0","DissimilarControl","enter","exit","enter-exit","",""
"663","676ca3da9773676ad989ef10","test_ValenceMatch_Positive","59","ValenceMatchingOnly","build","esteem","build-esteem","ConcreteMismatch","PositiveMatch"
"664","676ca3da9773676ad989ef10","control_Similar","99","SimilarControl","show","display","show-display","",""
"665","676ca3da9773676ad989ef10","control_Dissimilar","6","DissimilarControl","increase","decrease","increase-decrease","",""
"666","676ca3da9773676ad989ef10","control_MaxMatch_Negative_Concrete","0","MaxMatch","smack","vomit","smack-vomit","ConcreteMatch","NegativeMatch"
"667","676ca3da9773676ad989ef10","control_MaxMatch_Negative_Abstract","69","MaxMatch","befall","loathe","befall-loathe","AbstractMatch","NegativeMatch"
"668","676ca3da9773676ad989ef10","test_ValenceMatch_Negative","23","ValenceMatchingOnly","bleed","annoy","bleed-annoy","ConcreteMismatch","NegativeMatch"
"669","676ca3da9773676ad989ef10","control_Similar","99","SimilarControl","speak","talk","speak-talk","",""
"670","676ca3da9773676ad989ef10","control_MaxMatch_Positive_Concrete","0","MaxMatch","hug","running","hug-running","ConcreteMatch","PositiveMatch"
"671","676ca3da9773676ad989ef10","test_ConceptualMatch_Abstract","56","ConceptualMatchingOnly","exploit","imagine","exploit-imagine","ConceptualMatch:abstract","NegativeMismatch"
"672","676ca3da9773676ad989ef10","control_MaxMatch_Positive_Abstract","87","MaxMatch","believe","fulfill","believe-fulfill","AbstractMatch","PositiveMatch"
"673","676ca3da9773676ad989ef10","test_ConceptualMatch_Concrete","0","ConceptualMatchingOnly","build","spit","build-spit","ConceptualMatch:concrete","PositiveMismatch"
"674","676ca3da9773676ad989ef10","control_MaxMismatch","0","MaxMismatch","criticize","fulfill","criticize-fulfill","AbstractMismatch","NegativeMismatch"
"675","676ca3da9773676ad989ef10","control_Dissimilar","8","DissimilarControl","begin","end","begin-end","",""
"676","676ca3da9773676ad989ef10","test_ValenceMatch_Positive","7","ValenceMatchingOnly","running","respect","running-respect","ConcreteMismatch","PositiveMatch"
"677","676ca3da9773676ad989ef10","control_Similar","99","SimilarControl","begin","start","begin-start","",""
"678","676ca3da9773676ad989ef10","control_Dissimilar","0","DissimilarControl","add","remove","add-remove","",""
"679","676ca3da9773676ad989ef10","control_MaxMatch_Negative_Concrete","91","MaxMatch","spit","vomit","spit-vomit","ConcreteMatch","NegativeMatch"
"680","676ca3da9773676ad989ef10","control_MaxMatch_Negative_Abstract","91","MaxMatch","loathe","scorn","loathe-scorn","AbstractMatch","NegativeMatch"
"681","676ca3da9773676ad989ef10","test_ValenceMatch_Negative","63","ValenceMatchingOnly","puke","violate","puke-violate","ConcreteMismatch","NegativeMatch"
"682","676ca3da9773676ad989ef10","control_Similar","99","SimilarControl","end","finish","end-finish","",""
"683","676ca3da9773676ad989ef10","control_MaxMatch_Positive_Concrete","86","MaxMatch","cuddle","kiss","cuddle-kiss","ConcreteMatch","PositiveMatch"
"684","676ca3da9773676ad989ef10","test_ConceptualMatch_Abstract","31","ConceptualMatchingOnly","exploit","believe","exploit-believe","ConceptualMatch:abstract","NegativeMismatch"
"685","676ca3da9773676ad989ef10","control_MaxMatch_Positive_Abstract","94","MaxMatch","esteem","respect","esteem-respect","AbstractMatch","PositiveMatch"
"686","676ca3da9773676ad989ef10","test_ConceptualMatch_Concrete","2","ConceptualMatchingOnly","cook","slap","cook-slap","ConceptualMatch:concrete","PositiveMismatch"
"687","676ca3da9773676ad989ef10","control_MaxMismatch","9","MaxMismatch","scorn","fulfill","scorn-fulfill","AbstractMismatch","NegativeMismatch"
"688","676ca3da9773676ad989ef10","control_Dissimilar","5","DissimilarControl","give","take","give-take","",""
"689","676ca3da9773676ad989ef10","test_ValenceMatch_Positive","67","ValenceMatchingOnly","smile","esteem","smile-esteem","ConcreteMismatch","PositiveMatch"
"690","676ca3da9773676ad989ef10","control_Similar","93","SimilarControl","use","employ","use-employ","",""
"691","676ca3da9773676ad989ef10","control_Dissimilar","4","DissimilarControl","arrive","leave","arrive-leave","",""
"692","676ca3da9773676ad989ef10","control_MaxMatch_Negative_Concrete","75","MaxMatch","scratch","smack","scratch-smack","ConcreteMatch","NegativeMatch"
"693","676ca3da9773676ad989ef10","control_MaxMatch_Negative_Abstract","86","MaxMatch","annoy","exploit","annoy-exploit","AbstractMatch","NegativeMatch"
"694","676ca3da9773676ad989ef10","test_ValenceMatch_Negative","12","ValenceMatchingOnly","scratch","exploit","scratch-exploit","ConcreteMismatch","NegativeMatch"
"695","676ca3da9773676ad989ef10","control_Similar","96","SimilarControl","get","obtain","get-obtain","",""
"696","676ca3da9773676ad989ef10","control_MaxMatch_Positive_Concrete","5","MaxMatch","build","cuddle","build-cuddle","ConcreteMatch","PositiveMatch"
"697","676ca3da9773676ad989ef10","test_ConceptualMatch_Abstract","6","ConceptualMatchingOnly","resent","admired","resent-admired","ConceptualMatch:abstract","NegativeMismatch"
"698","676ca3da9773676ad989ef10","control_MaxMatch_Positive_Abstract","80","MaxMatch","cherish","justify","cherish-justify","AbstractMatch","PositiveMatch"
"699","676ca3da9773676ad989ef10","test_ConceptualMatch_Concrete","1","ConceptualMatchingOnly","running","smack","running-smack","ConceptualMatch:concrete","PositiveMismatch"
"700","676ca3da9773676ad989ef10","control_MaxMismatch","60","MaxMismatch","obsess","fulfill","obsess-fulfill","AbstractMismatch","NegativeMismatch"
"701","676ca3da9773676ad989ef10","control_Dissimilar","0","DissimilarControl","open","close","open-close","",""
"702","676ca3da9773676ad989ef10","test_ValenceMatch_Positive","56","ValenceMatchingOnly","running","fulfill","running-fulfill","ConcreteMismatch","PositiveMatch"
"703","676ca3da9773676ad989ef10","control_Similar","99","SimilarControl","help","assist","help-assist","",""
"704","676ca3da9773676ad989ef10","control_Dissimilar","0","DissimilarControl","come","go","come-go","",""
"705","676ca3da9773676ad989ef10","control_MaxMatch_Negative_Concrete","83","MaxMatch","kill","stab","kill-stab","ConcreteMatch","NegativeMatch"
"706","676ca3da9773676ad989ef10","control_MaxMatch_Negative_Abstract","69","MaxMatch","scorn","worry","scorn-worry","AbstractMatch","NegativeMatch"
"707","676ca3da9773676ad989ef10","test_ValenceMatch_Negative","5","ValenceMatchingOnly","vomit","befall","vomit-befall","ConcreteMismatch","NegativeMatch"
"708","676ca3da9773676ad989ef10","control_Similar","99","SimilarControl","buy","purchase","buy-purchase","",""
"709","676ca3da9773676ad989ef10","control_MaxMatch_Positive_Concrete","0","MaxMatch","cook","smile","cook-smile","ConcreteMatch","PositiveMatch"
"710","676ca3da9773676ad989ef10","test_ConceptualMatch_Abstract","0","ConceptualMatchingOnly","scorn","hope","scorn-hope","ConceptualMatch:abstract","NegativeMismatch"
"711","676ca3da9773676ad989ef10","control_MaxMatch_Positive_Abstract","93","MaxMatch","fulfill","justify","fulfill-justify","AbstractMatch","PositiveMatch"
"712","676ca3da9773676ad989ef10","test_ConceptualMatch_Concrete","0","ConceptualMatchingOnly","cuddle","bleed","cuddle-bleed","ConceptualMatch:concrete","PositiveMismatch"
"713","676ca3da9773676ad989ef10","control_MaxMismatch","6","MaxMismatch","violate","believe","violate-believe","AbstractMismatch","NegativeMismatch"
"714","676ca3da9773676ad989ef10","control_Dissimilar","7","DissimilarControl","push","pull","push-pull","",""
"715","676ca3da9773676ad989ef10","test_ValenceMatch_Positive","79","ValenceMatchingOnly","cuddle","cherish","cuddle-cherish","ConcreteMismatch","PositiveMatch"
"716","645906dc264ac9eb66b7f3ec","control_Dissimilar","25","DissimilarControl","give","take","give-take","",""
"717","645906dc264ac9eb66b7f3ec","control_Similar","87","SimilarControl","help","assist","help-assist","",""
"718","645906dc264ac9eb66b7f3ec","control_MaxMatch_Negative_Concrete","0","MaxMatch","murder","spit","murder-spit","ConcreteMatch","NegativeMatch"
"719","645906dc264ac9eb66b7f3ec","test_ConceptualMatch_Concrete","55","ConceptualMatchingOnly","swing","smack","swing-smack","ConceptualMatch:concrete","PositiveMismatch"
"720","645906dc264ac9eb66b7f3ec","test_ConceptualMatch_Abstract","0","ConceptualMatchingOnly","befall","imagine","befall-imagine","ConceptualMatch:abstract","NegativeMismatch"
"721","645906dc264ac9eb66b7f3ec","test_ValenceMatch_Negative","0","ValenceMatchingOnly","spit","resent","spit-resent","ConcreteMismatch","NegativeMatch"
"722","645906dc264ac9eb66b7f3ec","control_MaxMismatch","4","MaxMismatch","befall","believe","befall-believe","AbstractMismatch","NegativeMismatch"
"723","645906dc264ac9eb66b7f3ec","control_MaxMatch_Negative_Abstract","21","MaxMatch","annoy","worry","annoy-worry","AbstractMatch","NegativeMatch"
"724","645906dc264ac9eb66b7f3ec","control_MaxMatch_Positive_Concrete","0","MaxMatch","cuddle","sail","cuddle-sail","ConcreteMatch","PositiveMatch"
"725","645906dc264ac9eb66b7f3ec","control_Dissimilar","23","DissimilarControl","open","close","open-close","",""
"726","645906dc264ac9eb66b7f3ec","control_Similar","98","SimilarControl","ask","inquire","ask-inquire","",""
"727","645906dc264ac9eb66b7f3ec","control_MaxMatch_Positive_Abstract","32","MaxMatch","imagine","justify","imagine-justify","AbstractMatch","PositiveMatch"
"728","645906dc264ac9eb66b7f3ec","test_ValenceMatch_Positive","0","ValenceMatchingOnly","swing","cherish","swing-cherish","ConcreteMismatch","PositiveMatch"
"729","645906dc264ac9eb66b7f3ec","control_Dissimilar","15","DissimilarControl","rise","fall","rise-fall","",""
"730","645906dc264ac9eb66b7f3ec","control_Similar","84","SimilarControl","buy","purchase","buy-purchase","",""
"731","645906dc264ac9eb66b7f3ec","control_MaxMatch_Negative_Concrete","0","MaxMatch","murder","smack","murder-smack","ConcreteMatch","NegativeMatch"
"732","645906dc264ac9eb66b7f3ec","test_ConceptualMatch_Concrete","84","ConceptualMatchingOnly","smile","bleed","smile-bleed","ConceptualMatch:concrete","PositiveMismatch"
"733","645906dc264ac9eb66b7f3ec","test_ConceptualMatch_Abstract","0","ConceptualMatchingOnly","exploit","enlighten","exploit-enlighten","ConceptualMatch:abstract","NegativeMismatch"
"734","645906dc264ac9eb66b7f3ec","test_ValenceMatch_Negative","0","ValenceMatchingOnly","spit","worry","spit-worry","ConcreteMismatch","NegativeMatch"
"735","645906dc264ac9eb66b7f3ec","control_MaxMismatch","14","MaxMismatch","resent","imagine","resent-imagine","AbstractMismatch","NegativeMismatch"
"736","645906dc264ac9eb66b7f3ec","control_MaxMatch_Negative_Abstract","0","MaxMatch","befall","criticize","befall-criticize","AbstractMatch","NegativeMatch"
"737","645906dc264ac9eb66b7f3ec","control_MaxMatch_Positive_Concrete","12","MaxMatch","cook","smile","cook-smile","ConcreteMatch","PositiveMatch"
"738","645906dc264ac9eb66b7f3ec","control_Dissimilar","25","DissimilarControl","increase","decrease","increase-decrease","",""
"739","645906dc264ac9eb66b7f3ec","control_Similar","99","SimilarControl","speak","talk","speak-talk","",""
"740","645906dc264ac9eb66b7f3ec","control_MaxMatch_Positive_Abstract","15","MaxMatch","enlighten","believe","enlighten-believe","AbstractMatch","PositiveMatch"
"741","645906dc264ac9eb66b7f3ec","test_ValenceMatch_Positive","8","ValenceMatchingOnly","cook","enlighten","cook-enlighten","ConcreteMismatch","PositiveMatch"
"742","645906dc264ac9eb66b7f3ec","control_Dissimilar","24","DissimilarControl","come","go","come-go","",""
"743","645906dc264ac9eb66b7f3ec","control_Similar","95","SimilarControl","need","require","need-require","",""
"744","645906dc264ac9eb66b7f3ec","control_MaxMatch_Negative_Concrete","0","MaxMatch","murder","scratch","murder-scratch","ConcreteMatch","NegativeMatch"
"745","645906dc264ac9eb66b7f3ec","test_ConceptualMatch_Concrete","2","ConceptualMatchingOnly","kiss","puke","kiss-puke","ConceptualMatch:concrete","PositiveMismatch"
"746","645906dc264ac9eb66b7f3ec","test_ConceptualMatch_Abstract","2","ConceptualMatchingOnly","criticize","fulfill","criticize-fulfill","ConceptualMatch:abstract","NegativeMismatch"
"747","645906dc264ac9eb66b7f3ec","test_ValenceMatch_Negative","9","ValenceMatchingOnly","spit","exploit","spit-exploit","ConcreteMismatch","NegativeMatch"
"748","645906dc264ac9eb66b7f3ec","control_MaxMismatch","7","MaxMismatch","scorn","imagine","scorn-imagine","AbstractMismatch","NegativeMismatch"
"749","645906dc264ac9eb66b7f3ec","control_MaxMatch_Negative_Abstract","0","MaxMatch","befall","loathe","befall-loathe","AbstractMatch","NegativeMatch"
"750","645906dc264ac9eb66b7f3ec","control_MaxMatch_Positive_Concrete","0","MaxMatch","build","smile","build-smile","ConcreteMatch","PositiveMatch"
"751","645906dc264ac9eb66b7f3ec","control_Dissimilar","25","DissimilarControl","add","remove","add-remove","",""
"752","645906dc264ac9eb66b7f3ec","control_Similar","88","SimilarControl","get","obtain","get-obtain","",""
"753","645906dc264ac9eb66b7f3ec","control_MaxMatch_Positive_Abstract","0","MaxMatch","believe","esteem","believe-esteem","AbstractMatch","PositiveMatch"
"754","645906dc264ac9eb66b7f3ec","test_ValenceMatch_Positive","67","ValenceMatchingOnly","hug","cherish","hug-cherish","ConcreteMismatch","PositiveMatch"
"755","645906dc264ac9eb66b7f3ec","control_Dissimilar","19","DissimilarControl","arrive","leave","arrive-leave","",""
"756","645906dc264ac9eb66b7f3ec","control_Similar","99","SimilarControl","use","employ","use-employ","",""
"757","645906dc264ac9eb66b7f3ec","control_MaxMatch_Negative_Concrete","0","MaxMatch","slap","stab","slap-stab","ConcreteMatch","NegativeMatch"
"758","645906dc264ac9eb66b7f3ec","test_ConceptualMatch_Concrete","0","ConceptualMatchingOnly","swing","vomit","swing-vomit","ConceptualMatch:concrete","PositiveMismatch"
"759","645906dc264ac9eb66b7f3ec","test_ConceptualMatch_Abstract","2","ConceptualMatchingOnly","befall","justify","befall-justify","ConceptualMatch:abstract","NegativeMismatch"
"760","645906dc264ac9eb66b7f3ec","test_ValenceMatch_Negative","9","ValenceMatchingOnly","puke","obsess","puke-obsess","ConcreteMismatch","NegativeMatch"
"761","645906dc264ac9eb66b7f3ec","control_MaxMismatch","0","MaxMismatch","violate","imagine","violate-imagine","AbstractMismatch","NegativeMismatch"
"762","645906dc264ac9eb66b7f3ec","control_MaxMatch_Negative_Abstract","10","MaxMatch","loathe","violate","loathe-violate","AbstractMatch","NegativeMatch"
"763","645906dc264ac9eb66b7f3ec","control_MaxMatch_Positive_Concrete","0","MaxMatch","eat","swing","eat-swing","ConcreteMatch","PositiveMatch"
"764","645906dc264ac9eb66b7f3ec","control_Dissimilar","17","DissimilarControl","begin","end","begin-end","",""
"765","645906dc264ac9eb66b7f3ec","control_Similar","99","SimilarControl","end","finish","end-finish","",""
"766","645906dc264ac9eb66b7f3ec","control_MaxMatch_Positive_Abstract","0","MaxMatch","imagine","admired","imagine-admired","AbstractMatch","PositiveMatch"
"767","645906dc264ac9eb66b7f3ec","test_ValenceMatch_Positive","3","ValenceMatchingOnly","running","enlighten","running-enlighten","ConcreteMismatch","PositiveMatch"
"768","645906dc264ac9eb66b7f3ec","control_Dissimilar","25","DissimilarControl","push","pull","push-pull","",""
"769","645906dc264ac9eb66b7f3ec","control_Similar","99","SimilarControl","begin","start","begin-start","",""
"770","645906dc264ac9eb66b7f3ec","control_MaxMatch_Negative_Concrete","0","MaxMatch","slap","vomit","slap-vomit","ConcreteMatch","NegativeMatch"
"771","645906dc264ac9eb66b7f3ec","test_ConceptualMatch_Concrete","16","ConceptualMatchingOnly","kiss","spit","kiss-spit","ConceptualMatch:concrete","PositiveMismatch"
"772","645906dc264ac9eb66b7f3ec","test_ConceptualMatch_Abstract","4","ConceptualMatchingOnly","criticize","admired","criticize-admired","ConceptualMatch:abstract","NegativeMismatch"
"773","645906dc264ac9eb66b7f3ec","test_ValenceMatch_Negative","1","ValenceMatchingOnly","stab","criticize","stab-criticize","ConcreteMismatch","NegativeMatch"
"774","645906dc264ac9eb66b7f3ec","control_MaxMismatch","0","MaxMismatch","befall","respect","befall-respect","AbstractMismatch","NegativeMismatch"
"775","645906dc264ac9eb66b7f3ec","control_MaxMatch_Negative_Abstract","0","MaxMatch","criticize","worry","criticize-worry","AbstractMatch","NegativeMatch"
"776","645906dc264ac9eb66b7f3ec","control_MaxMatch_Positive_Concrete","0","MaxMatch","eat","running","eat-running","ConcreteMatch","PositiveMatch"
"777","645906dc264ac9eb66b7f3ec","control_Dissimilar","29","DissimilarControl","enter","exit","enter-exit","",""
"778","645906dc264ac9eb66b7f3ec","control_Similar","95","SimilarControl","show","display","show-display","",""
"779","645906dc264ac9eb66b7f3ec","control_MaxMatch_Positive_Abstract","0","MaxMatch","admired","hope","admired-hope","AbstractMatch","PositiveMatch"
"780","645906dc264ac9eb66b7f3ec","test_ValenceMatch_Positive","0","ValenceMatchingOnly","swing","respect","swing-respect","ConcreteMismatch","PositiveMatch"
"781","65dca046786b41c22b4de4e6","control_Dissimilar","0","DissimilarControl","increase","decrease","increase-decrease","",""
"782","65dca046786b41c22b4de4e6","control_Similar","99","SimilarControl","speak","talk","speak-talk","",""
"783","65dca046786b41c22b4de4e6","control_Dissimilar","0","DissimilarControl","give","take","give-take","",""
"784","65dca046786b41c22b4de4e6","control_MaxMismatch","0","MaxMismatch","violate","fulfill","violate-fulfill","AbstractMismatch","NegativeMismatch"
"785","65dca046786b41c22b4de4e6","test_ValenceMatch_Negative","45","ValenceMatchingOnly","puke","criticize","puke-criticize","ConcreteMismatch","NegativeMatch"
"786","65dca046786b41c22b4de4e6","control_MaxMatch_Negative_Concrete","71","MaxMatch","scratch","smack","scratch-smack","ConcreteMatch","NegativeMatch"
"787","65dca046786b41c22b4de4e6","control_MaxMatch_Positive_Abstract","64","MaxMatch","cherish","justify","cherish-justify","AbstractMatch","PositiveMatch"
"788","65dca046786b41c22b4de4e6","control_Similar","99","SimilarControl","use","employ","use-employ","",""
"789","65dca046786b41c22b4de4e6","test_ValenceMatch_Positive","77","ValenceMatchingOnly","eat","fulfill","eat-fulfill","ConcreteMismatch","PositiveMatch"
"790","65dca046786b41c22b4de4e6","control_MaxMatch_Positive_Concrete","51","MaxMatch","running","smile","running-smile","ConcreteMatch","PositiveMatch"
"791","65dca046786b41c22b4de4e6","control_MaxMatch_Negative_Abstract","64","MaxMatch","annoy","criticize","annoy-criticize","AbstractMatch","NegativeMatch"
"792","65dca046786b41c22b4de4e6","test_ConceptualMatch_Abstract","19","ConceptualMatchingOnly","obsess","hope","obsess-hope","ConceptualMatch:abstract","NegativeMismatch"
"793","65dca046786b41c22b4de4e6","test_ConceptualMatch_Concrete","0","ConceptualMatchingOnly","cuddle","puke","cuddle-puke","ConceptualMatch:concrete","PositiveMismatch"
"794","65dca046786b41c22b4de4e6","control_Dissimilar","0","DissimilarControl","rise","fall","rise-fall","",""
"795","65dca046786b41c22b4de4e6","control_Similar","99","SimilarControl","ask","inquire","ask-inquire","",""
"796","65dca046786b41c22b4de4e6","control_Dissimilar","1","DissimilarControl","arrive","leave","arrive-leave","",""
"797","65dca046786b41c22b4de4e6","control_MaxMismatch","11","MaxMismatch","worry","justify","worry-justify","AbstractMismatch","NegativeMismatch"
"798","65dca046786b41c22b4de4e6","test_ValenceMatch_Negative","10","ValenceMatchingOnly","slap","worry","slap-worry","ConcreteMismatch","NegativeMatch"
"799","65dca046786b41c22b4de4e6","control_MaxMatch_Negative_Concrete","59","MaxMatch","spit","stab","spit-stab","ConcreteMatch","NegativeMatch"
"800","65dca046786b41c22b4de4e6","control_MaxMatch_Positive_Abstract","90","MaxMatch","cherish","respect","cherish-respect","AbstractMatch","PositiveMatch"
"801","65dca046786b41c22b4de4e6","control_Similar","96","SimilarControl","show","display","show-display","",""
"802","65dca046786b41c22b4de4e6","test_ValenceMatch_Positive","6","ValenceMatchingOnly","running","cherish","running-cherish","ConcreteMismatch","PositiveMatch"
"803","65dca046786b41c22b4de4e6","control_MaxMatch_Positive_Concrete","37","MaxMatch","eat","sail","eat-sail","ConcreteMatch","PositiveMatch"
"804","65dca046786b41c22b4de4e6","control_MaxMatch_Negative_Abstract","27","MaxMatch","scorn","worry","scorn-worry","AbstractMatch","NegativeMatch"
"805","65dca046786b41c22b4de4e6","test_ConceptualMatch_Abstract","60","ConceptualMatchingOnly","obsess","cherish","obsess-cherish","ConceptualMatch:abstract","NegativeMismatch"
"806","65dca046786b41c22b4de4e6","test_ConceptualMatch_Concrete","5","ConceptualMatchingOnly","swing","scratch","swing-scratch","ConceptualMatch:concrete","PositiveMismatch"
"807","65dca046786b41c22b4de4e6","control_Dissimilar","0","DissimilarControl","come","go","come-go","",""
"808","65dca046786b41c22b4de4e6","control_Similar","99","SimilarControl","need","require","need-require","",""
"809","65dca046786b41c22b4de4e6","control_Dissimilar","2","DissimilarControl","add","remove","add-remove","",""
"810","65dca046786b41c22b4de4e6","control_MaxMismatch","0","MaxMismatch","annoy","enlighten","annoy-enlighten","AbstractMismatch","NegativeMismatch"
"811","65dca046786b41c22b4de4e6","test_ValenceMatch_Negative","89","ValenceMatchingOnly","stab","violate","stab-violate","ConcreteMismatch","NegativeMatch"
"812","65dca046786b41c22b4de4e6","control_MaxMatch_Negative_Concrete","13","MaxMatch","kill","smack","kill-smack","ConcreteMatch","NegativeMatch"
"813","65dca046786b41c22b4de4e6","control_MaxMatch_Positive_Abstract","67","MaxMatch","enlighten","hope","enlighten-hope","AbstractMatch","PositiveMatch"
"814","65dca046786b41c22b4de4e6","control_Similar","99","SimilarControl","buy","purchase","buy-purchase","",""
"815","65dca046786b41c22b4de4e6","test_ValenceMatch_Positive","45","ValenceMatchingOnly","swing","esteem","swing-esteem","ConcreteMismatch","PositiveMatch"
"816","65dca046786b41c22b4de4e6","control_MaxMatch_Positive_Concrete","62","MaxMatch","cook","smile","cook-smile","ConcreteMatch","PositiveMatch"
"817","65dca046786b41c22b4de4e6","control_MaxMatch_Negative_Abstract","65","MaxMatch","exploit","resent","exploit-resent","AbstractMatch","NegativeMatch"
"818","65dca046786b41c22b4de4e6","test_ConceptualMatch_Abstract","1","ConceptualMatchingOnly","scorn","enlighten","scorn-enlighten","ConceptualMatch:abstract","NegativeMismatch"
"819","65dca046786b41c22b4de4e6","test_ConceptualMatch_Concrete","0","ConceptualMatchingOnly","eat","vomit","eat-vomit","ConceptualMatch:concrete","PositiveMismatch"
"820","65dca046786b41c22b4de4e6","control_Dissimilar","1","DissimilarControl","enter","exit","enter-exit","",""
"821","65dca046786b41c22b4de4e6","control_Similar","99","SimilarControl","help","assist","help-assist","",""
"822","65dca046786b41c22b4de4e6","control_Dissimilar","0","DissimilarControl","push","pull","push-pull","",""
"823","65dca046786b41c22b4de4e6","control_MaxMismatch","10","MaxMismatch","annoy","respect","annoy-respect","AbstractMismatch","NegativeMismatch"
"824","65dca046786b41c22b4de4e6","test_ValenceMatch_Negative","26","ValenceMatchingOnly","kill","befall","kill-befall","ConcreteMismatch","NegativeMatch"
"825","65dca046786b41c22b4de4e6","control_MaxMatch_Negative_Concrete","47","MaxMatch","slap","vomit","slap-vomit","ConcreteMatch","NegativeMatch"
"826","65dca046786b41c22b4de4e6","control_MaxMatch_Positive_Abstract","28","MaxMatch","fulfill","justify","fulfill-justify","AbstractMatch","PositiveMatch"
"827","65dca046786b41c22b4de4e6","control_Similar","99","SimilarControl","begin","start","begin-start","",""
"828","65dca046786b41c22b4de4e6","test_ValenceMatch_Positive","63","ValenceMatchingOnly","hug","fulfill","hug-fulfill","ConcreteMismatch","PositiveMatch"
"829","65dca046786b41c22b4de4e6","control_MaxMatch_Positive_Concrete","15","MaxMatch","cook","swing","cook-swing","ConcreteMatch","PositiveMatch"
"830","65dca046786b41c22b4de4e6","control_MaxMatch_Negative_Abstract","88","MaxMatch","loathe","scorn","loathe-scorn","AbstractMatch","NegativeMatch"
"831","65dca046786b41c22b4de4e6","test_ConceptualMatch_Abstract","5","ConceptualMatchingOnly","annoy","enlighten","annoy-enlighten","ConceptualMatch:abstract","NegativeMismatch"
"832","65dca046786b41c22b4de4e6","test_ConceptualMatch_Concrete","0","ConceptualMatchingOnly","kiss","bleed","kiss-bleed","ConceptualMatch:concrete","PositiveMismatch"
"833","65dca046786b41c22b4de4e6","control_Dissimilar","2","DissimilarControl","open","close","open-close","",""
"834","65dca046786b41c22b4de4e6","control_Similar","95","SimilarControl","get","obtain","get-obtain","",""
"835","65dca046786b41c22b4de4e6","control_Dissimilar","0","DissimilarControl","begin","end","begin-end","",""
"836","65dca046786b41c22b4de4e6","control_MaxMismatch","0","MaxMismatch","resent","esteem","resent-esteem","AbstractMismatch","NegativeMismatch"
"837","65dca046786b41c22b4de4e6","test_ValenceMatch_Negative","61","ValenceMatchingOnly","murder","exploit","murder-exploit","ConcreteMismatch","NegativeMatch"
"838","65dca046786b41c22b4de4e6","control_MaxMatch_Negative_Concrete","63","MaxMatch","bleed","vomit","bleed-vomit","ConcreteMatch","NegativeMatch"
"839","65dca046786b41c22b4de4e6","control_MaxMatch_Positive_Abstract","63","MaxMatch","enlighten","believe","enlighten-believe","AbstractMatch","PositiveMatch"
"840","65dca046786b41c22b4de4e6","control_Similar","99","SimilarControl","end","finish","end-finish","",""
"841","65dca046786b41c22b4de4e6","test_ValenceMatch_Positive","45","ValenceMatchingOnly","sail","cherish","sail-cherish","ConcreteMismatch","PositiveMatch"
"842","65dca046786b41c22b4de4e6","control_MaxMatch_Positive_Concrete","77","MaxMatch","eat","smile","eat-smile","ConcreteMatch","PositiveMatch"
"843","65dca046786b41c22b4de4e6","control_MaxMatch_Negative_Abstract","99","MaxMatch","annoy","resent","annoy-resent","AbstractMatch","NegativeMatch"
"844","65dca046786b41c22b4de4e6","test_ConceptualMatch_Abstract","69","ConceptualMatchingOnly","worry","imagine","worry-imagine","ConceptualMatch:abstract","NegativeMismatch"
"845","65dca046786b41c22b4de4e6","test_ConceptualMatch_Concrete","0","ConceptualMatchingOnly","kiss","stab","kiss-stab","ConceptualMatch:concrete","PositiveMismatch"
"846","5f0c7ea47cf1495f4587f741","control_Dissimilar","83","DissimilarControl","give","take","give-take","",""
"847","5f0c7ea47cf1495f4587f741","control_Similar","99","SimilarControl","begin","start","begin-start","",""
"848","5f0c7ea47cf1495f4587f741","control_MaxMatch_Positive_Concrete","0","MaxMatch","build","sail","build-sail","ConcreteMatch","PositiveMatch"
"849","5f0c7ea47cf1495f4587f741","control_MaxMatch_Negative_Concrete","8","MaxMatch","scratch","smack","scratch-smack","ConcreteMatch","NegativeMatch"
"850","5f0c7ea47cf1495f4587f741","control_MaxMismatch","66","MaxMismatch","worry","imagine","worry-imagine","AbstractMismatch","NegativeMismatch"
"851","5f0c7ea47cf1495f4587f741","control_MaxMatch_Positive_Abstract","55","MaxMatch","enlighten","fulfill","enlighten-fulfill","AbstractMatch","PositiveMatch"
"852","5f0c7ea47cf1495f4587f741","test_ValenceMatch_Negative","4","ValenceMatchingOnly","smack","befall","smack-befall","ConcreteMismatch","NegativeMatch"
"853","5f0c7ea47cf1495f4587f741","test_ConceptualMatch_Abstract","0","ConceptualMatchingOnly","obsess","hope","obsess-hope","ConceptualMatch:abstract","NegativeMismatch"
"854","5f0c7ea47cf1495f4587f741","test_ValenceMatch_Positive","0","ValenceMatchingOnly","running","cherish","running-cherish","ConcreteMismatch","PositiveMatch"
"855","5f0c7ea47cf1495f4587f741","control_Dissimilar","80","DissimilarControl","rise","fall","rise-fall","",""
"856","5f0c7ea47cf1495f4587f741","test_ConceptualMatch_Concrete","0","ConceptualMatchingOnly","sail","vomit","sail-vomit","ConceptualMatch:concrete","PositiveMismatch"
"857","5f0c7ea47cf1495f4587f741","control_Similar","99","SimilarControl","need","require","need-require","",""
"858","5f0c7ea47cf1495f4587f741","control_MaxMatch_Negative_Abstract","70","MaxMatch","loathe","obsess","loathe-obsess","AbstractMatch","NegativeMatch"
"859","5f0c7ea47cf1495f4587f741","control_Dissimilar","87","DissimilarControl","arrive","leave","arrive-leave","",""
"860","5f0c7ea47cf1495f4587f741","control_Similar","98","SimilarControl","buy","purchase","buy-purchase","",""
"861","5f0c7ea47cf1495f4587f741","control_MaxMatch_Positive_Concrete","0","MaxMatch","eat","kiss","eat-kiss","ConcreteMatch","PositiveMatch"
"862","5f0c7ea47cf1495f4587f741","control_MaxMatch_Negative_Concrete","0","MaxMatch","kill","vomit","kill-vomit","ConcreteMatch","NegativeMatch"
"863","5f0c7ea47cf1495f4587f741","control_MaxMismatch","0","MaxMismatch","loathe","admired","loathe-admired","AbstractMismatch","NegativeMismatch"
"864","5f0c7ea47cf1495f4587f741","control_MaxMatch_Positive_Abstract","83","MaxMatch","admired","cherish","admired-cherish","AbstractMatch","PositiveMatch"
"865","5f0c7ea47cf1495f4587f741","test_ValenceMatch_Negative","0","ValenceMatchingOnly","vomit","worry","vomit-worry","ConcreteMismatch","NegativeMatch"
"866","5f0c7ea47cf1495f4587f741","test_ConceptualMatch_Abstract","0","ConceptualMatchingOnly","violate","esteem","violate-esteem","ConceptualMatch:abstract","NegativeMismatch"
"867","5f0c7ea47cf1495f4587f741","test_ValenceMatch_Positive","0","ValenceMatchingOnly","eat","admired","eat-admired","ConcreteMismatch","PositiveMatch"
"868","5f0c7ea47cf1495f4587f741","control_Dissimilar","83","DissimilarControl","push","pull","push-pull","",""
"869","5f0c7ea47cf1495f4587f741","test_ConceptualMatch_Concrete","0","ConceptualMatchingOnly","sail","spit","sail-spit","ConceptualMatch:concrete","PositiveMismatch"
"870","5f0c7ea47cf1495f4587f741","control_Similar","99","SimilarControl","speak","talk","speak-talk","",""
"871","5f0c7ea47cf1495f4587f741","control_MaxMatch_Negative_Abstract","2","MaxMatch","befall","exploit","befall-exploit","AbstractMatch","NegativeMatch"
"872","5f0c7ea47cf1495f4587f741","control_Dissimilar","72","DissimilarControl","add","remove","add-remove","",""
"873","5f0c7ea47cf1495f4587f741","control_Similar","99","SimilarControl","use","employ","use-employ","",""
"874","5f0c7ea47cf1495f4587f741","control_MaxMatch_Positive_Concrete","0","MaxMatch","build","smile","build-smile","ConcreteMatch","PositiveMatch"
"875","5f0c7ea47cf1495f4587f741","control_MaxMatch_Negative_Concrete","0","MaxMatch","bleed","slap","bleed-slap","ConcreteMatch","NegativeMatch"
"876","5f0c7ea47cf1495f4587f741","control_MaxMismatch","0","MaxMismatch","violate","fulfill","violate-fulfill","AbstractMismatch","NegativeMismatch"
"877","5f0c7ea47cf1495f4587f741","control_MaxMatch_Positive_Abstract","78","MaxMatch","hope","esteem","hope-esteem","AbstractMatch","PositiveMatch"
"878","5f0c7ea47cf1495f4587f741","test_ValenceMatch_Negative","0","ValenceMatchingOnly","puke","violate","puke-violate","ConcreteMismatch","NegativeMatch"
"879","5f0c7ea47cf1495f4587f741","test_ConceptualMatch_Abstract","0","ConceptualMatchingOnly","violate","hope","violate-hope","ConceptualMatch:abstract","NegativeMismatch"
"880","5f0c7ea47cf1495f4587f741","test_ValenceMatch_Positive","0","ValenceMatchingOnly","kiss","enlighten","kiss-enlighten","ConcreteMismatch","PositiveMatch"
"881","5f0c7ea47cf1495f4587f741","control_Dissimilar","73","DissimilarControl","come","go","come-go","",""
"882","5f0c7ea47cf1495f4587f741","test_ConceptualMatch_Concrete","0","ConceptualMatchingOnly","sail","bleed","sail-bleed","ConceptualMatch:concrete","PositiveMismatch"
"883","5f0c7ea47cf1495f4587f741","control_Similar","99","SimilarControl","ask","inquire","ask-inquire","",""
"884","5f0c7ea47cf1495f4587f741","control_MaxMatch_Negative_Abstract","99","MaxMatch","loathe","resent","loathe-resent","AbstractMatch","NegativeMatch"
"885","5f0c7ea47cf1495f4587f741","control_Dissimilar","74","DissimilarControl","open","close","open-close","",""
"886","5f0c7ea47cf1495f4587f741","control_Similar","99","SimilarControl","help","assist","help-assist","",""
"887","5f0c7ea47cf1495f4587f741","control_MaxMatch_Positive_Concrete","0","MaxMatch","eat","sail","eat-sail","ConcreteMatch","PositiveMatch"
"888","5f0c7ea47cf1495f4587f741","control_MaxMatch_Negative_Concrete","0","MaxMatch","murder","smack","murder-smack","ConcreteMatch","NegativeMatch"
"889","5f0c7ea47cf1495f4587f741","control_MaxMismatch","0","MaxMismatch","befall","fulfill","befall-fulfill","AbstractMismatch","NegativeMismatch"
"890","5f0c7ea47cf1495f4587f741","control_MaxMatch_Positive_Abstract","0","MaxMatch","imagine","respect","imagine-respect","AbstractMatch","PositiveMatch"
"891","5f0c7ea47cf1495f4587f741","test_ValenceMatch_Negative","20","ValenceMatchingOnly","kill","resent","kill-resent","ConcreteMismatch","NegativeMatch"
"892","5f0c7ea47cf1495f4587f741","test_ConceptualMatch_Abstract","1","ConceptualMatchingOnly","annoy","hope","annoy-hope","ConceptualMatch:abstract","NegativeMismatch"
"893","5f0c7ea47cf1495f4587f741","test_ValenceMatch_Positive","0","ValenceMatchingOnly","hug","fulfill","hug-fulfill","ConcreteMismatch","PositiveMatch"
"894","5f0c7ea47cf1495f4587f741","control_Dissimilar","81","DissimilarControl","increase","decrease","increase-decrease","",""
"895","5f0c7ea47cf1495f4587f741","test_ConceptualMatch_Concrete","0","ConceptualMatchingOnly","sail","slap","sail-slap","ConceptualMatch:concrete","PositiveMismatch"
"896","5f0c7ea47cf1495f4587f741","control_Similar","94","SimilarControl","show","display","show-display","",""
"897","5f0c7ea47cf1495f4587f741","control_MaxMatch_Negative_Abstract","21","MaxMatch","scorn","violate","scorn-violate","AbstractMatch","NegativeMatch"
"898","5f0c7ea47cf1495f4587f741","control_Dissimilar","82","DissimilarControl","begin","end","begin-end","",""
"899","5f0c7ea47cf1495f4587f741","control_Similar","99","SimilarControl","get","obtain","get-obtain","",""
"900","5f0c7ea47cf1495f4587f741","control_MaxMatch_Positive_Concrete","0","MaxMatch","cook","cuddle","cook-cuddle","ConcreteMatch","PositiveMatch"
"901","5f0c7ea47cf1495f4587f741","control_MaxMatch_Negative_Concrete","6","MaxMatch","scratch","spit","scratch-spit","ConcreteMatch","NegativeMatch"
"902","5f0c7ea47cf1495f4587f741","control_MaxMismatch","0","MaxMismatch","worry","admired","worry-admired","AbstractMismatch","NegativeMismatch"
"903","5f0c7ea47cf1495f4587f741","control_MaxMatch_Positive_Abstract","11","MaxMatch","enlighten","believe","enlighten-believe","AbstractMatch","PositiveMatch"
"904","5f0c7ea47cf1495f4587f741","test_ValenceMatch_Negative","0","ValenceMatchingOnly","stab","annoy","stab-annoy","ConcreteMismatch","NegativeMatch"
"905","5f0c7ea47cf1495f4587f741","test_ConceptualMatch_Abstract","7","ConceptualMatchingOnly","worry","hope","worry-hope","ConceptualMatch:abstract","NegativeMismatch"
"906","5f0c7ea47cf1495f4587f741","test_ValenceMatch_Positive","0","ValenceMatchingOnly","swing","hope","swing-hope","ConcreteMismatch","PositiveMatch"
"907","5f0c7ea47cf1495f4587f741","control_Dissimilar","74","DissimilarControl","enter","exit","enter-exit","",""
"908","5f0c7ea47cf1495f4587f741","test_ConceptualMatch_Concrete","0","ConceptualMatchingOnly","kiss","stab","kiss-stab","ConceptualMatch:concrete","PositiveMismatch"
"909","5f0c7ea47cf1495f4587f741","control_Similar","99","SimilarControl","end","finish","end-finish","",""
"910","5f0c7ea47cf1495f4587f741","control_MaxMatch_Negative_Abstract","0","MaxMatch","annoy","violate","annoy-violate","AbstractMatch","NegativeMatch"
"911","5ef246c6d2b9060809858e7e","control_Similar","99","SimilarControl","speak","talk","speak-talk","",""
"912","5ef246c6d2b9060809858e7e","control_Dissimilar","0","DissimilarControl","give","take","give-take","",""
"913","5ef246c6d2b9060809858e7e","control_MaxMatch_Negative_Abstract","41","MaxMatch","criticize","resent","criticize-resent","AbstractMatch","NegativeMatch"
"914","5ef246c6d2b9060809858e7e","control_MaxMatch_Negative_Concrete","56","MaxMatch","smack","spit","smack-spit","ConcreteMatch","NegativeMatch"
"915","5ef246c6d2b9060809858e7e","test_ValenceMatch_Negative","0","ValenceMatchingOnly","scratch","worry","scratch-worry","ConcreteMismatch","NegativeMatch"
"916","5ef246c6d2b9060809858e7e","control_MaxMatch_Positive_Abstract","18","MaxMatch","imagine","esteem","imagine-esteem","AbstractMatch","PositiveMatch"
"917","5ef246c6d2b9060809858e7e","control_Similar","99","SimilarControl","need","require","need-require","",""
"918","5ef246c6d2b9060809858e7e","test_ConceptualMatch_Concrete","0","ConceptualMatchingOnly","kiss","vomit","kiss-vomit","ConceptualMatch:concrete","PositiveMismatch"
"919","5ef246c6d2b9060809858e7e","test_ConceptualMatch_Abstract","6","ConceptualMatchingOnly","criticize","imagine","criticize-imagine","ConceptualMatch:abstract","NegativeMismatch"
"920","5ef246c6d2b9060809858e7e","control_MaxMatch_Positive_Concrete","0","MaxMatch","hug","running","hug-running","ConcreteMatch","PositiveMatch"
"921","5ef246c6d2b9060809858e7e","control_MaxMismatch","0","MaxMismatch","scorn","enlighten","scorn-enlighten","AbstractMismatch","NegativeMismatch"
"922","5ef246c6d2b9060809858e7e","control_Dissimilar","0","DissimilarControl","rise","fall","rise-fall","",""
"923","5ef246c6d2b9060809858e7e","test_ValenceMatch_Positive","6","ValenceMatchingOnly","smile","justify","smile-justify","ConcreteMismatch","PositiveMatch"
"924","5ef246c6d2b9060809858e7e","control_Similar","99","SimilarControl","ask","inquire","ask-inquire","",""
"925","5ef246c6d2b9060809858e7e","control_Dissimilar","0","DissimilarControl","add","remove","add-remove","",""
"926","5ef246c6d2b9060809858e7e","control_MaxMatch_Negative_Abstract","41","MaxMatch","loathe","violate","loathe-violate","AbstractMatch","NegativeMatch"
"927","5ef246c6d2b9060809858e7e","control_MaxMatch_Negative_Concrete","20","MaxMatch","murder","slap","murder-slap","ConcreteMatch","NegativeMatch"
"928","5ef246c6d2b9060809858e7e","test_ValenceMatch_Negative","16","ValenceMatchingOnly","kill","scorn","kill-scorn","ConcreteMismatch","NegativeMatch"
"929","5ef246c6d2b9060809858e7e","control_MaxMatch_Positive_Abstract","98","MaxMatch","cherish","esteem","cherish-esteem","AbstractMatch","PositiveMatch"
"930","5ef246c6d2b9060809858e7e","control_Similar","99","SimilarControl","buy","purchase","buy-purchase","",""
"931","5ef246c6d2b9060809858e7e","test_ConceptualMatch_Concrete","0","ConceptualMatchingOnly","swing","kill","swing-kill","ConceptualMatch:concrete","PositiveMismatch"
"932","5ef246c6d2b9060809858e7e","test_ConceptualMatch_Abstract","0","ConceptualMatchingOnly","annoy","respect","annoy-respect","ConceptualMatch:abstract","NegativeMismatch"
"933","5ef246c6d2b9060809858e7e","control_MaxMatch_Positive_Concrete","0","MaxMatch","cook","cuddle","cook-cuddle","ConcreteMatch","PositiveMatch"
"934","5ef246c6d2b9060809858e7e","control_MaxMismatch","8","MaxMismatch","obsess","esteem","obsess-esteem","AbstractMismatch","NegativeMismatch"
"935","5ef246c6d2b9060809858e7e","control_Dissimilar","0","DissimilarControl","enter","exit","enter-exit","",""
"936","5ef246c6d2b9060809858e7e","test_ValenceMatch_Positive","0","ValenceMatchingOnly","hug","imagine","hug-imagine","ConcreteMismatch","PositiveMatch"
"937","5ef246c6d2b9060809858e7e","control_Similar","99","SimilarControl","end","finish","end-finish","",""
"938","5ef246c6d2b9060809858e7e","control_Dissimilar","0","DissimilarControl","increase","decrease","increase-decrease","",""
"939","5ef246c6d2b9060809858e7e","control_MaxMatch_Negative_Abstract","76","MaxMatch","exploit","obsess","exploit-obsess","AbstractMatch","NegativeMatch"
"940","5ef246c6d2b9060809858e7e","control_MaxMatch_Negative_Concrete","0","MaxMatch","murder","scratch","murder-scratch","ConcreteMatch","NegativeMatch"
"941","5ef246c6d2b9060809858e7e","test_ValenceMatch_Negative","2","ValenceMatchingOnly","scratch","criticize","scratch-criticize","ConcreteMismatch","NegativeMatch"
"942","5ef246c6d2b9060809858e7e","control_MaxMatch_Positive_Abstract","0","MaxMatch","imagine","respect","imagine-respect","AbstractMatch","PositiveMatch"
"943","5ef246c6d2b9060809858e7e","control_Similar","99","SimilarControl","help","assist","help-assist","",""
"944","5ef246c6d2b9060809858e7e","test_ConceptualMatch_Concrete","0","ConceptualMatchingOnly","hug","stab","hug-stab","ConceptualMatch:concrete","PositiveMismatch"
"945","5ef246c6d2b9060809858e7e","test_ConceptualMatch_Abstract","2","ConceptualMatchingOnly","resent","justify","resent-justify","ConceptualMatch:abstract","NegativeMismatch"
"946","5ef246c6d2b9060809858e7e","control_MaxMatch_Positive_Concrete","0","MaxMatch","kiss","running","kiss-running","ConcreteMatch","PositiveMatch"
"947","5ef246c6d2b9060809858e7e","control_MaxMismatch","1","MaxMismatch","criticize","hope","criticize-hope","AbstractMismatch","NegativeMismatch"
"948","5ef246c6d2b9060809858e7e","control_Dissimilar","0","DissimilarControl","begin","end","begin-end","",""
"949","5ef246c6d2b9060809858e7e","test_ValenceMatch_Positive","0","ValenceMatchingOnly","swing","admired","swing-admired","ConcreteMismatch","PositiveMatch"
"950","5ef246c6d2b9060809858e7e","control_Similar","88","SimilarControl","use","employ","use-employ","",""
"951","5ef246c6d2b9060809858e7e","control_Dissimilar","0","DissimilarControl","arrive","leave","arrive-leave","",""
"952","5ef246c6d2b9060809858e7e","control_MaxMatch_Negative_Abstract","99","MaxMatch","loathe","scorn","loathe-scorn","AbstractMatch","NegativeMatch"
"953","5ef246c6d2b9060809858e7e","control_MaxMatch_Negative_Concrete","4","MaxMatch","puke","smack","puke-smack","ConcreteMatch","NegativeMatch"
"954","5ef246c6d2b9060809858e7e","test_ValenceMatch_Negative","49","ValenceMatchingOnly","bleed","exploit","bleed-exploit","ConcreteMismatch","NegativeMatch"
"955","5ef246c6d2b9060809858e7e","control_MaxMatch_Positive_Abstract","70","MaxMatch","enlighten","fulfill","enlighten-fulfill","AbstractMatch","PositiveMatch"
"956","5ef246c6d2b9060809858e7e","control_Similar","99","SimilarControl","get","obtain","get-obtain","",""
"957","5ef246c6d2b9060809858e7e","test_ConceptualMatch_Concrete","0","ConceptualMatchingOnly","kiss","puke","kiss-puke","ConceptualMatch:concrete","PositiveMismatch"
"958","5ef246c6d2b9060809858e7e","test_ConceptualMatch_Abstract","10","ConceptualMatchingOnly","befall","imagine","befall-imagine","ConceptualMatch:abstract","NegativeMismatch"
"959","5ef246c6d2b9060809858e7e","control_MaxMatch_Positive_Concrete","1","MaxMatch","cook","kiss","cook-kiss","ConcreteMatch","PositiveMatch"
"960","5ef246c6d2b9060809858e7e","control_MaxMismatch","0","MaxMismatch","resent","cherish","resent-cherish","AbstractMismatch","NegativeMismatch"
"961","5ef246c6d2b9060809858e7e","control_Dissimilar","0","DissimilarControl","come","go","come-go","",""
"962","5ef246c6d2b9060809858e7e","test_ValenceMatch_Positive","24","ValenceMatchingOnly","smile","believe","smile-believe","ConcreteMismatch","PositiveMatch"
"963","5ef246c6d2b9060809858e7e","control_Similar","99","SimilarControl","begin","start","begin-start","",""
"964","5ef246c6d2b9060809858e7e","control_Dissimilar","0","DissimilarControl","open","close","open-close","",""
"965","5ef246c6d2b9060809858e7e","control_MaxMatch_Negative_Abstract","0","MaxMatch","scorn","worry","scorn-worry","AbstractMatch","NegativeMatch"
"966","5ef246c6d2b9060809858e7e","control_MaxMatch_Negative_Concrete","99","MaxMatch","kill","murder","kill-murder","ConcreteMatch","NegativeMatch"
"967","5ef246c6d2b9060809858e7e","test_ValenceMatch_Negative","5","ValenceMatchingOnly","slap","befall","slap-befall","ConcreteMismatch","NegativeMatch"
"968","5ef246c6d2b9060809858e7e","control_MaxMatch_Positive_Abstract","18","MaxMatch","admired","believe","admired-believe","AbstractMatch","PositiveMatch"
"969","5ef246c6d2b9060809858e7e","control_Similar","99","SimilarControl","show","display","show-display","",""
"970","5ef246c6d2b9060809858e7e","test_ConceptualMatch_Concrete","0","ConceptualMatchingOnly","sail","bleed","sail-bleed","ConceptualMatch:concrete","PositiveMismatch"
"971","5ef246c6d2b9060809858e7e","test_ConceptualMatch_Abstract","5","ConceptualMatchingOnly","befall","justify","befall-justify","ConceptualMatch:abstract","NegativeMismatch"
"972","5ef246c6d2b9060809858e7e","control_MaxMatch_Positive_Concrete","30","MaxMatch","kiss","smile","kiss-smile","ConcreteMatch","PositiveMatch"
"973","5ef246c6d2b9060809858e7e","control_MaxMismatch","0","MaxMismatch","worry","imagine","worry-imagine","AbstractMismatch","NegativeMismatch"
"974","5ef246c6d2b9060809858e7e","control_Dissimilar","0","DissimilarControl","push","pull","push-pull","",""
"975","5ef246c6d2b9060809858e7e","test_ValenceMatch_Positive","62","ValenceMatchingOnly","build","believe","build-believe","ConcreteMismatch","PositiveMatch"
"976","664a04b30f003bd2e95da94f","control_Similar","89","SimilarControl","get","obtain","get-obtain","",""
"977","664a04b30f003bd2e95da94f","control_Dissimilar","25","DissimilarControl","enter","exit","enter-exit","",""
"978","664a04b30f003bd2e95da94f","test_ConceptualMatch_Concrete","0","ConceptualMatchingOnly","running","murder","running-murder","ConceptualMatch:concrete","PositiveMismatch"
"979","664a04b30f003bd2e95da94f","control_Similar","99","SimilarControl","show","display","show-display","",""
"980","664a04b30f003bd2e95da94f","control_MaxMatch_Negative_Concrete","62","MaxMatch","kill","slap","kill-slap","ConcreteMatch","NegativeMatch"
"981","664a04b30f003bd2e95da94f","control_Dissimilar","25","DissimilarControl","rise","fall","rise-fall","",""
"982","664a04b30f003bd2e95da94f","control_MaxMatch_Positive_Concrete","5","MaxMatch","running","smile","running-smile","ConcreteMatch","PositiveMatch"
"983","664a04b30f003bd2e95da94f","control_MaxMismatch","18","MaxMismatch","worry","believe","worry-believe","AbstractMismatch","NegativeMismatch"
"984","664a04b30f003bd2e95da94f","test_ValenceMatch_Positive","13","ValenceMatchingOnly","running","hope","running-hope","ConcreteMismatch","PositiveMatch"
"985","664a04b30f003bd2e95da94f","test_ConceptualMatch_Abstract","0","ConceptualMatchingOnly","violate","respect","violate-respect","ConceptualMatch:abstract","NegativeMismatch"
"986","664a04b30f003bd2e95da94f","test_ValenceMatch_Negative","33","ValenceMatchingOnly","murder","criticize","murder-criticize","ConcreteMismatch","NegativeMatch"
"987","664a04b30f003bd2e95da94f","control_MaxMatch_Positive_Abstract","59","MaxMatch","cherish","fulfill","cherish-fulfill","AbstractMatch","PositiveMatch"
"988","664a04b30f003bd2e95da94f","control_MaxMatch_Negative_Abstract","64","MaxMatch","annoy","resent","annoy-resent","AbstractMatch","NegativeMatch"
"989","664a04b30f003bd2e95da94f","control_Similar","99","SimilarControl","help","assist","help-assist","",""
"990","664a04b30f003bd2e95da94f","control_Dissimilar","72","DissimilarControl","come","go","come-go","",""
"991","664a04b30f003bd2e95da94f","test_ConceptualMatch_Concrete","11","ConceptualMatchingOnly","cuddle","stab","cuddle-stab","ConceptualMatch:concrete","PositiveMismatch"
"992","664a04b30f003bd2e95da94f","control_Similar","99","SimilarControl","buy","purchase","buy-purchase","",""
"993","664a04b30f003bd2e95da94f","control_MaxMatch_Negative_Concrete","42","MaxMatch","kill","vomit","kill-vomit","ConcreteMatch","NegativeMatch"
"994","664a04b30f003bd2e95da94f","control_Dissimilar","22","DissimilarControl","increase","decrease","increase-decrease","",""
"995","664a04b30f003bd2e95da94f","control_MaxMatch_Positive_Concrete","11","MaxMatch","kiss","swing","kiss-swing","ConcreteMatch","PositiveMatch"
"996","664a04b30f003bd2e95da94f","control_MaxMismatch","60","MaxMismatch","violate","imagine","violate-imagine","AbstractMismatch","NegativeMismatch"
"997","664a04b30f003bd2e95da94f","test_ValenceMatch_Positive","16","ValenceMatchingOnly","cook","admired","cook-admired","ConcreteMismatch","PositiveMatch"
"998","664a04b30f003bd2e95da94f","test_ConceptualMatch_Abstract","19","ConceptualMatchingOnly","resent","imagine","resent-imagine","ConceptualMatch:abstract","NegativeMismatch"
"999","664a04b30f003bd2e95da94f","test_ValenceMatch_Negative","76","ValenceMatchingOnly","murder","violate","murder-violate","ConcreteMismatch","NegativeMatch"
"1000","664a04b30f003bd2e95da94f","control_MaxMatch_Positive_Abstract","23","MaxMatch","enlighten","fulfill","enlighten-fulfill","AbstractMatch","PositiveMatch"
"1001","664a04b30f003bd2e95da94f","control_MaxMatch_Negative_Abstract","61","MaxMatch","exploit","scorn","exploit-scorn","AbstractMatch","NegativeMatch"
"1002","664a04b30f003bd2e95da94f","control_Similar","18","SimilarControl","speak","talk","speak-talk","",""
"1003","664a04b30f003bd2e95da94f","control_Dissimilar","64","DissimilarControl","push","pull","push-pull","",""
"1004","664a04b30f003bd2e95da94f","test_ConceptualMatch_Concrete","24","ConceptualMatchingOnly","cuddle","smack","cuddle-smack","ConceptualMatch:concrete","PositiveMismatch"
"1005","664a04b30f003bd2e95da94f","control_Similar","66","SimilarControl","need","require","need-require","",""
"1006","664a04b30f003bd2e95da94f","control_MaxMatch_Negative_Concrete","22","MaxMatch","murder","scratch","murder-scratch","ConcreteMatch","NegativeMatch"
"1007","664a04b30f003bd2e95da94f","control_Dissimilar","7","DissimilarControl","arrive","leave","arrive-leave","",""
"1008","664a04b30f003bd2e95da94f","control_MaxMatch_Positive_Concrete","18","MaxMatch","build","running","build-running","ConcreteMatch","PositiveMatch"
"1009","664a04b30f003bd2e95da94f","control_MaxMismatch","64","MaxMismatch","annoy","believe","annoy-believe","AbstractMismatch","NegativeMismatch"
"1010","664a04b30f003bd2e95da94f","test_ValenceMatch_Positive","23","ValenceMatchingOnly","smile","enlighten","smile-enlighten","ConcreteMismatch","PositiveMatch"
"1011","664a04b30f003bd2e95da94f","test_ConceptualMatch_Abstract","22","ConceptualMatchingOnly","annoy","enlighten","annoy-enlighten","ConceptualMatch:abstract","NegativeMismatch"
"1012","664a04b30f003bd2e95da94f","test_ValenceMatch_Negative","88","ValenceMatchingOnly","spit","violate","spit-violate","ConcreteMismatch","NegativeMatch"
"1013","664a04b30f003bd2e95da94f","control_MaxMatch_Positive_Abstract","82","MaxMatch","admired","cherish","admired-cherish","AbstractMatch","PositiveMatch"
"1014","664a04b30f003bd2e95da94f","control_MaxMatch_Negative_Abstract","27","MaxMatch","befall","obsess","befall-obsess","AbstractMatch","NegativeMatch"
"1015","664a04b30f003bd2e95da94f","control_Similar","89","SimilarControl","ask","inquire","ask-inquire","",""
"1016","664a04b30f003bd2e95da94f","control_Dissimilar","2","DissimilarControl","open","close","open-close","",""
"1017","664a04b30f003bd2e95da94f","test_ConceptualMatch_Concrete","9","ConceptualMatchingOnly","smile","smack","smile-smack","ConceptualMatch:concrete","PositiveMismatch"
"1018","664a04b30f003bd2e95da94f","control_Similar","88","SimilarControl","use","employ","use-employ","",""
"1019","664a04b30f003bd2e95da94f","control_MaxMatch_Negative_Concrete","30","MaxMatch","murder","slap","murder-slap","ConcreteMatch","NegativeMatch"
"1020","664a04b30f003bd2e95da94f","control_Dissimilar","0","DissimilarControl","begin","end","begin-end","",""
"1021","664a04b30f003bd2e95da94f","control_MaxMatch_Positive_Concrete","33","MaxMatch","build","cuddle","build-cuddle","ConcreteMatch","PositiveMatch"
"1022","664a04b30f003bd2e95da94f","control_MaxMismatch","0","MaxMismatch","annoy","enlighten","annoy-enlighten","AbstractMismatch","NegativeMismatch"
"1023","664a04b30f003bd2e95da94f","test_ValenceMatch_Positive","5","ValenceMatchingOnly","eat","hope","eat-hope","ConcreteMismatch","PositiveMatch"
"1024","664a04b30f003bd2e95da94f","test_ConceptualMatch_Abstract","9","ConceptualMatchingOnly","befall","believe","befall-believe","ConceptualMatch:abstract","NegativeMismatch"
"1025","664a04b30f003bd2e95da94f","test_ValenceMatch_Negative","18","ValenceMatchingOnly","puke","scorn","puke-scorn","ConcreteMismatch","NegativeMatch"
"1026","664a04b30f003bd2e95da94f","control_MaxMatch_Positive_Abstract","73","MaxMatch","admired","respect","admired-respect","AbstractMatch","PositiveMatch"
"1027","664a04b30f003bd2e95da94f","control_MaxMatch_Negative_Abstract","28","MaxMatch","criticize","resent","criticize-resent","AbstractMatch","NegativeMatch"
"1028","664a04b30f003bd2e95da94f","control_Similar","16","SimilarControl","end","finish","end-finish","",""
"1029","664a04b30f003bd2e95da94f","control_Dissimilar","65","DissimilarControl","add","remove","add-remove","",""
"1030","664a04b30f003bd2e95da94f","test_ConceptualMatch_Concrete","20","ConceptualMatchingOnly","eat","bleed","eat-bleed","ConceptualMatch:concrete","PositiveMismatch"
"1031","664a04b30f003bd2e95da94f","control_Similar","99","SimilarControl","begin","start","begin-start","",""
"1032","664a04b30f003bd2e95da94f","control_MaxMatch_Negative_Concrete","27","MaxMatch","puke","stab","puke-stab","ConcreteMatch","NegativeMatch"
"1033","664a04b30f003bd2e95da94f","control_Dissimilar","89","DissimilarControl","give","take","give-take","",""
"1034","664a04b30f003bd2e95da94f","control_MaxMatch_Positive_Concrete","26","MaxMatch","cuddle","sail","cuddle-sail","ConcreteMatch","PositiveMatch"
"1035","664a04b30f003bd2e95da94f","control_MaxMismatch","2","MaxMismatch","violate","justify","violate-justify","AbstractMismatch","NegativeMismatch"
"1036","664a04b30f003bd2e95da94f","test_ValenceMatch_Positive","67","ValenceMatchingOnly","smile","admired","smile-admired","ConcreteMismatch","PositiveMatch"
"1037","664a04b30f003bd2e95da94f","test_ConceptualMatch_Abstract","24","ConceptualMatchingOnly","loathe","believe","loathe-believe","ConceptualMatch:abstract","NegativeMismatch"
"1038","664a04b30f003bd2e95da94f","test_ValenceMatch_Negative","70","ValenceMatchingOnly","slap","resent","slap-resent","ConcreteMismatch","NegativeMatch"
"1039","664a04b30f003bd2e95da94f","control_MaxMatch_Positive_Abstract","70","MaxMatch","hope","esteem","hope-esteem","AbstractMatch","PositiveMatch"
"1040","664a04b30f003bd2e95da94f","control_MaxMatch_Negative_Abstract","82","MaxMatch","exploit","loathe","exploit-loathe","AbstractMatch","NegativeMatch"
"1041","5bd47734506cd3000101d181","control_Similar","99","SimilarControl","help","assist","help-assist","",""
"1042","5bd47734506cd3000101d181","control_Dissimilar","0","DissimilarControl","open","close","open-close","",""
"1043","5bd47734506cd3000101d181","test_ValenceMatch_Positive","72","ValenceMatchingOnly","kiss","imagine","kiss-imagine","ConcreteMismatch","PositiveMatch"
"1044","5bd47734506cd3000101d181","control_MaxMatch_Positive_Concrete","35","MaxMatch","eat","sail","eat-sail","ConcreteMatch","PositiveMatch"
"1045","5bd47734506cd3000101d181","test_ConceptualMatch_Concrete","16","ConceptualMatchingOnly","sail","scratch","sail-scratch","ConceptualMatch:concrete","PositiveMismatch"
"1046","5bd47734506cd3000101d181","test_ValenceMatch_Negative","66","ValenceMatchingOnly","kill","scorn","kill-scorn","ConcreteMismatch","NegativeMatch"
"1047","5bd47734506cd3000101d181","test_ConceptualMatch_Abstract","15","ConceptualMatchingOnly","scorn","hope","scorn-hope","ConceptualMatch:abstract","NegativeMismatch"
"1048","5bd47734506cd3000101d181","control_MaxMatch_Negative_Concrete","22","MaxMatch","kill","vomit","kill-vomit","ConcreteMatch","NegativeMatch"
"1049","5bd47734506cd3000101d181","control_MaxMismatch","5","MaxMismatch","resent","cherish","resent-cherish","AbstractMismatch","NegativeMismatch"
"1050","5bd47734506cd3000101d181","control_Similar","99","SimilarControl","end","finish","end-finish","",""
"1051","5bd47734506cd3000101d181","control_MaxMatch_Positive_Abstract","65","MaxMatch","imagine","justify","imagine-justify","AbstractMatch","PositiveMatch"
"1052","5bd47734506cd3000101d181","control_Dissimilar","0","DissimilarControl","increase","decrease","increase-decrease","",""
"1053","5bd47734506cd3000101d181","control_MaxMatch_Negative_Abstract","68","MaxMatch","obsess","violate","obsess-violate","AbstractMatch","NegativeMatch"
"1054","5bd47734506cd3000101d181","control_Similar","99","SimilarControl","begin","start","begin-start","",""
"1055","5bd47734506cd3000101d181","control_Dissimilar","0","DissimilarControl","push","pull","push-pull","",""
"1056","5bd47734506cd3000101d181","test_ValenceMatch_Positive","64","ValenceMatchingOnly","cuddle","believe","cuddle-believe","ConcreteMismatch","PositiveMatch"
"1057","5bd47734506cd3000101d181","control_MaxMatch_Positive_Concrete","68","MaxMatch","eat","smile","eat-smile","ConcreteMatch","PositiveMatch"
"1058","5bd47734506cd3000101d181","test_ConceptualMatch_Concrete","68","ConceptualMatchingOnly","sail","smack","sail-smack","ConceptualMatch:concrete","PositiveMismatch"
"1059","5bd47734506cd3000101d181","test_ValenceMatch_Negative","30","ValenceMatchingOnly","kill","annoy","kill-annoy","ConcreteMismatch","NegativeMatch"
"1060","5bd47734506cd3000101d181","test_ConceptualMatch_Abstract","22","ConceptualMatchingOnly","criticize","admired","criticize-admired","ConceptualMatch:abstract","NegativeMismatch"
"1061","5bd47734506cd3000101d181","control_MaxMatch_Negative_Concrete","83","MaxMatch","kill","smack","kill-smack","ConcreteMatch","NegativeMatch"
"1062","5bd47734506cd3000101d181","control_MaxMismatch","22","MaxMismatch","loathe","admired","loathe-admired","AbstractMismatch","NegativeMismatch"
"1063","5bd47734506cd3000101d181","control_Similar","99","SimilarControl","buy","purchase","buy-purchase","",""
"1064","5bd47734506cd3000101d181","control_MaxMatch_Positive_Abstract","62","MaxMatch","imagine","cherish","imagine-cherish","AbstractMatch","PositiveMatch"
"1065","5bd47734506cd3000101d181","control_Dissimilar","0","DissimilarControl","enter","exit","enter-exit","",""
"1066","5bd47734506cd3000101d181","control_MaxMatch_Negative_Abstract","35","MaxMatch","befall","violate","befall-violate","AbstractMatch","NegativeMatch"
"1067","5bd47734506cd3000101d181","control_Similar","83","SimilarControl","need","require","need-require","",""
"1068","5bd47734506cd3000101d181","control_Dissimilar","0","DissimilarControl","add","remove","add-remove","",""
"1069","5bd47734506cd3000101d181","test_ValenceMatch_Positive","25","ValenceMatchingOnly","kiss","justify","kiss-justify","ConcreteMismatch","PositiveMatch"
"1070","5bd47734506cd3000101d181","control_MaxMatch_Positive_Concrete","32","MaxMatch","hug","swing","hug-swing","ConcreteMatch","PositiveMatch"
"1071","5bd47734506cd3000101d181","test_ConceptualMatch_Concrete","23","ConceptualMatchingOnly","hug","scratch","hug-scratch","ConceptualMatch:concrete","PositiveMismatch"
"1072","5bd47734506cd3000101d181","test_ValenceMatch_Negative","74","ValenceMatchingOnly","kill","loathe","kill-loathe","ConcreteMismatch","NegativeMatch"
"1073","5bd47734506cd3000101d181","test_ConceptualMatch_Abstract","30","ConceptualMatchingOnly","loathe","esteem","loathe-esteem","ConceptualMatch:abstract","NegativeMismatch"
"1074","5bd47734506cd3000101d181","control_MaxMatch_Negative_Concrete","32","MaxMatch","kill","puke","kill-puke","ConcreteMatch","NegativeMatch"
"1075","5bd47734506cd3000101d181","control_MaxMismatch","25","MaxMismatch","violate","justify","violate-justify","AbstractMismatch","NegativeMismatch"
"1076","5bd47734506cd3000101d181","control_Similar","99","SimilarControl","speak","talk","speak-talk","",""
"1077","5bd47734506cd3000101d181","control_MaxMatch_Positive_Abstract","85","MaxMatch","cherish","respect","cherish-respect","AbstractMatch","PositiveMatch"
"1078","5bd47734506cd3000101d181","control_Dissimilar","0","DissimilarControl","rise","fall","rise-fall","",""
"1079","5bd47734506cd3000101d181","control_MaxMatch_Negative_Abstract","71","MaxMatch","annoy","violate","annoy-violate","AbstractMatch","NegativeMatch"
"1080","5bd47734506cd3000101d181","control_Similar","99","SimilarControl","ask","inquire","ask-inquire","",""
"1081","5bd47734506cd3000101d181","control_Dissimilar","0","DissimilarControl","begin","end","begin-end","",""
"1082","5bd47734506cd3000101d181","test_ValenceMatch_Positive","14","ValenceMatchingOnly","sail","believe","sail-believe","ConcreteMismatch","PositiveMatch"
"1083","5bd47734506cd3000101d181","control_MaxMatch_Positive_Concrete","11","MaxMatch","running","sail","running-sail","ConcreteMatch","PositiveMatch"
"1084","5bd47734506cd3000101d181","test_ConceptualMatch_Concrete","64","ConceptualMatchingOnly","cook","stab","cook-stab","ConceptualMatch:concrete","PositiveMismatch"
"1085","5bd47734506cd3000101d181","test_ValenceMatch_Negative","88","ValenceMatchingOnly","murder","scorn","murder-scorn","ConcreteMismatch","NegativeMatch"
"1086","5bd47734506cd3000101d181","test_ConceptualMatch_Abstract","22","ConceptualMatchingOnly","befall","fulfill","befall-fulfill","ConceptualMatch:abstract","NegativeMismatch"
"1087","5bd47734506cd3000101d181","control_MaxMatch_Negative_Concrete","56","MaxMatch","smack","spit","smack-spit","ConcreteMatch","NegativeMatch"
"1088","5bd47734506cd3000101d181","control_MaxMismatch","27","MaxMismatch","befall","esteem","befall-esteem","AbstractMismatch","NegativeMismatch"
"1089","5bd47734506cd3000101d181","control_Similar","99","SimilarControl","get","obtain","get-obtain","",""
"1090","5bd47734506cd3000101d181","control_MaxMatch_Positive_Abstract","88","MaxMatch","admired","respect","admired-respect","AbstractMatch","PositiveMatch"
"1091","5bd47734506cd3000101d181","control_Dissimilar","0","DissimilarControl","arrive","leave","arrive-leave","",""
"1092","5bd47734506cd3000101d181","control_MaxMatch_Negative_Abstract","19","MaxMatch","resent","worry","resent-worry","AbstractMatch","NegativeMatch"
"1093","5bd47734506cd3000101d181","control_Similar","80","SimilarControl","use","employ","use-employ","",""
"1094","5bd47734506cd3000101d181","control_Dissimilar","0","DissimilarControl","give","take","give-take","",""
"1095","5bd47734506cd3000101d181","test_ValenceMatch_Positive","80","ValenceMatchingOnly","cuddle","hope","cuddle-hope","ConcreteMismatch","PositiveMatch"
"1096","5bd47734506cd3000101d181","control_MaxMatch_Positive_Concrete","20","MaxMatch","build","smile","build-smile","ConcreteMatch","PositiveMatch"
"1097","5bd47734506cd3000101d181","test_ConceptualMatch_Concrete","5","ConceptualMatchingOnly","smile","slap","smile-slap","ConceptualMatch:concrete","PositiveMismatch"
"1098","5bd47734506cd3000101d181","test_ValenceMatch_Negative","19","ValenceMatchingOnly","bleed","loathe","bleed-loathe","ConcreteMismatch","NegativeMatch"
"1099","5bd47734506cd3000101d181","test_ConceptualMatch_Abstract","16","ConceptualMatchingOnly","exploit","respect","exploit-respect","ConceptualMatch:abstract","NegativeMismatch"
"1100","5bd47734506cd3000101d181","control_MaxMatch_Negative_Concrete","13","MaxMatch","smack","vomit","smack-vomit","ConcreteMatch","NegativeMatch"
"1101","5bd47734506cd3000101d181","control_MaxMismatch","7","MaxMismatch","exploit","imagine","exploit-imagine","AbstractMismatch","NegativeMismatch"
"1102","5bd47734506cd3000101d181","control_Similar","99","SimilarControl","show","display","show-display","",""
"1103","5bd47734506cd3000101d181","control_MaxMatch_Positive_Abstract","76","MaxMatch","enlighten","admired","enlighten-admired","AbstractMatch","PositiveMatch"
"1104","5bd47734506cd3000101d181","control_Dissimilar","0","DissimilarControl","come","go","come-go","",""
"1105","5bd47734506cd3000101d181","control_MaxMatch_Negative_Abstract","6","MaxMatch","befall","loathe","befall-loathe","AbstractMatch","NegativeMatch"
"1106","5815767b0643a600016f0e72","control_Dissimilar","0","DissimilarControl","add","remove","add-remove","",""
"1107","5815767b0643a600016f0e72","control_Similar","99","SimilarControl","help","assist","help-assist","",""
"1108","5815767b0643a600016f0e72","test_ConceptualMatch_Abstract","0","ConceptualMatchingOnly","annoy","cherish","annoy-cherish","ConceptualMatch:abstract","NegativeMismatch"
"1109","5815767b0643a600016f0e72","test_ConceptualMatch_Concrete","0","ConceptualMatchingOnly","kiss","vomit","kiss-vomit","ConceptualMatch:concrete","PositiveMismatch"
"1110","5815767b0643a600016f0e72","test_ValenceMatch_Positive","0","ValenceMatchingOnly","cook","respect","cook-respect","ConcreteMismatch","PositiveMatch"
"1111","5815767b0643a600016f0e72","control_MaxMatch_Negative_Abstract","0","MaxMatch","loathe","worry","loathe-worry","AbstractMatch","NegativeMatch"
"1112","5815767b0643a600016f0e72","control_Dissimilar","0","DissimilarControl","arrive","leave","arrive-leave","",""
"1113","5815767b0643a600016f0e72","control_MaxMatch_Negative_Concrete","0","MaxMatch","bleed","vomit","bleed-vomit","ConcreteMatch","NegativeMatch"
"1114","5815767b0643a600016f0e72","control_MaxMismatch","0","MaxMismatch","violate","enlighten","violate-enlighten","AbstractMismatch","NegativeMismatch"
"1115","5815767b0643a600016f0e72","control_MaxMatch_Positive_Abstract","99","MaxMatch","esteem","respect","esteem-respect","AbstractMatch","PositiveMatch"
"1116","5815767b0643a600016f0e72","test_ValenceMatch_Negative","0","ValenceMatchingOnly","puke","worry","puke-worry","ConcreteMismatch","NegativeMatch"
"1117","5815767b0643a600016f0e72","control_MaxMatch_Positive_Concrete","0","MaxMatch","cook","cuddle","cook-cuddle","ConcreteMatch","PositiveMatch"
"1118","5815767b0643a600016f0e72","control_Similar","89","SimilarControl","need","require","need-require","",""
"1119","5815767b0643a600016f0e72","control_Dissimilar","0","DissimilarControl","give","take","give-take","",""
"1120","5815767b0643a600016f0e72","control_Similar","99","SimilarControl","end","finish","end-finish","",""
"1121","5815767b0643a600016f0e72","test_ConceptualMatch_Abstract","0","ConceptualMatchingOnly","criticize","respect","criticize-respect","ConceptualMatch:abstract","NegativeMismatch"
"1122","5815767b0643a600016f0e72","test_ConceptualMatch_Concrete","0","ConceptualMatchingOnly","eat","vomit","eat-vomit","ConceptualMatch:concrete","PositiveMismatch"
"1123","5815767b0643a600016f0e72","test_ValenceMatch_Positive","0","ValenceMatchingOnly","sail","hope","sail-hope","ConcreteMismatch","PositiveMatch"
"1124","5815767b0643a600016f0e72","control_MaxMatch_Negative_Abstract","71","MaxMatch","befall","criticize","befall-criticize","AbstractMatch","NegativeMatch"
"1125","5815767b0643a600016f0e72","control_Dissimilar","0","DissimilarControl","come","go","come-go","",""
"1126","5815767b0643a600016f0e72","control_MaxMatch_Negative_Concrete","99","MaxMatch","slap","smack","slap-smack","ConcreteMatch","NegativeMatch"
"1127","5815767b0643a600016f0e72","control_MaxMismatch","0","MaxMismatch","loathe","hope","loathe-hope","AbstractMismatch","NegativeMismatch"
"1128","5815767b0643a600016f0e72","control_MaxMatch_Positive_Abstract","72","MaxMatch","hope","esteem","hope-esteem","AbstractMatch","PositiveMatch"
"1129","5815767b0643a600016f0e72","test_ValenceMatch_Negative","0","ValenceMatchingOnly","murder","annoy","murder-annoy","ConcreteMismatch","NegativeMatch"
"1130","5815767b0643a600016f0e72","control_MaxMatch_Positive_Concrete","0","MaxMatch","kiss","sail","kiss-sail","ConcreteMatch","PositiveMatch"
"1131","5815767b0643a600016f0e72","control_Similar","99","SimilarControl","ask","inquire","ask-inquire","",""
"1132","5815767b0643a600016f0e72","control_Dissimilar","0","DissimilarControl","begin","end","begin-end","",""
"1133","5815767b0643a600016f0e72","control_Similar","99","SimilarControl","buy","purchase","buy-purchase","",""
"1134","5815767b0643a600016f0e72","test_ConceptualMatch_Abstract","0","ConceptualMatchingOnly","violate","enlighten","violate-enlighten","ConceptualMatch:abstract","NegativeMismatch"
"1135","5815767b0643a600016f0e72","test_ConceptualMatch_Concrete","0","ConceptualMatchingOnly","kiss","stab","kiss-stab","ConceptualMatch:concrete","PositiveMismatch"
"1136","5815767b0643a600016f0e72","test_ValenceMatch_Positive","0","ValenceMatchingOnly","cook","hope","cook-hope","ConcreteMismatch","PositiveMatch"
"1137","5815767b0643a600016f0e72","control_MaxMatch_Negative_Abstract","70","MaxMatch","obsess","violate","obsess-violate","AbstractMatch","NegativeMatch"
"1138","5815767b0643a600016f0e72","control_Dissimilar","0","DissimilarControl","push","pull","push-pull","",""
"1139","5815767b0643a600016f0e72","control_MaxMatch_Negative_Concrete","0","MaxMatch","stab","vomit","stab-vomit","ConcreteMatch","NegativeMatch"
"1140","5815767b0643a600016f0e72","control_MaxMismatch","25","MaxMismatch","befall","enlighten","befall-enlighten","AbstractMismatch","NegativeMismatch"
"1141","5815767b0643a600016f0e72","control_MaxMatch_Positive_Abstract","3","MaxMatch","cherish","justify","cherish-justify","AbstractMatch","PositiveMatch"
"1142","5815767b0643a600016f0e72","test_ValenceMatch_Negative","19","ValenceMatchingOnly","smack","criticize","smack-criticize","ConcreteMismatch","NegativeMatch"
"1143","5815767b0643a600016f0e72","control_MaxMatch_Positive_Concrete","0","MaxMatch","cook","swing","cook-swing","ConcreteMatch","PositiveMatch"
"1144","5815767b0643a600016f0e72","control_Similar","79","SimilarControl","use","employ","use-employ","",""
"1145","5815767b0643a600016f0e72","control_Dissimilar","0","DissimilarControl","rise","fall","rise-fall","",""
"1146","5815767b0643a600016f0e72","control_Similar","99","SimilarControl","begin","start","begin-start","",""
"1147","5815767b0643a600016f0e72","test_ConceptualMatch_Abstract","0","ConceptualMatchingOnly","scorn","respect","scorn-respect","ConceptualMatch:abstract","NegativeMismatch"
"1148","5815767b0643a600016f0e72","test_ConceptualMatch_Concrete","0","ConceptualMatchingOnly","eat","scratch","eat-scratch","ConceptualMatch:concrete","PositiveMismatch"
"1149","5815767b0643a600016f0e72","test_ValenceMatch_Positive","61","ValenceMatchingOnly","cuddle","believe","cuddle-believe","ConcreteMismatch","PositiveMatch"
"1150","5815767b0643a600016f0e72","control_MaxMatch_Negative_Abstract","26","MaxMatch","befall","resent","befall-resent","AbstractMatch","NegativeMatch"
"1151","5815767b0643a600016f0e72","control_Dissimilar","0","DissimilarControl","open","close","open-close","",""
"1152","5815767b0643a600016f0e72","control_MaxMatch_Negative_Concrete","0","MaxMatch","kill","scratch","kill-scratch","ConcreteMatch","NegativeMatch"
"1153","5815767b0643a600016f0e72","control_MaxMismatch","0","MaxMismatch","scorn","fulfill","scorn-fulfill","AbstractMismatch","NegativeMismatch"
"1154","5815767b0643a600016f0e72","control_MaxMatch_Positive_Abstract","66","MaxMatch","hope","justify","hope-justify","AbstractMatch","PositiveMatch"
"1155","5815767b0643a600016f0e72","test_ValenceMatch_Negative","0","ValenceMatchingOnly","spit","scorn","spit-scorn","ConcreteMismatch","NegativeMatch"
"1156","5815767b0643a600016f0e72","control_MaxMatch_Positive_Concrete","0","MaxMatch","sail","swing","sail-swing","ConcreteMatch","PositiveMatch"
"1157","5815767b0643a600016f0e72","control_Similar","99","SimilarControl","speak","talk","speak-talk","",""
"1158","5815767b0643a600016f0e72","control_Dissimilar","0","DissimilarControl","enter","exit","enter-exit","",""
"1159","5815767b0643a600016f0e72","control_Similar","99","SimilarControl","get","obtain","get-obtain","",""
"1160","5815767b0643a600016f0e72","test_ConceptualMatch_Abstract","0","ConceptualMatchingOnly","scorn","justify","scorn-justify","ConceptualMatch:abstract","NegativeMismatch"
"1161","5815767b0643a600016f0e72","test_ConceptualMatch_Concrete","0","ConceptualMatchingOnly","smile","murder","smile-murder","ConceptualMatch:concrete","PositiveMismatch"
"1162","5815767b0643a600016f0e72","test_ValenceMatch_Positive","0","ValenceMatchingOnly","cuddle","justify","cuddle-justify","ConcreteMismatch","PositiveMatch"
"1163","5815767b0643a600016f0e72","control_MaxMatch_Negative_Abstract","75","MaxMatch","exploit","obsess","exploit-obsess","AbstractMatch","NegativeMatch"
"1164","5815767b0643a600016f0e72","control_Dissimilar","0","DissimilarControl","increase","decrease","increase-decrease","",""
"1165","5815767b0643a600016f0e72","control_MaxMatch_Negative_Concrete","0","MaxMatch","kill","slap","kill-slap","ConcreteMatch","NegativeMatch"
"1166","5815767b0643a600016f0e72","control_MaxMismatch","0","MaxMismatch","loathe","cherish","loathe-cherish","AbstractMismatch","NegativeMismatch"
"1167","5815767b0643a600016f0e72","control_MaxMatch_Positive_Abstract","82","MaxMatch","imagine","believe","imagine-believe","AbstractMatch","PositiveMatch"
"1168","5815767b0643a600016f0e72","test_ValenceMatch_Negative","0","ValenceMatchingOnly","puke","resent","puke-resent","ConcreteMismatch","NegativeMatch"
"1169","5815767b0643a600016f0e72","control_MaxMatch_Positive_Concrete","78","MaxMatch","cook","eat","cook-eat","ConcreteMatch","PositiveMatch"
"1170","5815767b0643a600016f0e72","control_Similar","99","SimilarControl","show","display","show-display","",""
"1171","62cbf51439a76e8fccd8a495","control_Dissimilar","0","DissimilarControl","push","pull","push-pull","",""
"1172","62cbf51439a76e8fccd8a495","control_Similar","99","SimilarControl","begin","start","begin-start","",""
"1173","62cbf51439a76e8fccd8a495","test_ValenceMatch_Positive","71","ValenceMatchingOnly","hug","respect","hug-respect","ConcreteMismatch","PositiveMatch"
"1174","62cbf51439a76e8fccd8a495","control_MaxMatch_Positive_Abstract","65","MaxMatch","cherish","believe","cherish-believe","AbstractMatch","PositiveMatch"
"1175","62cbf51439a76e8fccd8a495","test_ConceptualMatch_Abstract","0","ConceptualMatchingOnly","exploit","justify","exploit-justify","ConceptualMatch:abstract","NegativeMismatch"
"1176","62cbf51439a76e8fccd8a495","control_MaxMatch_Positive_Concrete","99","MaxMatch","cook","eat","cook-eat","ConcreteMatch","PositiveMatch"
"1177","62cbf51439a76e8fccd8a495","control_Dissimilar","0","DissimilarControl","increase","decrease","increase-decrease","",""
"1178","62cbf51439a76e8fccd8a495","test_ConceptualMatch_Concrete","0","ConceptualMatchingOnly","swing","murder","swing-murder","ConceptualMatch:concrete","PositiveMismatch"
"1179","62cbf51439a76e8fccd8a495","test_ValenceMatch_Negative","0","ValenceMatchingOnly","puke","befall","puke-befall","ConcreteMismatch","NegativeMatch"
"1180","62cbf51439a76e8fccd8a495","control_Similar","99","SimilarControl","need","require","need-require","",""
"1181","62cbf51439a76e8fccd8a495","control_MaxMatch_Negative_Concrete","0","MaxMatch","murder","smack","murder-smack","ConcreteMatch","NegativeMatch"
"1182","62cbf51439a76e8fccd8a495","control_MaxMismatch","0","MaxMismatch","exploit","cherish","exploit-cherish","AbstractMismatch","NegativeMismatch"
"1183","62cbf51439a76e8fccd8a495","control_MaxMatch_Negative_Abstract","88","MaxMatch","obsess","worry","obsess-worry","AbstractMatch","NegativeMatch"
"1184","62cbf51439a76e8fccd8a495","control_Dissimilar","0","DissimilarControl","open","close","open-close","",""
"1185","62cbf51439a76e8fccd8a495","control_Similar","99","SimilarControl","show","display","show-display","",""
"1186","62cbf51439a76e8fccd8a495","test_ValenceMatch_Positive","0","ValenceMatchingOnly","cook","cherish","cook-cherish","ConcreteMismatch","PositiveMatch"
"1187","62cbf51439a76e8fccd8a495","control_MaxMatch_Positive_Abstract","19","MaxMatch","enlighten","cherish","enlighten-cherish","AbstractMatch","PositiveMatch"
"1188","62cbf51439a76e8fccd8a495","test_ConceptualMatch_Abstract","0","ConceptualMatchingOnly","criticize","hope","criticize-hope","ConceptualMatch:abstract","NegativeMismatch"
"1189","62cbf51439a76e8fccd8a495","control_MaxMatch_Positive_Concrete","0","MaxMatch","cook","kiss","cook-kiss","ConcreteMatch","PositiveMatch"
"1190","62cbf51439a76e8fccd8a495","control_Dissimilar","0","DissimilarControl","begin","end","begin-end","",""
"1191","62cbf51439a76e8fccd8a495","test_ConceptualMatch_Concrete","0","ConceptualMatchingOnly","kiss","stab","kiss-stab","ConceptualMatch:concrete","PositiveMismatch"
"1192","62cbf51439a76e8fccd8a495","test_ValenceMatch_Negative","0","ValenceMatchingOnly","bleed","resent","bleed-resent","ConcreteMismatch","NegativeMatch"
"1193","62cbf51439a76e8fccd8a495","control_Similar","99","SimilarControl","ask","inquire","ask-inquire","",""
"1194","62cbf51439a76e8fccd8a495","control_MaxMatch_Negative_Concrete","99","MaxMatch","kill","murder","kill-murder","ConcreteMatch","NegativeMatch"
"1195","62cbf51439a76e8fccd8a495","control_MaxMismatch","3","MaxMismatch","obsess","esteem","obsess-esteem","AbstractMismatch","NegativeMismatch"
"1196","62cbf51439a76e8fccd8a495","control_MaxMatch_Negative_Abstract","63","MaxMatch","scorn","violate","scorn-violate","AbstractMatch","NegativeMatch"
"1197","62cbf51439a76e8fccd8a495","control_Dissimilar","0","DissimilarControl","give","take","give-take","",""
"1198","62cbf51439a76e8fccd8a495","control_Similar","98","SimilarControl","use","employ","use-employ","",""
"1199","62cbf51439a76e8fccd8a495","test_ValenceMatch_Positive","24","ValenceMatchingOnly","cuddle","believe","cuddle-believe","ConcreteMismatch","PositiveMatch"
"1200","62cbf51439a76e8fccd8a495","control_MaxMatch_Positive_Abstract","74","MaxMatch","believe","justify","believe-justify","AbstractMatch","PositiveMatch"
"1201","62cbf51439a76e8fccd8a495","test_ConceptualMatch_Abstract","0","ConceptualMatchingOnly","loathe","justify","loathe-justify","ConceptualMatch:abstract","NegativeMismatch"
"1202","62cbf51439a76e8fccd8a495","control_MaxMatch_Positive_Concrete","9","MaxMatch","cuddle","swing","cuddle-swing","ConcreteMatch","PositiveMatch"
"1203","62cbf51439a76e8fccd8a495","control_Dissimilar","0","DissimilarControl","arrive","leave","arrive-leave","",""
"1204","62cbf51439a76e8fccd8a495","test_ConceptualMatch_Concrete","0","ConceptualMatchingOnly","cook","bleed","cook-bleed","ConceptualMatch:concrete","PositiveMismatch"
"1205","62cbf51439a76e8fccd8a495","test_ValenceMatch_Negative","0","ValenceMatchingOnly","slap","exploit","slap-exploit","ConcreteMismatch","NegativeMatch"
"1206","62cbf51439a76e8fccd8a495","control_Similar","0","SimilarControl","help","assist","help-assist","",""
"1207","62cbf51439a76e8fccd8a495","control_MaxMatch_Negative_Concrete","99","MaxMatch","bleed","murder","bleed-murder","ConcreteMatch","NegativeMatch"
"1208","62cbf51439a76e8fccd8a495","control_MaxMismatch","0","MaxMismatch","exploit","fulfill","exploit-fulfill","AbstractMismatch","NegativeMismatch"
"1209","62cbf51439a76e8fccd8a495","control_MaxMatch_Negative_Abstract","0","MaxMatch","resent","violate","resent-violate","AbstractMatch","NegativeMatch"
"1210","62cbf51439a76e8fccd8a495","control_Dissimilar","0","DissimilarControl","rise","fall","rise-fall","",""
"1211","62cbf51439a76e8fccd8a495","control_Similar","99","SimilarControl","end","finish","end-finish","",""
"1212","62cbf51439a76e8fccd8a495","test_ValenceMatch_Positive","0","ValenceMatchingOnly","running","believe","running-believe","ConcreteMismatch","PositiveMatch"
"1213","62cbf51439a76e8fccd8a495","control_MaxMatch_Positive_Abstract","75","MaxMatch","imagine","fulfill","imagine-fulfill","AbstractMatch","PositiveMatch"
"1214","62cbf51439a76e8fccd8a495","test_ConceptualMatch_Abstract","0","ConceptualMatchingOnly","criticize","esteem","criticize-esteem","ConceptualMatch:abstract","NegativeMismatch"
"1215","62cbf51439a76e8fccd8a495","control_MaxMatch_Positive_Concrete","0","MaxMatch","build","kiss","build-kiss","ConcreteMatch","PositiveMatch"
"1216","62cbf51439a76e8fccd8a495","control_Dissimilar","0","DissimilarControl","come","go","come-go","",""
"1217","62cbf51439a76e8fccd8a495","test_ConceptualMatch_Concrete","0","ConceptualMatchingOnly","build","vomit","build-vomit","ConceptualMatch:concrete","PositiveMismatch"
"1218","62cbf51439a76e8fccd8a495","test_ValenceMatch_Negative","0","ValenceMatchingOnly","stab","befall","stab-befall","ConcreteMismatch","NegativeMatch"
"1219","62cbf51439a76e8fccd8a495","control_Similar","0","SimilarControl","get","obtain","get-obtain","",""
"1220","62cbf51439a76e8fccd8a495","control_MaxMatch_Negative_Concrete","0","MaxMatch","kill","slap","kill-slap","ConcreteMatch","NegativeMatch"
"1221","62cbf51439a76e8fccd8a495","control_MaxMismatch","0","MaxMismatch","worry","believe","worry-believe","AbstractMismatch","NegativeMismatch"
"1222","62cbf51439a76e8fccd8a495","control_MaxMatch_Negative_Abstract","0","MaxMatch","annoy","resent","annoy-resent","AbstractMatch","NegativeMatch"
"1223","62cbf51439a76e8fccd8a495","control_Dissimilar","0","DissimilarControl","enter","exit","enter-exit","",""
"1224","62cbf51439a76e8fccd8a495","control_Similar","99","SimilarControl","speak","talk","speak-talk","",""
"1225","62cbf51439a76e8fccd8a495","test_ValenceMatch_Positive","80","ValenceMatchingOnly","smile","believe","smile-believe","ConcreteMismatch","PositiveMatch"
"1226","62cbf51439a76e8fccd8a495","control_MaxMatch_Positive_Abstract","99","MaxMatch","admired","cherish","admired-cherish","AbstractMatch","PositiveMatch"
"1227","62cbf51439a76e8fccd8a495","test_ConceptualMatch_Abstract","0","ConceptualMatchingOnly","scorn","imagine","scorn-imagine","ConceptualMatch:abstract","NegativeMismatch"
"1228","62cbf51439a76e8fccd8a495","control_MaxMatch_Positive_Concrete","0","MaxMatch","kiss","running","kiss-running","ConcreteMatch","PositiveMatch"
"1229","62cbf51439a76e8fccd8a495","control_Dissimilar","0","DissimilarControl","add","remove","add-remove","",""
"1230","62cbf51439a76e8fccd8a495","test_ConceptualMatch_Concrete","0","ConceptualMatchingOnly","swing","spit","swing-spit","ConceptualMatch:concrete","PositiveMismatch"
"1231","62cbf51439a76e8fccd8a495","test_ValenceMatch_Negative","0","ValenceMatchingOnly","slap","scorn","slap-scorn","ConcreteMismatch","NegativeMatch"
"1232","62cbf51439a76e8fccd8a495","control_Similar","99","SimilarControl","buy","purchase","buy-purchase","",""
"1233","62cbf51439a76e8fccd8a495","control_MaxMatch_Negative_Concrete","0","MaxMatch","spit","stab","spit-stab","ConcreteMatch","NegativeMatch"
"1234","62cbf51439a76e8fccd8a495","control_MaxMismatch","0","MaxMismatch","worry","justify","worry-justify","AbstractMismatch","NegativeMismatch"
"1235","62cbf51439a76e8fccd8a495","control_MaxMatch_Negative_Abstract","0","MaxMatch","loathe","violate","loathe-violate","AbstractMatch","NegativeMatch"
"1236","5dbc73047d3d3622bcd31170","control_Similar","98","SimilarControl","help","assist","help-assist","",""
"1237","5dbc73047d3d3622bcd31170","control_Dissimilar","0","DissimilarControl","add","remove","add-remove","",""
"1238","5dbc73047d3d3622bcd31170","test_ConceptualMatch_Abstract","0","ConceptualMatchingOnly","loathe","fulfill","loathe-fulfill","ConceptualMatch:abstract","NegativeMismatch"
"1239","5dbc73047d3d3622bcd31170","control_Similar","96","SimilarControl","ask","inquire","ask-inquire","",""
"1240","5dbc73047d3d3622bcd31170","control_Dissimilar","0","DissimilarControl","arrive","leave","arrive-leave","",""
"1241","5dbc73047d3d3622bcd31170","test_ValenceMatch_Positive","39","ValenceMatchingOnly","build","hope","build-hope","ConcreteMismatch","PositiveMatch"
"1242","5dbc73047d3d3622bcd31170","control_MaxMatch_Negative_Concrete","0","MaxMatch","puke","scratch","puke-scratch","ConcreteMatch","NegativeMatch"
"1243","5dbc73047d3d3622bcd31170","control_MaxMatch_Negative_Abstract","41","MaxMatch","annoy","resent","annoy-resent","AbstractMatch","NegativeMatch"
"1244","5dbc73047d3d3622bcd31170","control_MaxMismatch","18","MaxMismatch","befall","fulfill","befall-fulfill","AbstractMismatch","NegativeMismatch"
"1245","5dbc73047d3d3622bcd31170","control_MaxMatch_Positive_Concrete","0","MaxMatch","cook","cuddle","cook-cuddle","ConcreteMatch","PositiveMatch"
"1246","5dbc73047d3d3622bcd31170","control_MaxMatch_Positive_Abstract","68","MaxMatch","enlighten","fulfill","enlighten-fulfill","AbstractMatch","PositiveMatch"
"1247","5dbc73047d3d3622bcd31170","test_ConceptualMatch_Concrete","0","ConceptualMatchingOnly","smile","scratch","smile-scratch","ConceptualMatch:concrete","PositiveMismatch"
"1248","5dbc73047d3d3622bcd31170","test_ValenceMatch_Negative","0","ValenceMatchingOnly","bleed","befall","bleed-befall","ConcreteMismatch","NegativeMatch"
"1249","5dbc73047d3d3622bcd31170","control_Similar","85","SimilarControl","end","finish","end-finish","",""
"1250","5dbc73047d3d3622bcd31170","control_Dissimilar","0","DissimilarControl","begin","end","begin-end","",""
"1251","5dbc73047d3d3622bcd31170","test_ConceptualMatch_Abstract","0","ConceptualMatchingOnly","loathe","justify","loathe-justify","ConceptualMatch:abstract","NegativeMismatch"
"1252","5dbc73047d3d3622bcd31170","control_Similar","87","SimilarControl","buy","purchase","buy-purchase","",""
"1253","5dbc73047d3d3622bcd31170","control_Dissimilar","0","DissimilarControl","enter","exit","enter-exit","",""
"1254","5dbc73047d3d3622bcd31170","test_ValenceMatch_Positive","0","ValenceMatchingOnly","hug","believe","hug-believe","ConcreteMismatch","PositiveMatch"
"1255","5dbc73047d3d3622bcd31170","control_MaxMatch_Negative_Concrete","6","MaxMatch","scratch","slap","scratch-slap","ConcreteMatch","NegativeMatch"
"1256","5dbc73047d3d3622bcd31170","control_MaxMatch_Negative_Abstract","57","MaxMatch","befall","loathe","befall-loathe","AbstractMatch","NegativeMatch"
"1257","5dbc73047d3d3622bcd31170","control_MaxMismatch","0","MaxMismatch","annoy","believe","annoy-believe","AbstractMismatch","NegativeMismatch"
"1258","5dbc73047d3d3622bcd31170","control_MaxMatch_Positive_Concrete","0","MaxMatch","cook","swing","cook-swing","ConcreteMatch","PositiveMatch"
"1259","5dbc73047d3d3622bcd31170","control_MaxMatch_Positive_Abstract","45","MaxMatch","imagine","fulfill","imagine-fulfill","AbstractMatch","PositiveMatch"
"1260","5dbc73047d3d3622bcd31170","test_ConceptualMatch_Concrete","0","ConceptualMatchingOnly","running","puke","running-puke","ConceptualMatch:concrete","PositiveMismatch"
"1261","5dbc73047d3d3622bcd31170","test_ValenceMatch_Negative","0","ValenceMatchingOnly","slap","resent","slap-resent","ConcreteMismatch","NegativeMatch"
"1262","5dbc73047d3d3622bcd31170","control_Similar","61","SimilarControl","need","require","need-require","",""
"1263","5dbc73047d3d3622bcd31170","control_Dissimilar","0","DissimilarControl","push","pull","push-pull","",""
"1264","5dbc73047d3d3622bcd31170","test_ConceptualMatch_Abstract","0","ConceptualMatchingOnly","obsess","believe","obsess-believe","ConceptualMatch:abstract","NegativeMismatch"
"1265","5dbc73047d3d3622bcd31170","control_Similar","58","SimilarControl","use","employ","use-employ","",""
"1266","5dbc73047d3d3622bcd31170","control_Dissimilar","0","DissimilarControl","open","close","open-close","",""
"1267","5dbc73047d3d3622bcd31170","test_ValenceMatch_Positive","0","ValenceMatchingOnly","cuddle","esteem","cuddle-esteem","ConcreteMismatch","PositiveMatch"
"1268","5dbc73047d3d3622bcd31170","control_MaxMatch_Negative_Concrete","0","MaxMatch","bleed","slap","bleed-slap","ConcreteMatch","NegativeMatch"
"1269","5dbc73047d3d3622bcd31170","control_MaxMatch_Negative_Abstract","47","MaxMatch","befall","criticize","befall-criticize","AbstractMatch","NegativeMatch"
"1270","5dbc73047d3d3622bcd31170","control_MaxMismatch","0","MaxMismatch","annoy","admired","annoy-admired","AbstractMismatch","NegativeMismatch"
"1271","5dbc73047d3d3622bcd31170","control_MaxMatch_Positive_Concrete","13","MaxMatch","cuddle","smile","cuddle-smile","ConcreteMatch","PositiveMatch"
"1272","5dbc73047d3d3622bcd31170","control_MaxMatch_Positive_Abstract","45","MaxMatch","believe","respect","believe-respect","AbstractMatch","PositiveMatch"
"1273","5dbc73047d3d3622bcd31170","test_ConceptualMatch_Concrete","0","ConceptualMatchingOnly","running","stab","running-stab","ConceptualMatch:concrete","PositiveMismatch"
"1274","5dbc73047d3d3622bcd31170","test_ValenceMatch_Negative","42","ValenceMatchingOnly","spit","scorn","spit-scorn","ConcreteMismatch","NegativeMatch"
"1275","5dbc73047d3d3622bcd31170","control_Similar","96","SimilarControl","begin","start","begin-start","",""
"1276","5dbc73047d3d3622bcd31170","control_Dissimilar","0","DissimilarControl","give","take","give-take","",""
"1277","5dbc73047d3d3622bcd31170","test_ConceptualMatch_Abstract","0","ConceptualMatchingOnly","befall","believe","befall-believe","ConceptualMatch:abstract","NegativeMismatch"
"1278","5dbc73047d3d3622bcd31170","control_Similar","85","SimilarControl","speak","talk","speak-talk","",""
"1279","5dbc73047d3d3622bcd31170","control_Dissimilar","0","DissimilarControl","rise","fall","rise-fall","",""
"1280","5dbc73047d3d3622bcd31170","test_ValenceMatch_Positive","0","ValenceMatchingOnly","swing","imagine","swing-imagine","ConcreteMismatch","PositiveMatch"
"1281","5dbc73047d3d3622bcd31170","control_MaxMatch_Negative_Concrete","42","MaxMatch","scratch","stab","scratch-stab","ConcreteMatch","NegativeMatch"
"1282","5dbc73047d3d3622bcd31170","control_MaxMatch_Negative_Abstract","3","MaxMatch","violate","worry","violate-worry","AbstractMatch","NegativeMatch"
"1283","5dbc73047d3d3622bcd31170","control_MaxMismatch","0","MaxMismatch","annoy","cherish","annoy-cherish","AbstractMismatch","NegativeMismatch"
"1284","5dbc73047d3d3622bcd31170","control_MaxMatch_Positive_Concrete","10","MaxMatch","kiss","smile","kiss-smile","ConcreteMatch","PositiveMatch"
"1285","5dbc73047d3d3622bcd31170","control_MaxMatch_Positive_Abstract","7","MaxMatch","admired","esteem","admired-esteem","AbstractMatch","PositiveMatch"
"1286","5dbc73047d3d3622bcd31170","test_ConceptualMatch_Concrete","0","ConceptualMatchingOnly","cook","slap","cook-slap","ConceptualMatch:concrete","PositiveMismatch"
"1287","5dbc73047d3d3622bcd31170","test_ValenceMatch_Negative","0","ValenceMatchingOnly","vomit","obsess","vomit-obsess","ConcreteMismatch","NegativeMatch"
"1288","5dbc73047d3d3622bcd31170","control_Similar","72","SimilarControl","show","display","show-display","",""
"1289","5dbc73047d3d3622bcd31170","control_Dissimilar","0","DissimilarControl","come","go","come-go","",""
"1290","5dbc73047d3d3622bcd31170","test_ConceptualMatch_Abstract","0","ConceptualMatchingOnly","violate","respect","violate-respect","ConceptualMatch:abstract","NegativeMismatch"
"1291","5dbc73047d3d3622bcd31170","control_Similar","67","SimilarControl","get","obtain","get-obtain","",""
"1292","5dbc73047d3d3622bcd31170","control_Dissimilar","0","DissimilarControl","increase","decrease","increase-decrease","",""
"1293","5dbc73047d3d3622bcd31170","test_ValenceMatch_Positive","0","ValenceMatchingOnly","build","esteem","build-esteem","ConcreteMismatch","PositiveMatch"
"1294","5dbc73047d3d3622bcd31170","control_MaxMatch_Negative_Concrete","0","MaxMatch","bleed","scratch","bleed-scratch","ConcreteMatch","NegativeMatch"
"1295","5dbc73047d3d3622bcd31170","control_MaxMatch_Negative_Abstract","0","MaxMatch","loathe","worry","loathe-worry","AbstractMatch","NegativeMatch"
"1296","5dbc73047d3d3622bcd31170","control_MaxMismatch","0","MaxMismatch","worry","justify","worry-justify","AbstractMismatch","NegativeMismatch"
"1297","5dbc73047d3d3622bcd31170","control_MaxMatch_Positive_Concrete","0","MaxMatch","kiss","running","kiss-running","ConcreteMatch","PositiveMatch"
"1298","5dbc73047d3d3622bcd31170","control_MaxMatch_Positive_Abstract","1","MaxMatch","believe","fulfill","believe-fulfill","AbstractMatch","PositiveMatch"
"1299","5dbc73047d3d3622bcd31170","test_ConceptualMatch_Concrete","0","ConceptualMatchingOnly","sail","slap","sail-slap","ConceptualMatch:concrete","PositiveMismatch"
"1300","5dbc73047d3d3622bcd31170","test_ValenceMatch_Negative","11","ValenceMatchingOnly","murder","scorn","murder-scorn","ConcreteMismatch","NegativeMatch"
"1301","650456c42eb78d336c75440a","control_Similar","98","SimilarControl","begin","start","begin-start","",""
"1302","650456c42eb78d336c75440a","control_Dissimilar","0","DissimilarControl","come","go","come-go","",""
"1303","650456c42eb78d336c75440a","control_MaxMatch_Negative_Abstract","57","MaxMatch","befall","loathe","befall-loathe","AbstractMatch","NegativeMatch"
"1304","650456c42eb78d336c75440a","control_MaxMatch_Negative_Concrete","0","MaxMatch","scratch","spit","scratch-spit","ConcreteMatch","NegativeMatch"
"1305","650456c42eb78d336c75440a","test_ValenceMatch_Positive","77","ValenceMatchingOnly","cuddle","cherish","cuddle-cherish","ConcreteMismatch","PositiveMatch"
"1306","650456c42eb78d336c75440a","control_Similar","90","SimilarControl","use","employ","use-employ","",""
"1307","650456c42eb78d336c75440a","test_ConceptualMatch_Concrete","0","ConceptualMatchingOnly","sail","smack","sail-smack","ConceptualMatch:concrete","PositiveMismatch"
"1308","650456c42eb78d336c75440a","control_MaxMismatch","23","MaxMismatch","exploit","imagine","exploit-imagine","AbstractMismatch","NegativeMismatch"
"1309","650456c42eb78d336c75440a","control_Dissimilar","0","DissimilarControl","increase","decrease","increase-decrease","",""
"1310","650456c42eb78d336c75440a","control_MaxMatch_Positive_Abstract","89","MaxMatch","imagine","hope","imagine-hope","AbstractMatch","PositiveMatch"
"1311","650456c42eb78d336c75440a","test_ValenceMatch_Negative","0","ValenceMatchingOnly","bleed","exploit","bleed-exploit","ConcreteMismatch","NegativeMatch"
"1312","650456c42eb78d336c75440a","control_MaxMatch_Positive_Concrete","17","MaxMatch","build","sail","build-sail","ConcreteMatch","PositiveMatch"
"1313","650456c42eb78d336c75440a","test_ConceptualMatch_Abstract","75","ConceptualMatchingOnly","loathe","esteem","loathe-esteem","ConceptualMatch:abstract","NegativeMismatch"
"1314","650456c42eb78d336c75440a","control_Similar","99","SimilarControl","ask","inquire","ask-inquire","",""
"1315","650456c42eb78d336c75440a","control_Dissimilar","0","DissimilarControl","add","remove","add-remove","",""
"1316","650456c42eb78d336c75440a","control_MaxMatch_Negative_Abstract","59","MaxMatch","annoy","exploit","annoy-exploit","AbstractMatch","NegativeMatch"
"1317","650456c42eb78d336c75440a","control_MaxMatch_Negative_Concrete","0","MaxMatch","murder","slap","murder-slap","ConcreteMatch","NegativeMatch"
"1318","650456c42eb78d336c75440a","test_ValenceMatch_Positive","14","ValenceMatchingOnly","kiss","respect","kiss-respect","ConcreteMismatch","PositiveMatch"
"1319","650456c42eb78d336c75440a","control_Similar","99","SimilarControl","get","obtain","get-obtain","",""
"1320","650456c42eb78d336c75440a","test_ConceptualMatch_Concrete","0","ConceptualMatchingOnly","hug","scratch","hug-scratch","ConceptualMatch:concrete","PositiveMismatch"
"1321","650456c42eb78d336c75440a","control_MaxMismatch","35","MaxMismatch","loathe","cherish","loathe-cherish","AbstractMismatch","NegativeMismatch"
"1322","650456c42eb78d336c75440a","control_Dissimilar","0","DissimilarControl","enter","exit","enter-exit","",""
"1323","650456c42eb78d336c75440a","control_MaxMatch_Positive_Abstract","96","MaxMatch","enlighten","admired","enlighten-admired","AbstractMatch","PositiveMatch"
"1324","650456c42eb78d336c75440a","test_ValenceMatch_Negative","6","ValenceMatchingOnly","kill","criticize","kill-criticize","ConcreteMismatch","NegativeMatch"
"1325","650456c42eb78d336c75440a","control_MaxMatch_Positive_Concrete","0","MaxMatch","hug","running","hug-running","ConcreteMatch","PositiveMatch"
"1326","650456c42eb78d336c75440a","test_ConceptualMatch_Abstract","80","ConceptualMatchingOnly","obsess","admired","obsess-admired","ConceptualMatch:abstract","NegativeMismatch"
"1327","650456c42eb78d336c75440a","control_Similar","99","SimilarControl","end","finish","end-finish","",""
"1328","650456c42eb78d336c75440a","control_Dissimilar","0","DissimilarControl","begin","end","begin-end","",""
"1329","650456c42eb78d336c75440a","control_MaxMatch_Negative_Abstract","11","MaxMatch","befall","violate","befall-violate","AbstractMatch","NegativeMatch"
"1330","650456c42eb78d336c75440a","control_MaxMatch_Negative_Concrete","0","MaxMatch","kill","vomit","kill-vomit","ConcreteMatch","NegativeMatch"
"1331","650456c42eb78d336c75440a","test_ValenceMatch_Positive","2","ValenceMatchingOnly","sail","believe","sail-believe","ConcreteMismatch","PositiveMatch"
"1332","650456c42eb78d336c75440a","control_Similar","99","SimilarControl","need","require","need-require","",""
"1333","650456c42eb78d336c75440a","test_ConceptualMatch_Concrete","0","ConceptualMatchingOnly","build","stab","build-stab","ConceptualMatch:concrete","PositiveMismatch"
"1334","650456c42eb78d336c75440a","control_MaxMismatch","72","MaxMismatch","obsess","esteem","obsess-esteem","AbstractMismatch","NegativeMismatch"
"1335","650456c42eb78d336c75440a","control_Dissimilar","0","DissimilarControl","rise","fall","rise-fall","",""
"1336","650456c42eb78d336c75440a","control_MaxMatch_Positive_Abstract","79","MaxMatch","imagine","justify","imagine-justify","AbstractMatch","PositiveMatch"
"1337","650456c42eb78d336c75440a","test_ValenceMatch_Negative","0","ValenceMatchingOnly","murder","criticize","murder-criticize","ConcreteMismatch","NegativeMatch"
"1338","650456c42eb78d336c75440a","control_MaxMatch_Positive_Concrete","7","MaxMatch","kiss","smile","kiss-smile","ConcreteMatch","PositiveMatch"
"1339","650456c42eb78d336c75440a","test_ConceptualMatch_Abstract","98","ConceptualMatchingOnly","exploit","fulfill","exploit-fulfill","ConceptualMatch:abstract","NegativeMismatch"
"1340","650456c42eb78d336c75440a","control_Similar","99","SimilarControl","buy","purchase","buy-purchase","",""
"1341","650456c42eb78d336c75440a","control_Dissimilar","0","DissimilarControl","arrive","leave","arrive-leave","",""
"1342","650456c42eb78d336c75440a","control_MaxMatch_Negative_Abstract","88","MaxMatch","exploit","scorn","exploit-scorn","AbstractMatch","NegativeMatch"
"1343","650456c42eb78d336c75440a","control_MaxMatch_Negative_Concrete","75","MaxMatch","bleed","murder","bleed-murder","ConcreteMatch","NegativeMatch"
"1344","650456c42eb78d336c75440a","test_ValenceMatch_Positive","81","ValenceMatchingOnly","build","imagine","build-imagine","ConcreteMismatch","PositiveMatch"
"1345","650456c42eb78d336c75440a","control_Similar","99","SimilarControl","help","assist","help-assist","",""
"1346","650456c42eb78d336c75440a","test_ConceptualMatch_Concrete","0","ConceptualMatchingOnly","cook","puke","cook-puke","ConceptualMatch:concrete","PositiveMismatch"
"1347","650456c42eb78d336c75440a","control_MaxMismatch","9","MaxMismatch","violate","justify","violate-justify","AbstractMismatch","NegativeMismatch"
"1348","650456c42eb78d336c75440a","control_Dissimilar","0","DissimilarControl","give","take","give-take","",""
"1349","650456c42eb78d336c75440a","control_MaxMatch_Positive_Abstract","97","MaxMatch","imagine","admired","imagine-admired","AbstractMatch","PositiveMatch"
"1350","650456c42eb78d336c75440a","test_ValenceMatch_Negative","8","ValenceMatchingOnly","slap","resent","slap-resent","ConcreteMismatch","NegativeMatch"
"1351","650456c42eb78d336c75440a","control_MaxMatch_Positive_Concrete","0","MaxMatch","eat","sail","eat-sail","ConcreteMatch","PositiveMatch"
"1352","650456c42eb78d336c75440a","test_ConceptualMatch_Abstract","0","ConceptualMatchingOnly","criticize","admired","criticize-admired","ConceptualMatch:abstract","NegativeMismatch"
"1353","650456c42eb78d336c75440a","control_Similar","99","SimilarControl","speak","talk","speak-talk","",""
"1354","650456c42eb78d336c75440a","control_Dissimilar","0","DissimilarControl","push","pull","push-pull","",""
"1355","650456c42eb78d336c75440a","control_MaxMatch_Negative_Abstract","65","MaxMatch","criticize","resent","criticize-resent","AbstractMatch","NegativeMatch"
"1356","650456c42eb78d336c75440a","control_MaxMatch_Negative_Concrete","68","MaxMatch","bleed","kill","bleed-kill","ConcreteMatch","NegativeMatch"
"1357","650456c42eb78d336c75440a","test_ValenceMatch_Positive","64","ValenceMatchingOnly","swing","esteem","swing-esteem","ConcreteMismatch","PositiveMatch"
"1358","650456c42eb78d336c75440a","control_Similar","99","SimilarControl","show","display","show-display","",""
"1359","650456c42eb78d336c75440a","test_ConceptualMatch_Concrete","4","ConceptualMatchingOnly","running","kill","running-kill","ConceptualMatch:concrete","PositiveMismatch"
"1360","650456c42eb78d336c75440a","control_MaxMismatch","67","MaxMismatch","exploit","enlighten","exploit-enlighten","AbstractMismatch","NegativeMismatch"
"1361","650456c42eb78d336c75440a","control_Dissimilar","0","DissimilarControl","open","close","open-close","",""
"1362","650456c42eb78d336c75440a","control_MaxMatch_Positive_Abstract","87","MaxMatch","enlighten","justify","enlighten-justify","AbstractMatch","PositiveMatch"
"1363","650456c42eb78d336c75440a","test_ValenceMatch_Negative","64","ValenceMatchingOnly","kill","violate","kill-violate","ConcreteMismatch","NegativeMatch"
"1364","650456c42eb78d336c75440a","control_MaxMatch_Positive_Concrete","23","MaxMatch","cuddle","sail","cuddle-sail","ConcreteMatch","PositiveMatch"
"1365","650456c42eb78d336c75440a","test_ConceptualMatch_Abstract","91","ConceptualMatchingOnly","obsess","cherish","obsess-cherish","ConceptualMatch:abstract","NegativeMismatch"
"1366","60dfd857e293a99dd577f4c8","control_Similar","99","SimilarControl","begin","start","begin-start","",""
"1367","60dfd857e293a99dd577f4c8","control_Dissimilar","0","DissimilarControl","open","close","open-close","",""
"1368","60dfd857e293a99dd577f4c8","control_Similar","99","SimilarControl","end","finish","end-finish","",""
"1369","60dfd857e293a99dd577f4c8","control_MaxMismatch","0","MaxMismatch","resent","cherish","resent-cherish","AbstractMismatch","NegativeMismatch"
"1370","60dfd857e293a99dd577f4c8","control_MaxMatch_Positive_Abstract","0","MaxMatch","cherish","hope","cherish-hope","AbstractMatch","PositiveMatch"
"1371","60dfd857e293a99dd577f4c8","control_MaxMatch_Negative_Concrete","0","MaxMatch","murder","spit","murder-spit","ConcreteMatch","NegativeMatch"
"1372","60dfd857e293a99dd577f4c8","test_ConceptualMatch_Abstract","0","ConceptualMatchingOnly","exploit","esteem","exploit-esteem","ConceptualMatch:abstract","NegativeMismatch"
"1373","60dfd857e293a99dd577f4c8","test_ValenceMatch_Positive","45","ValenceMatchingOnly","smile","respect","smile-respect","ConcreteMismatch","PositiveMatch"
"1374","60dfd857e293a99dd577f4c8","test_ValenceMatch_Negative","0","ValenceMatchingOnly","bleed","loathe","bleed-loathe","ConcreteMismatch","NegativeMatch"
"1375","60dfd857e293a99dd577f4c8","control_Dissimilar","0","DissimilarControl","come","go","come-go","",""
"1376","60dfd857e293a99dd577f4c8","test_ConceptualMatch_Concrete","0","ConceptualMatchingOnly","sail","slap","sail-slap","ConceptualMatch:concrete","PositiveMismatch"
"1377","60dfd857e293a99dd577f4c8","control_MaxMatch_Positive_Concrete","0","MaxMatch","build","running","build-running","ConcreteMatch","PositiveMatch"
"1378","60dfd857e293a99dd577f4c8","control_MaxMatch_Negative_Abstract","45","MaxMatch","befall","exploit","befall-exploit","AbstractMatch","NegativeMatch"
"1379","60dfd857e293a99dd577f4c8","control_Similar","97","SimilarControl","get","obtain","get-obtain","",""
"1380","60dfd857e293a99dd577f4c8","control_Dissimilar","0","DissimilarControl","begin","end","begin-end","",""
"1381","60dfd857e293a99dd577f4c8","control_Similar","98","SimilarControl","help","assist","help-assist","",""
"1382","60dfd857e293a99dd577f4c8","control_MaxMismatch","0","MaxMismatch","criticize","fulfill","criticize-fulfill","AbstractMismatch","NegativeMismatch"
"1383","60dfd857e293a99dd577f4c8","control_MaxMatch_Positive_Abstract","20","MaxMatch","enlighten","admired","enlighten-admired","AbstractMatch","PositiveMatch"
"1384","60dfd857e293a99dd577f4c8","control_MaxMatch_Negative_Concrete","0","MaxMatch","kill","scratch","kill-scratch","ConcreteMatch","NegativeMatch"
"1385","60dfd857e293a99dd577f4c8","test_ConceptualMatch_Abstract","0","ConceptualMatchingOnly","loathe","esteem","loathe-esteem","ConceptualMatch:abstract","NegativeMismatch"
"1386","60dfd857e293a99dd577f4c8","test_ValenceMatch_Positive","13","ValenceMatchingOnly","kiss","fulfill","kiss-fulfill","ConcreteMismatch","PositiveMatch"
"1387","60dfd857e293a99dd577f4c8","test_ValenceMatch_Negative","98","ValenceMatchingOnly","smack","violate","smack-violate","ConcreteMismatch","NegativeMatch"
"1388","60dfd857e293a99dd577f4c8","control_Dissimilar","0","DissimilarControl","give","take","give-take","",""
"1389","60dfd857e293a99dd577f4c8","test_ConceptualMatch_Concrete","0","ConceptualMatchingOnly","cook","vomit","cook-vomit","ConceptualMatch:concrete","PositiveMismatch"
"1390","60dfd857e293a99dd577f4c8","control_MaxMatch_Positive_Concrete","0","MaxMatch","running","swing","running-swing","ConcreteMatch","PositiveMatch"
"1391","60dfd857e293a99dd577f4c8","control_MaxMatch_Negative_Abstract","0","MaxMatch","exploit","obsess","exploit-obsess","AbstractMatch","NegativeMatch"
"1392","60dfd857e293a99dd577f4c8","control_Similar","96","SimilarControl","show","display","show-display","",""
"1393","60dfd857e293a99dd577f4c8","control_Dissimilar","0","DissimilarControl","push","pull","push-pull","",""
"1394","60dfd857e293a99dd577f4c8","control_Similar","98","SimilarControl","buy","purchase","buy-purchase","",""
"1395","60dfd857e293a99dd577f4c8","control_MaxMismatch","0","MaxMismatch","criticize","hope","criticize-hope","AbstractMismatch","NegativeMismatch"
"1396","60dfd857e293a99dd577f4c8","control_MaxMatch_Positive_Abstract","99","MaxMatch","admired","esteem","admired-esteem","AbstractMatch","PositiveMatch"
"1397","60dfd857e293a99dd577f4c8","control_MaxMatch_Negative_Concrete","0","MaxMatch","bleed","slap","bleed-slap","ConcreteMatch","NegativeMatch"
"1398","60dfd857e293a99dd577f4c8","test_ConceptualMatch_Abstract","0","ConceptualMatchingOnly","befall","hope","befall-hope","ConceptualMatch:abstract","NegativeMismatch"
"1399","60dfd857e293a99dd577f4c8","test_ValenceMatch_Positive","52","ValenceMatchingOnly","kiss","respect","kiss-respect","ConcreteMismatch","PositiveMatch"
"1400","60dfd857e293a99dd577f4c8","test_ValenceMatch_Negative","0","ValenceMatchingOnly","vomit","resent","vomit-resent","ConcreteMismatch","NegativeMatch"
"1401","60dfd857e293a99dd577f4c8","control_Dissimilar","0","DissimilarControl","increase","decrease","increase-decrease","",""
"1402","60dfd857e293a99dd577f4c8","test_ConceptualMatch_Concrete","0","ConceptualMatchingOnly","smile","kill","smile-kill","ConceptualMatch:concrete","PositiveMismatch"
"1403","60dfd857e293a99dd577f4c8","control_MaxMatch_Positive_Concrete","0","MaxMatch","cuddle","smile","cuddle-smile","ConcreteMatch","PositiveMatch"
"1404","60dfd857e293a99dd577f4c8","control_MaxMatch_Negative_Abstract","0","MaxMatch","befall","resent","befall-resent","AbstractMatch","NegativeMatch"
"1405","60dfd857e293a99dd577f4c8","control_Similar","99","SimilarControl","need","require","need-require","",""
"1406","60dfd857e293a99dd577f4c8","control_Dissimilar","0","DissimilarControl","arrive","leave","arrive-leave","",""
"1407","60dfd857e293a99dd577f4c8","control_Similar","99","SimilarControl","use","employ","use-employ","",""
"1408","60dfd857e293a99dd577f4c8","control_MaxMismatch","0","MaxMismatch","befall","fulfill","befall-fulfill","AbstractMismatch","NegativeMismatch"
"1409","60dfd857e293a99dd577f4c8","control_MaxMatch_Positive_Abstract","99","MaxMatch","cherish","esteem","cherish-esteem","AbstractMatch","PositiveMatch"
"1410","60dfd857e293a99dd577f4c8","control_MaxMatch_Negative_Concrete","80","MaxMatch","puke","spit","puke-spit","ConcreteMatch","NegativeMatch"
"1411","60dfd857e293a99dd577f4c8","test_ConceptualMatch_Abstract","0","ConceptualMatchingOnly","annoy","cherish","annoy-cherish","ConceptualMatch:abstract","NegativeMismatch"
"1412","60dfd857e293a99dd577f4c8","test_ValenceMatch_Positive","0","ValenceMatchingOnly","cook","enlighten","cook-enlighten","ConcreteMismatch","PositiveMatch"
"1413","60dfd857e293a99dd577f4c8","test_ValenceMatch_Negative","0","ValenceMatchingOnly","vomit","violate","vomit-violate","ConcreteMismatch","NegativeMatch"
"1414","60dfd857e293a99dd577f4c8","control_Dissimilar","0","DissimilarControl","add","remove","add-remove","",""
"1415","60dfd857e293a99dd577f4c8","test_ConceptualMatch_Concrete","0","ConceptualMatchingOnly","kiss","stab","kiss-stab","ConceptualMatch:concrete","PositiveMismatch"
"1416","60dfd857e293a99dd577f4c8","control_MaxMatch_Positive_Concrete","0","MaxMatch","cook","cuddle","cook-cuddle","ConcreteMatch","PositiveMatch"
"1417","60dfd857e293a99dd577f4c8","control_MaxMatch_Negative_Abstract","61","MaxMatch","criticize","exploit","criticize-exploit","AbstractMatch","NegativeMatch"
"1418","60dfd857e293a99dd577f4c8","control_Similar","98","SimilarControl","ask","inquire","ask-inquire","",""
"1419","60dfd857e293a99dd577f4c8","control_Dissimilar","0","DissimilarControl","enter","exit","enter-exit","",""
"1420","60dfd857e293a99dd577f4c8","control_Similar","99","SimilarControl","speak","talk","speak-talk","",""
"1421","60dfd857e293a99dd577f4c8","control_MaxMismatch","0","MaxMismatch","scorn","justify","scorn-justify","AbstractMismatch","NegativeMismatch"
"1422","60dfd857e293a99dd577f4c8","control_MaxMatch_Positive_Abstract","0","MaxMatch","imagine","admired","imagine-admired","AbstractMatch","PositiveMatch"
"1423","60dfd857e293a99dd577f4c8","control_MaxMatch_Negative_Concrete","0","MaxMatch","kill","slap","kill-slap","ConcreteMatch","NegativeMatch"
"1424","60dfd857e293a99dd577f4c8","test_ConceptualMatch_Abstract","0","ConceptualMatchingOnly","worry","believe","worry-believe","ConceptualMatch:abstract","NegativeMismatch"
"1425","60dfd857e293a99dd577f4c8","test_ValenceMatch_Positive","0","ValenceMatchingOnly","sail","justify","sail-justify","ConcreteMismatch","PositiveMatch"
"1426","60dfd857e293a99dd577f4c8","test_ValenceMatch_Negative","0","ValenceMatchingOnly","smack","obsess","smack-obsess","ConcreteMismatch","NegativeMatch"
"1427","60dfd857e293a99dd577f4c8","control_Dissimilar","0","DissimilarControl","rise","fall","rise-fall","",""
"1428","60dfd857e293a99dd577f4c8","test_ConceptualMatch_Concrete","0","ConceptualMatchingOnly","kiss","murder","kiss-murder","ConceptualMatch:concrete","PositiveMismatch"
"1429","60dfd857e293a99dd577f4c8","control_MaxMatch_Positive_Concrete","0","MaxMatch","cook","smile","cook-smile","ConcreteMatch","PositiveMatch"
"1430","60dfd857e293a99dd577f4c8","control_MaxMatch_Negative_Abstract","94","MaxMatch","annoy","loathe","annoy-loathe","AbstractMatch","NegativeMatch"
"1431","6401dc189a0c39635de7ebab","control_Similar","99","SimilarControl","speak","talk","speak-talk","",""
"1432","6401dc189a0c39635de7ebab","control_Dissimilar","0","DissimilarControl","give","take","give-take","",""
"1433","6401dc189a0c39635de7ebab","control_MaxMatch_Negative_Abstract","74","MaxMatch","annoy","exploit","annoy-exploit","AbstractMatch","NegativeMatch"
"1434","6401dc189a0c39635de7ebab","control_Similar","99","SimilarControl","get","obtain","get-obtain","",""
"1435","6401dc189a0c39635de7ebab","control_Dissimilar","0","DissimilarControl","rise","fall","rise-fall","",""
"1436","6401dc189a0c39635de7ebab","test_ConceptualMatch_Concrete","46","ConceptualMatchingOnly","eat","kill","eat-kill","ConceptualMatch:concrete","PositiveMismatch"
"1437","6401dc189a0c39635de7ebab","test_ConceptualMatch_Abstract","16","ConceptualMatchingOnly","violate","esteem","violate-esteem","ConceptualMatch:abstract","NegativeMismatch"
"1438","6401dc189a0c39635de7ebab","control_MaxMatch_Negative_Concrete","10","MaxMatch","smack","vomit","smack-vomit","ConcreteMatch","NegativeMatch"
"1439","6401dc189a0c39635de7ebab","control_MaxMismatch","11","MaxMismatch","worry","imagine","worry-imagine","AbstractMismatch","NegativeMismatch"
"1440","6401dc189a0c39635de7ebab","test_ValenceMatch_Negative","5","ValenceMatchingOnly","puke","obsess","puke-obsess","ConcreteMismatch","NegativeMatch"
"1441","6401dc189a0c39635de7ebab","test_ValenceMatch_Positive","0","ValenceMatchingOnly","cook","respect","cook-respect","ConcreteMismatch","PositiveMatch"
"1442","6401dc189a0c39635de7ebab","control_MaxMatch_Positive_Concrete","0","MaxMatch","cook","cuddle","cook-cuddle","ConcreteMatch","PositiveMatch"
"1443","6401dc189a0c39635de7ebab","control_MaxMatch_Positive_Abstract","1","MaxMatch","hope","respect","hope-respect","AbstractMatch","PositiveMatch"
"1444","6401dc189a0c39635de7ebab","control_Similar","99","SimilarControl","show","display","show-display","",""
"1445","6401dc189a0c39635de7ebab","control_Dissimilar","0","DissimilarControl","begin","end","begin-end","",""
"1446","6401dc189a0c39635de7ebab","control_MaxMatch_Negative_Abstract","13","MaxMatch","exploit","worry","exploit-worry","AbstractMatch","NegativeMatch"
"1447","6401dc189a0c39635de7ebab","control_Similar","99","SimilarControl","end","finish","end-finish","",""
"1448","6401dc189a0c39635de7ebab","control_Dissimilar","1","DissimilarControl","arrive","leave","arrive-leave","",""
"1449","6401dc189a0c39635de7ebab","test_ConceptualMatch_Concrete","0","ConceptualMatchingOnly","eat","vomit","eat-vomit","ConceptualMatch:concrete","PositiveMismatch"
"1450","6401dc189a0c39635de7ebab","test_ConceptualMatch_Abstract","0","ConceptualMatchingOnly","exploit","justify","exploit-justify","ConceptualMatch:abstract","NegativeMismatch"
"1451","6401dc189a0c39635de7ebab","control_MaxMatch_Negative_Concrete","2","MaxMatch","murder","spit","murder-spit","ConcreteMatch","NegativeMatch"
"1452","6401dc189a0c39635de7ebab","control_MaxMismatch","60","MaxMismatch","criticize","enlighten","criticize-enlighten","AbstractMismatch","NegativeMismatch"
"1453","6401dc189a0c39635de7ebab","test_ValenceMatch_Negative","61","ValenceMatchingOnly","smack","annoy","smack-annoy","ConcreteMismatch","NegativeMatch"
"1454","6401dc189a0c39635de7ebab","test_ValenceMatch_Positive","62","ValenceMatchingOnly","kiss","respect","kiss-respect","ConcreteMismatch","PositiveMatch"
"1455","6401dc189a0c39635de7ebab","control_MaxMatch_Positive_Concrete","61","MaxMatch","kiss","smile","kiss-smile","ConcreteMatch","PositiveMatch"
"1456","6401dc189a0c39635de7ebab","control_MaxMatch_Positive_Abstract","85","MaxMatch","enlighten","esteem","enlighten-esteem","AbstractMatch","PositiveMatch"
"1457","6401dc189a0c39635de7ebab","control_Similar","99","SimilarControl","buy","purchase","buy-purchase","",""
"1458","6401dc189a0c39635de7ebab","control_Dissimilar","0","DissimilarControl","push","pull","push-pull","",""
"1459","6401dc189a0c39635de7ebab","control_MaxMatch_Negative_Abstract","22","MaxMatch","resent","worry","resent-worry","AbstractMatch","NegativeMatch"
"1460","6401dc189a0c39635de7ebab","control_Similar","99","SimilarControl","need","require","need-require","",""
"1461","6401dc189a0c39635de7ebab","control_Dissimilar","0","DissimilarControl","add","remove","add-remove","",""
"1462","6401dc189a0c39635de7ebab","test_ConceptualMatch_Concrete","0","ConceptualMatchingOnly","swing","spit","swing-spit","ConceptualMatch:concrete","PositiveMismatch"
"1463","6401dc189a0c39635de7ebab","test_ConceptualMatch_Abstract","0","ConceptualMatchingOnly","violate","imagine","violate-imagine","ConceptualMatch:abstract","NegativeMismatch"
"1464","6401dc189a0c39635de7ebab","control_MaxMatch_Negative_Concrete","0","MaxMatch","scratch","spit","scratch-spit","ConcreteMatch","NegativeMatch"
"1465","6401dc189a0c39635de7ebab","control_MaxMismatch","0","MaxMismatch","annoy","cherish","annoy-cherish","AbstractMismatch","NegativeMismatch"
"1466","6401dc189a0c39635de7ebab","test_ValenceMatch_Negative","25","ValenceMatchingOnly","bleed","scorn","bleed-scorn","ConcreteMismatch","NegativeMatch"
"1467","6401dc189a0c39635de7ebab","test_ValenceMatch_Positive","0","ValenceMatchingOnly","hug","justify","hug-justify","ConcreteMismatch","PositiveMatch"
"1468","6401dc189a0c39635de7ebab","control_MaxMatch_Positive_Concrete","0","MaxMatch","smile","swing","smile-swing","ConcreteMatch","PositiveMatch"
"1469","6401dc189a0c39635de7ebab","control_MaxMatch_Positive_Abstract","0","MaxMatch","imagine","cherish","imagine-cherish","AbstractMatch","PositiveMatch"
"1470","6401dc189a0c39635de7ebab","control_Similar","99","SimilarControl","ask","inquire","ask-inquire","",""
"1471","6401dc189a0c39635de7ebab","control_Dissimilar","0","DissimilarControl","increase","decrease","increase-decrease","",""
"1472","6401dc189a0c39635de7ebab","control_MaxMatch_Negative_Abstract","0","MaxMatch","exploit","obsess","exploit-obsess","AbstractMatch","NegativeMatch"
"1473","6401dc189a0c39635de7ebab","control_Similar","99","SimilarControl","help","assist","help-assist","",""
"1474","6401dc189a0c39635de7ebab","control_Dissimilar","48","DissimilarControl","come","go","come-go","",""
"1475","6401dc189a0c39635de7ebab","test_ConceptualMatch_Concrete","0","ConceptualMatchingOnly","hug","murder","hug-murder","ConceptualMatch:concrete","PositiveMismatch"
"1476","6401dc189a0c39635de7ebab","test_ConceptualMatch_Abstract","0","ConceptualMatchingOnly","worry","imagine","worry-imagine","ConceptualMatch:abstract","NegativeMismatch"
"1477","6401dc189a0c39635de7ebab","control_MaxMatch_Negative_Concrete","0","MaxMatch","bleed","smack","bleed-smack","ConcreteMatch","NegativeMatch"
"1478","6401dc189a0c39635de7ebab","control_MaxMismatch","0","MaxMismatch","violate","enlighten","violate-enlighten","AbstractMismatch","NegativeMismatch"
"1479","6401dc189a0c39635de7ebab","test_ValenceMatch_Negative","69","ValenceMatchingOnly","kill","violate","kill-violate","ConcreteMismatch","NegativeMatch"
"1480","6401dc189a0c39635de7ebab","test_ValenceMatch_Positive","0","ValenceMatchingOnly","cook","justify","cook-justify","ConcreteMismatch","PositiveMatch"
"1481","6401dc189a0c39635de7ebab","control_MaxMatch_Positive_Concrete","60","MaxMatch","running","swing","running-swing","ConcreteMatch","PositiveMatch"
"1482","6401dc189a0c39635de7ebab","control_MaxMatch_Positive_Abstract","75","MaxMatch","hope","fulfill","hope-fulfill","AbstractMatch","PositiveMatch"
"1483","6401dc189a0c39635de7ebab","control_Similar","99","SimilarControl","begin","start","begin-start","",""
"1484","6401dc189a0c39635de7ebab","control_Dissimilar","0","DissimilarControl","enter","exit","enter-exit","",""
"1485","6401dc189a0c39635de7ebab","control_MaxMatch_Negative_Abstract","62","MaxMatch","annoy","worry","annoy-worry","AbstractMatch","NegativeMatch"
"1486","6401dc189a0c39635de7ebab","control_Similar","99","SimilarControl","use","employ","use-employ","",""
"1487","6401dc189a0c39635de7ebab","control_Dissimilar","0","DissimilarControl","open","close","open-close","",""
"1488","6401dc189a0c39635de7ebab","test_ConceptualMatch_Concrete","0","ConceptualMatchingOnly","running","puke","running-puke","ConceptualMatch:concrete","PositiveMismatch"
"1489","6401dc189a0c39635de7ebab","test_ConceptualMatch_Abstract","0","ConceptualMatchingOnly","obsess","justify","obsess-justify","ConceptualMatch:abstract","NegativeMismatch"
"1490","6401dc189a0c39635de7ebab","control_MaxMatch_Negative_Concrete","0","MaxMatch","puke","vomit","puke-vomit","ConcreteMatch","NegativeMatch"
"1491","6401dc189a0c39635de7ebab","control_MaxMismatch","0","MaxMismatch","violate","believe","violate-believe","AbstractMismatch","NegativeMismatch"
"1492","6401dc189a0c39635de7ebab","test_ValenceMatch_Negative","0","ValenceMatchingOnly","scratch","befall","scratch-befall","ConcreteMismatch","NegativeMatch"
"1493","6401dc189a0c39635de7ebab","test_ValenceMatch_Positive","0","ValenceMatchingOnly","build","admired","build-admired","ConcreteMismatch","PositiveMatch"
"1494","6401dc189a0c39635de7ebab","control_MaxMatch_Positive_Concrete","0","MaxMatch","cuddle","sail","cuddle-sail","ConcreteMatch","PositiveMatch"
"1495","6401dc189a0c39635de7ebab","control_MaxMatch_Positive_Abstract","0","MaxMatch","imagine","admired","imagine-admired","AbstractMatch","PositiveMatch"
"1496","5d951ede9b6f880018f63b6e","control_Similar","99","SimilarControl","begin","start","begin-start","",""
"1497","5d951ede9b6f880018f63b6e","control_Dissimilar","0","DissimilarControl","enter","exit","enter-exit","",""
"1498","5d951ede9b6f880018f63b6e","control_Similar","99","SimilarControl","ask","inquire","ask-inquire","",""
"1499","5d951ede9b6f880018f63b6e","control_Dissimilar","0","DissimilarControl","arrive","leave","arrive-leave","",""
"1500","5d951ede9b6f880018f63b6e","test_ConceptualMatch_Abstract","0","ConceptualMatchingOnly","exploit","hope","exploit-hope","ConceptualMatch:abstract","NegativeMismatch"
"1501","5d951ede9b6f880018f63b6e","test_ValenceMatch_Positive","66","ValenceMatchingOnly","cook","hope","cook-hope","ConcreteMismatch","PositiveMatch"
"1502","5d951ede9b6f880018f63b6e","control_MaxMatch_Negative_Abstract","91","MaxMatch","resent","scorn","resent-scorn","AbstractMatch","NegativeMatch"
"1503","5d951ede9b6f880018f63b6e","control_MaxMatch_Negative_Concrete","99","MaxMatch","bleed","murder","bleed-murder","ConcreteMatch","NegativeMatch"
"1504","5d951ede9b6f880018f63b6e","control_MaxMatch_Positive_Abstract","85","MaxMatch","enlighten","justify","enlighten-justify","AbstractMatch","PositiveMatch"
"1505","5d951ede9b6f880018f63b6e","test_ConceptualMatch_Concrete","0","ConceptualMatchingOnly","sail","stab","sail-stab","ConceptualMatch:concrete","PositiveMismatch"
"1506","5d951ede9b6f880018f63b6e","control_MaxMismatch","0","MaxMismatch","violate","hope","violate-hope","AbstractMismatch","NegativeMismatch"
"1507","5d951ede9b6f880018f63b6e","control_MaxMatch_Positive_Concrete","9","MaxMatch","running","smile","running-smile","ConcreteMatch","PositiveMatch"
"1508","5d951ede9b6f880018f63b6e","test_ValenceMatch_Negative","0","ValenceMatchingOnly","puke","criticize","puke-criticize","ConcreteMismatch","NegativeMatch"
"1509","5d951ede9b6f880018f63b6e","control_Similar","99","SimilarControl","speak","talk","speak-talk","",""
"1510","5d951ede9b6f880018f63b6e","control_Dissimilar","0","DissimilarControl","rise","fall","rise-fall","",""
"1511","5d951ede9b6f880018f63b6e","control_Similar","99","SimilarControl","need","require","need-require","",""
"1512","5d951ede9b6f880018f63b6e","control_Dissimilar","0","DissimilarControl","begin","end","begin-end","",""
"1513","5d951ede9b6f880018f63b6e","test_ConceptualMatch_Abstract","1","ConceptualMatchingOnly","exploit","enlighten","exploit-enlighten","ConceptualMatch:abstract","NegativeMismatch"
"1514","5d951ede9b6f880018f63b6e","test_ValenceMatch_Positive","89","ValenceMatchingOnly","cuddle","admired","cuddle-admired","ConcreteMismatch","PositiveMatch"
"1515","5d951ede9b6f880018f63b6e","control_MaxMatch_Negative_Abstract","64","MaxMatch","loathe","worry","loathe-worry","AbstractMatch","NegativeMatch"
"1516","5d951ede9b6f880018f63b6e","control_MaxMatch_Negative_Concrete","0","MaxMatch","smack","vomit","smack-vomit","ConcreteMatch","NegativeMatch"
"1517","5d951ede9b6f880018f63b6e","control_MaxMatch_Positive_Abstract","99","MaxMatch","esteem","respect","esteem-respect","AbstractMatch","PositiveMatch"
"1518","5d951ede9b6f880018f63b6e","test_ConceptualMatch_Concrete","0","ConceptualMatchingOnly","cuddle","spit","cuddle-spit","ConceptualMatch:concrete","PositiveMismatch"
"1519","5d951ede9b6f880018f63b6e","control_MaxMismatch","0","MaxMismatch","resent","respect","resent-respect","AbstractMismatch","NegativeMismatch"
"1520","5d951ede9b6f880018f63b6e","control_MaxMatch_Positive_Concrete","99","MaxMatch","cook","eat","cook-eat","ConcreteMatch","PositiveMatch"
"1521","5d951ede9b6f880018f63b6e","test_ValenceMatch_Negative","7","ValenceMatchingOnly","stab","annoy","stab-annoy","ConcreteMismatch","NegativeMatch"
"1522","5d951ede9b6f880018f63b6e","control_Similar","99","SimilarControl","help","assist","help-assist","",""
"1523","5d951ede9b6f880018f63b6e","control_Dissimilar","0","DissimilarControl","give","take","give-take","",""
"1524","5d951ede9b6f880018f63b6e","control_Similar","99","SimilarControl","use","employ","use-employ","",""
"1525","5d951ede9b6f880018f63b6e","control_Dissimilar","0","DissimilarControl","come","go","come-go","",""
"1526","5d951ede9b6f880018f63b6e","test_ConceptualMatch_Abstract","6","ConceptualMatchingOnly","befall","justify","befall-justify","ConceptualMatch:abstract","NegativeMismatch"
"1527","5d951ede9b6f880018f63b6e","test_ValenceMatch_Positive","65","ValenceMatchingOnly","cuddle","hope","cuddle-hope","ConcreteMismatch","PositiveMatch"
"1528","5d951ede9b6f880018f63b6e","control_MaxMatch_Negative_Abstract","65","MaxMatch","criticize","worry","criticize-worry","AbstractMatch","NegativeMatch"
"1529","5d951ede9b6f880018f63b6e","control_MaxMatch_Negative_Concrete","88","MaxMatch","scratch","slap","scratch-slap","ConcreteMatch","NegativeMatch"
"1530","5d951ede9b6f880018f63b6e","control_MaxMatch_Positive_Abstract","86","MaxMatch","believe","esteem","believe-esteem","AbstractMatch","PositiveMatch"
"1531","5d951ede9b6f880018f63b6e","test_ConceptualMatch_Concrete","0","ConceptualMatchingOnly","hug","scratch","hug-scratch","ConceptualMatch:concrete","PositiveMismatch"
"1532","5d951ede9b6f880018f63b6e","control_MaxMismatch","34","MaxMismatch","criticize","esteem","criticize-esteem","AbstractMismatch","NegativeMismatch"
"1533","5d951ede9b6f880018f63b6e","control_MaxMatch_Positive_Concrete","0","MaxMatch","running","sail","running-sail","ConcreteMatch","PositiveMatch"
"1534","5d951ede9b6f880018f63b6e","test_ValenceMatch_Negative","95","ValenceMatchingOnly","smack","resent","smack-resent","ConcreteMismatch","NegativeMatch"
"1535","5d951ede9b6f880018f63b6e","control_Similar","0","SimilarControl","end","finish","end-finish","",""
"1536","5d951ede9b6f880018f63b6e","control_Dissimilar","0","DissimilarControl","increase","decrease","increase-decrease","",""
"1537","5d951ede9b6f880018f63b6e","control_Similar","99","SimilarControl","show","display","show-display","",""
"1538","5d951ede9b6f880018f63b6e","control_Dissimilar","0","DissimilarControl","push","pull","push-pull","",""
"1539","5d951ede9b6f880018f63b6e","test_ConceptualMatch_Abstract","0","ConceptualMatchingOnly","annoy","esteem","annoy-esteem","ConceptualMatch:abstract","NegativeMismatch"
"1540","5d951ede9b6f880018f63b6e","test_ValenceMatch_Positive","17","ValenceMatchingOnly","kiss","enlighten","kiss-enlighten","ConcreteMismatch","PositiveMatch"
"1541","5d951ede9b6f880018f63b6e","control_MaxMatch_Negative_Abstract","78","MaxMatch","befall","exploit","befall-exploit","AbstractMatch","NegativeMatch"
"1542","5d951ede9b6f880018f63b6e","control_MaxMatch_Negative_Concrete","60","MaxMatch","bleed","smack","bleed-smack","ConcreteMatch","NegativeMatch"
"1543","5d951ede9b6f880018f63b6e","control_MaxMatch_Positive_Abstract","76","MaxMatch","believe","fulfill","believe-fulfill","AbstractMatch","PositiveMatch"
"1544","5d951ede9b6f880018f63b6e","test_ConceptualMatch_Concrete","0","ConceptualMatchingOnly","cook","vomit","cook-vomit","ConceptualMatch:concrete","PositiveMismatch"
"1545","5d951ede9b6f880018f63b6e","control_MaxMismatch","21","MaxMismatch","criticize","believe","criticize-believe","AbstractMismatch","NegativeMismatch"
"1546","5d951ede9b6f880018f63b6e","control_MaxMatch_Positive_Concrete","0","MaxMatch","eat","sail","eat-sail","ConcreteMatch","PositiveMatch"
"1547","5d951ede9b6f880018f63b6e","test_ValenceMatch_Negative","9","ValenceMatchingOnly","puke","worry","puke-worry","ConcreteMismatch","NegativeMatch"
"1548","5d951ede9b6f880018f63b6e","control_Similar","99","SimilarControl","buy","purchase","buy-purchase","",""
"1549","5d951ede9b6f880018f63b6e","control_Dissimilar","0","DissimilarControl","add","remove","add-remove","",""
"1550","5d951ede9b6f880018f63b6e","control_Similar","99","SimilarControl","get","obtain","get-obtain","",""
"1551","5d951ede9b6f880018f63b6e","control_Dissimilar","0","DissimilarControl","open","close","open-close","",""
"1552","5d951ede9b6f880018f63b6e","test_ConceptualMatch_Abstract","0","ConceptualMatchingOnly","violate","hope","violate-hope","ConceptualMatch:abstract","NegativeMismatch"
"1553","5d951ede9b6f880018f63b6e","test_ValenceMatch_Positive","61","ValenceMatchingOnly","cook","respect","cook-respect","ConcreteMismatch","PositiveMatch"
"1554","5d951ede9b6f880018f63b6e","control_MaxMatch_Negative_Abstract","94","MaxMatch","criticize","violate","criticize-violate","AbstractMatch","NegativeMatch"
"1555","5d951ede9b6f880018f63b6e","control_MaxMatch_Negative_Concrete","0","MaxMatch","slap","vomit","slap-vomit","ConcreteMatch","NegativeMatch"
"1556","5d951ede9b6f880018f63b6e","control_MaxMatch_Positive_Abstract","82","MaxMatch","admired","esteem","admired-esteem","AbstractMatch","PositiveMatch"
"1557","5d951ede9b6f880018f63b6e","test_ConceptualMatch_Concrete","0","ConceptualMatchingOnly","swing","puke","swing-puke","ConceptualMatch:concrete","PositiveMismatch"
"1558","5d951ede9b6f880018f63b6e","control_MaxMismatch","12","MaxMismatch","obsess","believe","obsess-believe","AbstractMismatch","NegativeMismatch"
"1559","5d951ede9b6f880018f63b6e","control_MaxMatch_Positive_Concrete","17","MaxMatch","build","eat","build-eat","ConcreteMatch","PositiveMatch"
"1560","5d951ede9b6f880018f63b6e","test_ValenceMatch_Negative","63","ValenceMatchingOnly","scratch","criticize","scratch-criticize","ConcreteMismatch","NegativeMatch"
"1561","666b5817eadabfbefc40fe1b","control_Dissimilar","99","DissimilarControl","rise","fall","rise-fall","",""
"1562","666b5817eadabfbefc40fe1b","control_Similar","0","SimilarControl","use","employ","use-employ","",""
"1563","666b5817eadabfbefc40fe1b","control_MaxMatch_Negative_Concrete","99","MaxMatch","bleed","scratch","bleed-scratch","ConcreteMatch","NegativeMatch"
"1564","666b5817eadabfbefc40fe1b","control_MaxMatch_Negative_Abstract","0","MaxMatch","befall","loathe","befall-loathe","AbstractMatch","NegativeMatch"
"1565","666b5817eadabfbefc40fe1b","control_Dissimilar","99","DissimilarControl","come","go","come-go","",""
"1566","666b5817eadabfbefc40fe1b","control_Similar","99","SimilarControl","get","obtain","get-obtain","",""
"1567","666b5817eadabfbefc40fe1b","test_ConceptualMatch_Abstract","0","ConceptualMatchingOnly","worry","esteem","worry-esteem","ConceptualMatch:abstract","NegativeMismatch"
"1568","666b5817eadabfbefc40fe1b","test_ConceptualMatch_Concrete","0","ConceptualMatchingOnly","eat","kill","eat-kill","ConceptualMatch:concrete","PositiveMismatch"
"1569","666b5817eadabfbefc40fe1b","test_ValenceMatch_Positive","77","ValenceMatchingOnly","cuddle","admired","cuddle-admired","ConcreteMismatch","PositiveMatch"
"1570","666b5817eadabfbefc40fe1b","control_MaxMatch_Positive_Abstract","77","MaxMatch","enlighten","justify","enlighten-justify","AbstractMatch","PositiveMatch"
"1571","666b5817eadabfbefc40fe1b","control_MaxMismatch","0","MaxMismatch","violate","imagine","violate-imagine","AbstractMismatch","NegativeMismatch"
"1572","666b5817eadabfbefc40fe1b","test_ValenceMatch_Negative","0","ValenceMatchingOnly","scratch","violate","scratch-violate","ConcreteMismatch","NegativeMatch"
"1573","666b5817eadabfbefc40fe1b","control_MaxMatch_Positive_Concrete","0","MaxMatch","kiss","swing","kiss-swing","ConcreteMatch","PositiveMatch"
"1574","666b5817eadabfbefc40fe1b","control_Dissimilar","99","DissimilarControl","arrive","leave","arrive-leave","",""
"1575","666b5817eadabfbefc40fe1b","control_Similar","99","SimilarControl","need","require","need-require","",""
"1576","666b5817eadabfbefc40fe1b","control_MaxMatch_Negative_Concrete","99","MaxMatch","puke","vomit","puke-vomit","ConcreteMatch","NegativeMatch"
"1577","666b5817eadabfbefc40fe1b","control_MaxMatch_Negative_Abstract","12","MaxMatch","criticize","loathe","criticize-loathe","AbstractMatch","NegativeMatch"
"1578","666b5817eadabfbefc40fe1b","control_Dissimilar","99","DissimilarControl","add","remove","add-remove","",""
"1579","666b5817eadabfbefc40fe1b","control_Similar","99","SimilarControl","end","finish","end-finish","",""
"1580","666b5817eadabfbefc40fe1b","test_ConceptualMatch_Abstract","99","ConceptualMatchingOnly","violate","fulfill","violate-fulfill","ConceptualMatch:abstract","NegativeMismatch"
"1581","666b5817eadabfbefc40fe1b","test_ConceptualMatch_Concrete","0","ConceptualMatchingOnly","build","bleed","build-bleed","ConceptualMatch:concrete","PositiveMismatch"
"1582","666b5817eadabfbefc40fe1b","test_ValenceMatch_Positive","99","ValenceMatchingOnly","cuddle","cherish","cuddle-cherish","ConcreteMismatch","PositiveMatch"
"1583","666b5817eadabfbefc40fe1b","control_MaxMatch_Positive_Abstract","0","MaxMatch","enlighten","fulfill","enlighten-fulfill","AbstractMatch","PositiveMatch"
"1584","666b5817eadabfbefc40fe1b","control_MaxMismatch","37","MaxMismatch","resent","imagine","resent-imagine","AbstractMismatch","NegativeMismatch"
"1585","666b5817eadabfbefc40fe1b","test_ValenceMatch_Negative","0","ValenceMatchingOnly","kill","resent","kill-resent","ConcreteMismatch","NegativeMatch"
"1586","666b5817eadabfbefc40fe1b","control_MaxMatch_Positive_Concrete","0","MaxMatch","build","sail","build-sail","ConcreteMatch","PositiveMatch"
"1587","666b5817eadabfbefc40fe1b","control_Dissimilar","99","DissimilarControl","begin","end","begin-end","",""
"1588","666b5817eadabfbefc40fe1b","control_Similar","99","SimilarControl","speak","talk","speak-talk","",""
"1589","666b5817eadabfbefc40fe1b","control_MaxMatch_Negative_Concrete","0","MaxMatch","slap","stab","slap-stab","ConcreteMatch","NegativeMatch"
"1590","666b5817eadabfbefc40fe1b","control_MaxMatch_Negative_Abstract","71","MaxMatch","scorn","violate","scorn-violate","AbstractMatch","NegativeMatch"
"1591","666b5817eadabfbefc40fe1b","control_Dissimilar","99","DissimilarControl","increase","decrease","increase-decrease","",""
"1592","666b5817eadabfbefc40fe1b","control_Similar","99","SimilarControl","ask","inquire","ask-inquire","",""
"1593","666b5817eadabfbefc40fe1b","test_ConceptualMatch_Abstract","0","ConceptualMatchingOnly","obsess","cherish","obsess-cherish","ConceptualMatch:abstract","NegativeMismatch"
"1594","666b5817eadabfbefc40fe1b","test_ConceptualMatch_Concrete","0","ConceptualMatchingOnly","cuddle","kill","cuddle-kill","ConceptualMatch:concrete","PositiveMismatch"
"1595","666b5817eadabfbefc40fe1b","test_ValenceMatch_Positive","0","ValenceMatchingOnly","cook","admired","cook-admired","ConcreteMismatch","PositiveMatch"
"1596","666b5817eadabfbefc40fe1b","control_MaxMatch_Positive_Abstract","0","MaxMatch","imagine","respect","imagine-respect","AbstractMatch","PositiveMatch"
"1597","666b5817eadabfbefc40fe1b","control_MaxMismatch","0","MaxMismatch","violate","hope","violate-hope","AbstractMismatch","NegativeMismatch"
"1598","666b5817eadabfbefc40fe1b","test_ValenceMatch_Negative","99","ValenceMatchingOnly","smack","scorn","smack-scorn","ConcreteMismatch","NegativeMatch"
"1599","666b5817eadabfbefc40fe1b","control_MaxMatch_Positive_Concrete","0","MaxMatch","kiss","running","kiss-running","ConcreteMatch","PositiveMatch"
"1600","666b5817eadabfbefc40fe1b","control_Dissimilar","99","DissimilarControl","enter","exit","enter-exit","",""
"1601","666b5817eadabfbefc40fe1b","control_Similar","99","SimilarControl","begin","start","begin-start","",""
"1602","666b5817eadabfbefc40fe1b","control_MaxMatch_Negative_Concrete","73","MaxMatch","bleed","slap","bleed-slap","ConcreteMatch","NegativeMatch"
"1603","666b5817eadabfbefc40fe1b","control_MaxMatch_Negative_Abstract","23","MaxMatch","criticize","obsess","criticize-obsess","AbstractMatch","NegativeMatch"
"1604","666b5817eadabfbefc40fe1b","control_Dissimilar","99","DissimilarControl","push","pull","push-pull","",""
"1605","666b5817eadabfbefc40fe1b","control_Similar","99","SimilarControl","buy","purchase","buy-purchase","",""
"1606","666b5817eadabfbefc40fe1b","test_ConceptualMatch_Abstract","0","ConceptualMatchingOnly","annoy","justify","annoy-justify","ConceptualMatch:abstract","NegativeMismatch"
"1607","666b5817eadabfbefc40fe1b","test_ConceptualMatch_Concrete","0","ConceptualMatchingOnly","hug","vomit","hug-vomit","ConceptualMatch:concrete","PositiveMismatch"
"1608","666b5817eadabfbefc40fe1b","test_ValenceMatch_Positive","0","ValenceMatchingOnly","cook","enlighten","cook-enlighten","ConcreteMismatch","PositiveMatch"
"1609","666b5817eadabfbefc40fe1b","control_MaxMatch_Positive_Abstract","0","MaxMatch","believe","fulfill","believe-fulfill","AbstractMatch","PositiveMatch"
"1610","666b5817eadabfbefc40fe1b","control_MaxMismatch","11","MaxMismatch","obsess","esteem","obsess-esteem","AbstractMismatch","NegativeMismatch"
"1611","666b5817eadabfbefc40fe1b","test_ValenceMatch_Negative","0","ValenceMatchingOnly","puke","resent","puke-resent","ConcreteMismatch","NegativeMatch"
"1612","666b5817eadabfbefc40fe1b","control_MaxMatch_Positive_Concrete","0","MaxMatch","cook","hug","cook-hug","ConcreteMatch","PositiveMatch"
"1613","666b5817eadabfbefc40fe1b","control_Dissimilar","99","DissimilarControl","open","close","open-close","",""
"1614","666b5817eadabfbefc40fe1b","control_Similar","99","SimilarControl","show","display","show-display","",""
"1615","666b5817eadabfbefc40fe1b","control_MaxMatch_Negative_Concrete","0","MaxMatch","murder","puke","murder-puke","ConcreteMatch","NegativeMatch"
"1616","666b5817eadabfbefc40fe1b","control_MaxMatch_Negative_Abstract","0","MaxMatch","annoy","exploit","annoy-exploit","AbstractMatch","NegativeMatch"
"1617","666b5817eadabfbefc40fe1b","control_Dissimilar","99","DissimilarControl","give","take","give-take","",""
"1618","666b5817eadabfbefc40fe1b","control_Similar","99","SimilarControl","help","assist","help-assist","",""
"1619","666b5817eadabfbefc40fe1b","test_ConceptualMatch_Abstract","0","ConceptualMatchingOnly","scorn","believe","scorn-believe","ConceptualMatch:abstract","NegativeMismatch"
"1620","666b5817eadabfbefc40fe1b","test_ConceptualMatch_Concrete","0","ConceptualMatchingOnly","sail","slap","sail-slap","ConceptualMatch:concrete","PositiveMismatch"
"1621","666b5817eadabfbefc40fe1b","test_ValenceMatch_Positive","0","ValenceMatchingOnly","kiss","fulfill","kiss-fulfill","ConcreteMismatch","PositiveMatch"
"1622","666b5817eadabfbefc40fe1b","control_MaxMatch_Positive_Abstract","0","MaxMatch","admired","fulfill","admired-fulfill","AbstractMatch","PositiveMatch"
"1623","666b5817eadabfbefc40fe1b","control_MaxMismatch","0","MaxMismatch","violate","cherish","violate-cherish","AbstractMismatch","NegativeMismatch"
"1624","666b5817eadabfbefc40fe1b","test_ValenceMatch_Negative","0","ValenceMatchingOnly","vomit","obsess","vomit-obsess","ConcreteMismatch","NegativeMatch"
"1625","666b5817eadabfbefc40fe1b","control_MaxMatch_Positive_Concrete","0","MaxMatch","build","smile","build-smile","ConcreteMatch","PositiveMatch"
"1626","64b3ebc9ad6778799f835dcb","control_Similar","99","SimilarControl","buy","purchase","buy-purchase","",""
"1627","64b3ebc9ad6778799f835dcb","control_Dissimilar","0","DissimilarControl","give","take","give-take","",""
"1628","64b3ebc9ad6778799f835dcb","control_MaxMismatch","99","MaxMismatch","worry","respect","worry-respect","AbstractMismatch","NegativeMismatch"
"1629","64b3ebc9ad6778799f835dcb","control_MaxMatch_Negative_Concrete","0","MaxMatch","murder","scratch","murder-scratch","ConcreteMatch","NegativeMatch"
"1630","64b3ebc9ad6778799f835dcb","control_MaxMatch_Positive_Abstract","0","MaxMatch","fulfill","esteem","fulfill-esteem","AbstractMatch","PositiveMatch"
"1631","64b3ebc9ad6778799f835dcb","test_ConceptualMatch_Abstract","0","ConceptualMatchingOnly","resent","fulfill","resent-fulfill","ConceptualMatch:abstract","NegativeMismatch"
"1632","64b3ebc9ad6778799f835dcb","control_Similar","99","SimilarControl","speak","talk","speak-talk","",""
"1633","64b3ebc9ad6778799f835dcb","test_ValenceMatch_Positive","99","ValenceMatchingOnly","build","hope","build-hope","ConcreteMismatch","PositiveMatch"
"1634","64b3ebc9ad6778799f835dcb","test_ConceptualMatch_Concrete","0","ConceptualMatchingOnly","sail","murder","sail-murder","ConceptualMatch:concrete","PositiveMismatch"
"1635","64b3ebc9ad6778799f835dcb","control_MaxMatch_Positive_Concrete","0","MaxMatch","cuddle","sail","cuddle-sail","ConcreteMatch","PositiveMatch"
"1636","64b3ebc9ad6778799f835dcb","control_Dissimilar","0","DissimilarControl","arrive","leave","arrive-leave","",""
"1637","64b3ebc9ad6778799f835dcb","test_ValenceMatch_Negative","0","ValenceMatchingOnly","kill","exploit","kill-exploit","ConcreteMismatch","NegativeMatch"
"1638","64b3ebc9ad6778799f835dcb","control_MaxMatch_Negative_Abstract","99","MaxMatch","criticize","resent","criticize-resent","AbstractMatch","NegativeMatch"
"1639","64b3ebc9ad6778799f835dcb","control_Similar","99","SimilarControl","end","finish","end-finish","",""
"1640","64b3ebc9ad6778799f835dcb","control_Dissimilar","0","DissimilarControl","rise","fall","rise-fall","",""
"1641","64b3ebc9ad6778799f835dcb","control_MaxMismatch","0","MaxMismatch","obsess","imagine","obsess-imagine","AbstractMismatch","NegativeMismatch"
"1642","64b3ebc9ad6778799f835dcb","control_MaxMatch_Negative_Concrete","0","MaxMatch","murder","puke","murder-puke","ConcreteMatch","NegativeMatch"
"1643","64b3ebc9ad6778799f835dcb","control_MaxMatch_Positive_Abstract","0","MaxMatch","esteem","respect","esteem-respect","AbstractMatch","PositiveMatch"
"1644","64b3ebc9ad6778799f835dcb","test_ConceptualMatch_Abstract","0","ConceptualMatchingOnly","scorn","justify","scorn-justify","ConceptualMatch:abstract","NegativeMismatch"
"1645","64b3ebc9ad6778799f835dcb","control_Similar","99","SimilarControl","ask","inquire","ask-inquire","",""
"1646","64b3ebc9ad6778799f835dcb","test_ValenceMatch_Positive","1","ValenceMatchingOnly","eat","cherish","eat-cherish","ConcreteMismatch","PositiveMatch"
"1647","64b3ebc9ad6778799f835dcb","test_ConceptualMatch_Concrete","0","ConceptualMatchingOnly","kiss","vomit","kiss-vomit","ConceptualMatch:concrete","PositiveMismatch"
"1648","64b3ebc9ad6778799f835dcb","control_MaxMatch_Positive_Concrete","0","MaxMatch","eat","sail","eat-sail","ConcreteMatch","PositiveMatch"
"1649","64b3ebc9ad6778799f835dcb","control_Dissimilar","99","DissimilarControl","come","go","come-go","",""
"1650","64b3ebc9ad6778799f835dcb","test_ValenceMatch_Negative","99","ValenceMatchingOnly","kill","violate","kill-violate","ConcreteMismatch","NegativeMatch"
"1651","64b3ebc9ad6778799f835dcb","control_MaxMatch_Negative_Abstract","0","MaxMatch","criticize","obsess","criticize-obsess","AbstractMatch","NegativeMatch"
"1652","64b3ebc9ad6778799f835dcb","control_Similar","99","SimilarControl","show","display","show-display","",""
"1653","64b3ebc9ad6778799f835dcb","control_Dissimilar","0","DissimilarControl","add","remove","add-remove","",""
"1654","64b3ebc9ad6778799f835dcb","control_MaxMismatch","0","MaxMismatch","resent","enlighten","resent-enlighten","AbstractMismatch","NegativeMismatch"
"1655","64b3ebc9ad6778799f835dcb","control_MaxMatch_Negative_Concrete","0","MaxMatch","bleed","scratch","bleed-scratch","ConcreteMatch","NegativeMatch"
"1656","64b3ebc9ad6778799f835dcb","control_MaxMatch_Positive_Abstract","99","MaxMatch","admired","fulfill","admired-fulfill","AbstractMatch","PositiveMatch"
"1657","64b3ebc9ad6778799f835dcb","test_ConceptualMatch_Abstract","0","ConceptualMatchingOnly","exploit","esteem","exploit-esteem","ConceptualMatch:abstract","NegativeMismatch"
"1658","64b3ebc9ad6778799f835dcb","control_Similar","99","SimilarControl","get","obtain","get-obtain","",""
"1659","64b3ebc9ad6778799f835dcb","test_ValenceMatch_Positive","0","ValenceMatchingOnly","running","justify","running-justify","ConcreteMismatch","PositiveMatch"
"1660","64b3ebc9ad6778799f835dcb","test_ConceptualMatch_Concrete","0","ConceptualMatchingOnly","sail","puke","sail-puke","ConceptualMatch:concrete","PositiveMismatch"
"1661","64b3ebc9ad6778799f835dcb","control_MaxMatch_Positive_Concrete","0","MaxMatch","cuddle","swing","cuddle-swing","ConcreteMatch","PositiveMatch"
"1662","64b3ebc9ad6778799f835dcb","control_Dissimilar","0","DissimilarControl","begin","end","begin-end","",""
"1663","64b3ebc9ad6778799f835dcb","test_ValenceMatch_Negative","52","ValenceMatchingOnly","spit","violate","spit-violate","ConcreteMismatch","NegativeMatch"
"1664","64b3ebc9ad6778799f835dcb","control_MaxMatch_Negative_Abstract","0","MaxMatch","annoy","worry","annoy-worry","AbstractMatch","NegativeMatch"
"1665","64b3ebc9ad6778799f835dcb","control_Similar","99","SimilarControl","help","assist","help-assist","",""
"1666","64b3ebc9ad6778799f835dcb","control_Dissimilar","0","DissimilarControl","open","close","open-close","",""
"1667","64b3ebc9ad6778799f835dcb","control_MaxMismatch","0","MaxMismatch","befall","admired","befall-admired","AbstractMismatch","NegativeMismatch"
"1668","64b3ebc9ad6778799f835dcb","control_MaxMatch_Negative_Concrete","0","MaxMatch","murder","smack","murder-smack","ConcreteMatch","NegativeMatch"
"1669","64b3ebc9ad6778799f835dcb","control_MaxMatch_Positive_Abstract","77","MaxMatch","admired","respect","admired-respect","AbstractMatch","PositiveMatch"
"1670","64b3ebc9ad6778799f835dcb","test_ConceptualMatch_Abstract","22","ConceptualMatchingOnly","loathe","respect","loathe-respect","ConceptualMatch:abstract","NegativeMismatch"
"1671","64b3ebc9ad6778799f835dcb","control_Similar","95","SimilarControl","need","require","need-require","",""
"1672","64b3ebc9ad6778799f835dcb","test_ValenceMatch_Positive","0","ValenceMatchingOnly","hug","respect","hug-respect","ConcreteMismatch","PositiveMatch"
"1673","64b3ebc9ad6778799f835dcb","test_ConceptualMatch_Concrete","0","ConceptualMatchingOnly","sail","bleed","sail-bleed","ConceptualMatch:concrete","PositiveMismatch"
"1674","64b3ebc9ad6778799f835dcb","control_MaxMatch_Positive_Concrete","0","MaxMatch","cook","cuddle","cook-cuddle","ConcreteMatch","PositiveMatch"
"1675","64b3ebc9ad6778799f835dcb","control_Dissimilar","0","DissimilarControl","enter","exit","enter-exit","",""
"1676","64b3ebc9ad6778799f835dcb","test_ValenceMatch_Negative","0","ValenceMatchingOnly","spit","resent","spit-resent","ConcreteMismatch","NegativeMatch"
"1677","64b3ebc9ad6778799f835dcb","control_MaxMatch_Negative_Abstract","99","MaxMatch","criticize","scorn","criticize-scorn","AbstractMatch","NegativeMatch"
"1678","64b3ebc9ad6778799f835dcb","control_Similar","99","SimilarControl","begin","start","begin-start","",""
"1679","64b3ebc9ad6778799f835dcb","control_Dissimilar","99","DissimilarControl","push","pull","push-pull","",""
"1680","64b3ebc9ad6778799f835dcb","control_MaxMismatch","0","MaxMismatch","worry","esteem","worry-esteem","AbstractMismatch","NegativeMismatch"
"1681","64b3ebc9ad6778799f835dcb","control_MaxMatch_Negative_Concrete","0","MaxMatch","scratch","smack","scratch-smack","ConcreteMatch","NegativeMatch"
"1682","64b3ebc9ad6778799f835dcb","control_MaxMatch_Positive_Abstract","91","MaxMatch","enlighten","admired","enlighten-admired","AbstractMatch","PositiveMatch"
"1683","64b3ebc9ad6778799f835dcb","test_ConceptualMatch_Abstract","1","ConceptualMatchingOnly","violate","esteem","violate-esteem","ConceptualMatch:abstract","NegativeMismatch"
"1684","64b3ebc9ad6778799f835dcb","control_Similar","0","SimilarControl","use","employ","use-employ","",""
"1685","64b3ebc9ad6778799f835dcb","test_ValenceMatch_Positive","0","ValenceMatchingOnly","swing","respect","swing-respect","ConcreteMismatch","PositiveMatch"
"1686","64b3ebc9ad6778799f835dcb","test_ConceptualMatch_Concrete","0","ConceptualMatchingOnly","kiss","stab","kiss-stab","ConceptualMatch:concrete","PositiveMismatch"
"1687","64b3ebc9ad6778799f835dcb","control_MaxMatch_Positive_Concrete","0","MaxMatch","build","cuddle","build-cuddle","ConcreteMatch","PositiveMatch"
"1688","64b3ebc9ad6778799f835dcb","control_Dissimilar","0","DissimilarControl","increase","decrease","increase-decrease","",""
"1689","64b3ebc9ad6778799f835dcb","test_ValenceMatch_Negative","0","ValenceMatchingOnly","smack","violate","smack-violate","ConcreteMismatch","NegativeMatch"
"1690","64b3ebc9ad6778799f835dcb","control_MaxMatch_Negative_Abstract","0","MaxMatch","obsess","resent","obsess-resent","AbstractMatch","NegativeMatch"
"1691","653b07dc6d0abbc519239d1c","control_Dissimilar","0","DissimilarControl","enter","exit","enter-exit","",""
"1692","653b07dc6d0abbc519239d1c","control_Similar","99","SimilarControl","get","obtain","get-obtain","",""
"1693","653b07dc6d0abbc519239d1c","control_Dissimilar","0","DissimilarControl","give","take","give-take","",""
"1694","653b07dc6d0abbc519239d1c","control_MaxMatch_Negative_Abstract","13","MaxMatch","befall","criticize","befall-criticize","AbstractMatch","NegativeMatch"
"1695","653b07dc6d0abbc519239d1c","test_ValenceMatch_Negative","1","ValenceMatchingOnly","spit","loathe","spit-loathe","ConcreteMismatch","NegativeMatch"
"1696","653b07dc6d0abbc519239d1c","control_Similar","91","SimilarControl","end","finish","end-finish","",""
"1697","653b07dc6d0abbc519239d1c","test_ValenceMatch_Positive","0","ValenceMatchingOnly","swing","esteem","swing-esteem","ConcreteMismatch","PositiveMatch"
"1698","653b07dc6d0abbc519239d1c","test_ConceptualMatch_Concrete","0","ConceptualMatchingOnly","build","bleed","build-bleed","ConceptualMatch:concrete","PositiveMismatch"
"1699","653b07dc6d0abbc519239d1c","test_ConceptualMatch_Abstract","25","ConceptualMatchingOnly","obsess","believe","obsess-believe","ConceptualMatch:abstract","NegativeMismatch"
"1700","653b07dc6d0abbc519239d1c","control_MaxMatch_Positive_Concrete","0","MaxMatch","running","sail","running-sail","ConcreteMatch","PositiveMatch"
"1701","653b07dc6d0abbc519239d1c","control_MaxMatch_Positive_Abstract","18","MaxMatch","hope","fulfill","hope-fulfill","AbstractMatch","PositiveMatch"
"1702","653b07dc6d0abbc519239d1c","control_MaxMatch_Negative_Concrete","0","MaxMatch","bleed","scratch","bleed-scratch","ConcreteMatch","NegativeMatch"
"1703","653b07dc6d0abbc519239d1c","control_MaxMismatch","0","MaxMismatch","exploit","believe","exploit-believe","AbstractMismatch","NegativeMismatch"
"1704","653b07dc6d0abbc519239d1c","control_Dissimilar","0","DissimilarControl","increase","decrease","increase-decrease","",""
"1705","653b07dc6d0abbc519239d1c","control_Similar","93","SimilarControl","ask","inquire","ask-inquire","",""
"1706","653b07dc6d0abbc519239d1c","control_Dissimilar","0","DissimilarControl","come","go","come-go","",""
"1707","653b07dc6d0abbc519239d1c","control_MaxMatch_Negative_Abstract","0","MaxMatch","befall","obsess","befall-obsess","AbstractMatch","NegativeMatch"
"1708","653b07dc6d0abbc519239d1c","test_ValenceMatch_Negative","0","ValenceMatchingOnly","slap","befall","slap-befall","ConcreteMismatch","NegativeMatch"
"1709","653b07dc6d0abbc519239d1c","control_Similar","93","SimilarControl","need","require","need-require","",""
"1710","653b07dc6d0abbc519239d1c","test_ValenceMatch_Positive","0","ValenceMatchingOnly","cuddle","imagine","cuddle-imagine","ConcreteMismatch","PositiveMatch"
"1711","653b07dc6d0abbc519239d1c","test_ConceptualMatch_Concrete","0","ConceptualMatchingOnly","running","murder","running-murder","ConceptualMatch:concrete","PositiveMismatch"
"1712","653b07dc6d0abbc519239d1c","test_ConceptualMatch_Abstract","0","ConceptualMatchingOnly","annoy","hope","annoy-hope","ConceptualMatch:abstract","NegativeMismatch"
"1713","653b07dc6d0abbc519239d1c","control_MaxMatch_Positive_Concrete","0","MaxMatch","hug","sail","hug-sail","ConcreteMatch","PositiveMatch"
"1714","653b07dc6d0abbc519239d1c","control_MaxMatch_Positive_Abstract","9","MaxMatch","enlighten","respect","enlighten-respect","AbstractMatch","PositiveMatch"
"1715","653b07dc6d0abbc519239d1c","control_MaxMatch_Negative_Concrete","0","MaxMatch","kill","scratch","kill-scratch","ConcreteMatch","NegativeMatch"
"1716","653b07dc6d0abbc519239d1c","control_MaxMismatch","0","MaxMismatch","loathe","justify","loathe-justify","AbstractMismatch","NegativeMismatch"
"1717","653b07dc6d0abbc519239d1c","control_Dissimilar","0","DissimilarControl","rise","fall","rise-fall","",""
"1718","653b07dc6d0abbc519239d1c","control_Similar","92","SimilarControl","begin","start","begin-start","",""
"1719","653b07dc6d0abbc519239d1c","control_Dissimilar","0","DissimilarControl","begin","end","begin-end","",""
"1720","653b07dc6d0abbc519239d1c","control_MaxMatch_Negative_Abstract","0","MaxMatch","violate","worry","violate-worry","AbstractMatch","NegativeMatch"
"1721","653b07dc6d0abbc519239d1c","test_ValenceMatch_Negative","0","ValenceMatchingOnly","kill","loathe","kill-loathe","ConcreteMismatch","NegativeMatch"
"1722","653b07dc6d0abbc519239d1c","control_Similar","84","SimilarControl","use","employ","use-employ","",""
"1723","653b07dc6d0abbc519239d1c","test_ValenceMatch_Positive","0","ValenceMatchingOnly","running","respect","running-respect","ConcreteMismatch","PositiveMatch"
"1724","653b07dc6d0abbc519239d1c","test_ConceptualMatch_Concrete","0","ConceptualMatchingOnly","cuddle","bleed","cuddle-bleed","ConceptualMatch:concrete","PositiveMismatch"
"1725","653b07dc6d0abbc519239d1c","test_ConceptualMatch_Abstract","0","ConceptualMatchingOnly","befall","respect","befall-respect","ConceptualMatch:abstract","NegativeMismatch"
"1726","653b07dc6d0abbc519239d1c","control_MaxMatch_Positive_Concrete","0","MaxMatch","build","cuddle","build-cuddle","ConcreteMatch","PositiveMatch"
"1727","653b07dc6d0abbc519239d1c","control_MaxMatch_Positive_Abstract","1","MaxMatch","believe","esteem","believe-esteem","AbstractMatch","PositiveMatch"
"1728","653b07dc6d0abbc519239d1c","control_MaxMatch_Negative_Concrete","0","MaxMatch","scratch","slap","scratch-slap","ConcreteMatch","NegativeMatch"
"1729","653b07dc6d0abbc519239d1c","control_MaxMismatch","0","MaxMismatch","violate","hope","violate-hope","AbstractMismatch","NegativeMismatch"
"1730","653b07dc6d0abbc519239d1c","control_Dissimilar","0","DissimilarControl","open","close","open-close","",""
"1731","653b07dc6d0abbc519239d1c","control_Similar","95","SimilarControl","buy","purchase","buy-purchase","",""
"1732","653b07dc6d0abbc519239d1c","control_Dissimilar","0","DissimilarControl","add","remove","add-remove","",""
"1733","653b07dc6d0abbc519239d1c","control_MaxMatch_Negative_Abstract","1","MaxMatch","annoy","loathe","annoy-loathe","AbstractMatch","NegativeMatch"
"1734","653b07dc6d0abbc519239d1c","test_ValenceMatch_Negative","0","ValenceMatchingOnly","slap","scorn","slap-scorn","ConcreteMismatch","NegativeMatch"
"1735","653b07dc6d0abbc519239d1c","control_Similar","94","SimilarControl","help","assist","help-assist","",""
"1736","653b07dc6d0abbc519239d1c","test_ValenceMatch_Positive","0","ValenceMatchingOnly","kiss","respect","kiss-respect","ConcreteMismatch","PositiveMatch"
"1737","653b07dc6d0abbc519239d1c","test_ConceptualMatch_Concrete","0","ConceptualMatchingOnly","running","vomit","running-vomit","ConceptualMatch:concrete","PositiveMismatch"
"1738","653b07dc6d0abbc519239d1c","test_ConceptualMatch_Abstract","0","ConceptualMatchingOnly","scorn","admired","scorn-admired","ConceptualMatch:abstract","NegativeMismatch"
"1739","653b07dc6d0abbc519239d1c","control_MaxMatch_Positive_Concrete","0","MaxMatch","build","eat","build-eat","ConcreteMatch","PositiveMatch"
"1740","653b07dc6d0abbc519239d1c","control_MaxMatch_Positive_Abstract","0","MaxMatch","believe","fulfill","believe-fulfill","AbstractMatch","PositiveMatch"
"1741","653b07dc6d0abbc519239d1c","control_MaxMatch_Negative_Concrete","0","MaxMatch","puke","stab","puke-stab","ConcreteMatch","NegativeMatch"
"1742","653b07dc6d0abbc519239d1c","control_MaxMismatch","0","MaxMismatch","violate","believe","violate-believe","AbstractMismatch","NegativeMismatch"
"1743","653b07dc6d0abbc519239d1c","control_Dissimilar","0","DissimilarControl","arrive","leave","arrive-leave","",""
"1744","653b07dc6d0abbc519239d1c","control_Similar","95","SimilarControl","speak","talk","speak-talk","",""
"1745","653b07dc6d0abbc519239d1c","control_Dissimilar","0","DissimilarControl","push","pull","push-pull","",""
"1746","653b07dc6d0abbc519239d1c","control_MaxMatch_Negative_Abstract","0","MaxMatch","loathe","violate","loathe-violate","AbstractMatch","NegativeMatch"
"1747","653b07dc6d0abbc519239d1c","test_ValenceMatch_Negative","0","ValenceMatchingOnly","smack","worry","smack-worry","ConcreteMismatch","NegativeMatch"
"1748","653b07dc6d0abbc519239d1c","control_Similar","89","SimilarControl","show","display","show-display","",""
"1749","653b07dc6d0abbc519239d1c","test_ValenceMatch_Positive","0","ValenceMatchingOnly","swing","cherish","swing-cherish","ConcreteMismatch","PositiveMatch"
"1750","653b07dc6d0abbc519239d1c","test_ConceptualMatch_Concrete","0","ConceptualMatchingOnly","running","bleed","running-bleed","ConceptualMatch:concrete","PositiveMismatch"
"1751","653b07dc6d0abbc519239d1c","test_ConceptualMatch_Abstract","0","ConceptualMatchingOnly","exploit","imagine","exploit-imagine","ConceptualMatch:abstract","NegativeMismatch"
"1752","653b07dc6d0abbc519239d1c","control_MaxMatch_Positive_Concrete","0","MaxMatch","cook","running","cook-running","ConcreteMatch","PositiveMatch"
"1753","653b07dc6d0abbc519239d1c","control_MaxMatch_Positive_Abstract","11","MaxMatch","cherish","fulfill","cherish-fulfill","AbstractMatch","PositiveMatch"
"1754","653b07dc6d0abbc519239d1c","control_MaxMatch_Negative_Concrete","9","MaxMatch","smack","stab","smack-stab","ConcreteMatch","NegativeMatch"
"1755","653b07dc6d0abbc519239d1c","control_MaxMismatch","0","MaxMismatch","resent","hope","resent-hope","AbstractMismatch","NegativeMismatch"
"1756","5d4199fe8580d30015230afd","control_Similar","99","SimilarControl","use","employ","use-employ","",""
"1757","5d4199fe8580d30015230afd","control_Dissimilar","0","DissimilarControl","rise","fall","rise-fall","",""
"1758","5d4199fe8580d30015230afd","test_ConceptualMatch_Concrete","0","ConceptualMatchingOnly","kiss","bleed","kiss-bleed","ConceptualMatch:concrete","PositiveMismatch"
"1759","5d4199fe8580d30015230afd","control_MaxMatch_Positive_Concrete","0","MaxMatch","cook","sail","cook-sail","ConcreteMatch","PositiveMatch"
"1760","5d4199fe8580d30015230afd","control_MaxMatch_Negative_Abstract","77","MaxMatch","criticize","violate","criticize-violate","AbstractMatch","NegativeMatch"
"1761","5d4199fe8580d30015230afd","control_Similar","99","SimilarControl","speak","talk","speak-talk","",""
"1762","5d4199fe8580d30015230afd","test_ConceptualMatch_Abstract","0","ConceptualMatchingOnly","befall","cherish","befall-cherish","ConceptualMatch:abstract","NegativeMismatch"
"1763","5d4199fe8580d30015230afd","control_Dissimilar","0","DissimilarControl","push","pull","push-pull","",""
"1764","5d4199fe8580d30015230afd","control_MaxMatch_Positive_Abstract","81","MaxMatch","admired","esteem","admired-esteem","AbstractMatch","PositiveMatch"
"1765","5d4199fe8580d30015230afd","test_ValenceMatch_Negative","11","ValenceMatchingOnly","bleed","annoy","bleed-annoy","ConcreteMismatch","NegativeMatch"
"1766","5d4199fe8580d30015230afd","test_ValenceMatch_Positive","0","ValenceMatchingOnly","sail","imagine","sail-imagine","ConcreteMismatch","PositiveMatch"
"1767","5d4199fe8580d30015230afd","control_MaxMismatch","0","MaxMismatch","worry","esteem","worry-esteem","AbstractMismatch","NegativeMismatch"
"1768","5d4199fe8580d30015230afd","control_MaxMatch_Negative_Concrete","74","MaxMatch","bleed","murder","bleed-murder","ConcreteMatch","NegativeMatch"
"1769","5d4199fe8580d30015230afd","control_Similar","99","SimilarControl","end","finish","end-finish","",""
"1770","5d4199fe8580d30015230afd","control_Dissimilar","0","DissimilarControl","arrive","leave","arrive-leave","",""
"1771","5d4199fe8580d30015230afd","test_ConceptualMatch_Concrete","0","ConceptualMatchingOnly","sail","bleed","sail-bleed","ConceptualMatch:concrete","PositiveMismatch"
"1772","5d4199fe8580d30015230afd","control_MaxMatch_Positive_Concrete","0","MaxMatch","sail","smile","sail-smile","ConcreteMatch","PositiveMatch"
"1773","5d4199fe8580d30015230afd","control_MaxMatch_Negative_Abstract","96","MaxMatch","criticize","exploit","criticize-exploit","AbstractMatch","NegativeMatch"
"1774","5d4199fe8580d30015230afd","control_Similar","99","SimilarControl","ask","inquire","ask-inquire","",""
"1775","5d4199fe8580d30015230afd","test_ConceptualMatch_Abstract","80","ConceptualMatchingOnly","obsess","cherish","obsess-cherish","ConceptualMatch:abstract","NegativeMismatch"
"1776","5d4199fe8580d30015230afd","control_Dissimilar","0","DissimilarControl","give","take","give-take","",""
"1777","5d4199fe8580d30015230afd","control_MaxMatch_Positive_Abstract","74","MaxMatch","imagine","believe","imagine-believe","AbstractMatch","PositiveMatch"
"1778","5d4199fe8580d30015230afd","test_ValenceMatch_Negative","76","ValenceMatchingOnly","spit","violate","spit-violate","ConcreteMismatch","NegativeMatch"
"1779","5d4199fe8580d30015230afd","test_ValenceMatch_Positive","0","ValenceMatchingOnly","eat","cherish","eat-cherish","ConcreteMismatch","PositiveMatch"
"1780","5d4199fe8580d30015230afd","control_MaxMismatch","76","MaxMismatch","befall","fulfill","befall-fulfill","AbstractMismatch","NegativeMismatch"
"1781","5d4199fe8580d30015230afd","control_MaxMatch_Negative_Concrete","80","MaxMatch","puke","spit","puke-spit","ConcreteMatch","NegativeMatch"
"1782","5d4199fe8580d30015230afd","control_Similar","99","SimilarControl","begin","start","begin-start","",""
"1783","5d4199fe8580d30015230afd","control_Dissimilar","0","DissimilarControl","enter","exit","enter-exit","",""
"1784","5d4199fe8580d30015230afd","test_ConceptualMatch_Concrete","0","ConceptualMatchingOnly","smile","stab","smile-stab","ConceptualMatch:concrete","PositiveMismatch"
"1785","5d4199fe8580d30015230afd","control_MaxMatch_Positive_Concrete","74","MaxMatch","cuddle","smile","cuddle-smile","ConcreteMatch","PositiveMatch"
"1786","5d4199fe8580d30015230afd","control_MaxMatch_Negative_Abstract","83","MaxMatch","annoy","scorn","annoy-scorn","AbstractMatch","NegativeMatch"
"1787","5d4199fe8580d30015230afd","control_Similar","99","SimilarControl","get","obtain","get-obtain","",""
"1788","5d4199fe8580d30015230afd","test_ConceptualMatch_Abstract","0","ConceptualMatchingOnly","loathe","believe","loathe-believe","ConceptualMatch:abstract","NegativeMismatch"
"1789","5d4199fe8580d30015230afd","control_Dissimilar","0","DissimilarControl","open","close","open-close","",""
"1790","5d4199fe8580d30015230afd","control_MaxMatch_Positive_Abstract","0","MaxMatch","hope","justify","hope-justify","AbstractMatch","PositiveMatch"
"1791","5d4199fe8580d30015230afd","test_ValenceMatch_Negative","78","ValenceMatchingOnly","stab","annoy","stab-annoy","ConcreteMismatch","NegativeMatch"
"1792","5d4199fe8580d30015230afd","test_ValenceMatch_Positive","0","ValenceMatchingOnly","running","respect","running-respect","ConcreteMismatch","PositiveMatch"
"1793","5d4199fe8580d30015230afd","control_MaxMismatch","0","MaxMismatch","violate","imagine","violate-imagine","AbstractMismatch","NegativeMismatch"
"1794","5d4199fe8580d30015230afd","control_MaxMatch_Negative_Concrete","27","MaxMatch","murder","spit","murder-spit","ConcreteMatch","NegativeMatch"
"1795","5d4199fe8580d30015230afd","control_Similar","99","SimilarControl","show","display","show-display","",""
"1796","5d4199fe8580d30015230afd","control_Dissimilar","0","DissimilarControl","add","remove","add-remove","",""
"1797","5d4199fe8580d30015230afd","test_ConceptualMatch_Concrete","0","ConceptualMatchingOnly","smile","scratch","smile-scratch","ConceptualMatch:concrete","PositiveMismatch"
"1798","5d4199fe8580d30015230afd","control_MaxMatch_Positive_Concrete","0","MaxMatch","eat","kiss","eat-kiss","ConcreteMatch","PositiveMatch"
"1799","5d4199fe8580d30015230afd","control_MaxMatch_Negative_Abstract","0","MaxMatch","befall","worry","befall-worry","AbstractMatch","NegativeMatch"
"1800","5d4199fe8580d30015230afd","control_Similar","99","SimilarControl","need","require","need-require","",""
"1801","5d4199fe8580d30015230afd","test_ConceptualMatch_Abstract","0","ConceptualMatchingOnly","exploit","fulfill","exploit-fulfill","ConceptualMatch:abstract","NegativeMismatch"
"1802","5d4199fe8580d30015230afd","control_Dissimilar","0","DissimilarControl","come","go","come-go","",""
"1803","5d4199fe8580d30015230afd","control_MaxMatch_Positive_Abstract","82","MaxMatch","enlighten","hope","enlighten-hope","AbstractMatch","PositiveMatch"
"1804","5d4199fe8580d30015230afd","test_ValenceMatch_Negative","0","ValenceMatchingOnly","puke","exploit","puke-exploit","ConcreteMismatch","NegativeMatch"
"1805","5d4199fe8580d30015230afd","test_ValenceMatch_Positive","24","ValenceMatchingOnly","kiss","admired","kiss-admired","ConcreteMismatch","PositiveMatch"
"1806","5d4199fe8580d30015230afd","control_MaxMismatch","0","MaxMismatch","obsess","fulfill","obsess-fulfill","AbstractMismatch","NegativeMismatch"
"1807","5d4199fe8580d30015230afd","control_MaxMatch_Negative_Concrete","0","MaxMatch","smack","spit","smack-spit","ConcreteMatch","NegativeMatch"
"1808","5d4199fe8580d30015230afd","control_Similar","99","SimilarControl","help","assist","help-assist","",""
"1809","5d4199fe8580d30015230afd","control_Dissimilar","0","DissimilarControl","begin","end","begin-end","",""
"1810","5d4199fe8580d30015230afd","test_ConceptualMatch_Concrete","0","ConceptualMatchingOnly","smile","slap","smile-slap","ConceptualMatch:concrete","PositiveMismatch"
"1811","5d4199fe8580d30015230afd","control_MaxMatch_Positive_Concrete","0","MaxMatch","running","smile","running-smile","ConcreteMatch","PositiveMatch"
"1812","5d4199fe8580d30015230afd","control_MaxMatch_Negative_Abstract","80","MaxMatch","exploit","loathe","exploit-loathe","AbstractMatch","NegativeMatch"
"1813","5d4199fe8580d30015230afd","control_Similar","99","SimilarControl","buy","purchase","buy-purchase","",""
"1814","5d4199fe8580d30015230afd","test_ConceptualMatch_Abstract","0","ConceptualMatchingOnly","scorn","fulfill","scorn-fulfill","ConceptualMatch:abstract","NegativeMismatch"
"1815","5d4199fe8580d30015230afd","control_Dissimilar","0","DissimilarControl","increase","decrease","increase-decrease","",""
"1816","5d4199fe8580d30015230afd","control_MaxMatch_Positive_Abstract","94","MaxMatch","admired","cherish","admired-cherish","AbstractMatch","PositiveMatch"
"1817","5d4199fe8580d30015230afd","test_ValenceMatch_Negative","0","ValenceMatchingOnly","smack","befall","smack-befall","ConcreteMismatch","NegativeMatch"
"1818","5d4199fe8580d30015230afd","test_ValenceMatch_Positive","0","ValenceMatchingOnly","eat","admired","eat-admired","ConcreteMismatch","PositiveMatch"
"1819","5d4199fe8580d30015230afd","control_MaxMismatch","0","MaxMismatch","annoy","justify","annoy-justify","AbstractMismatch","NegativeMismatch"
"1820","5d4199fe8580d30015230afd","control_MaxMatch_Negative_Concrete","0","MaxMatch","scratch","vomit","scratch-vomit","ConcreteMatch","NegativeMatch"
"1821","566a3e0e7da0350012b3ec49","control_Dissimilar","7","DissimilarControl","push","pull","push-pull","",""
"1822","566a3e0e7da0350012b3ec49","control_Similar","99","SimilarControl","ask","inquire","ask-inquire","",""
"1823","566a3e0e7da0350012b3ec49","control_MaxMismatch","5","MaxMismatch","violate","believe","violate-believe","AbstractMismatch","NegativeMismatch"
"1824","566a3e0e7da0350012b3ec49","control_MaxMatch_Positive_Abstract","31","MaxMatch","hope","justify","hope-justify","AbstractMatch","PositiveMatch"
"1825","566a3e0e7da0350012b3ec49","control_MaxMatch_Negative_Concrete","17","MaxMatch","bleed","slap","bleed-slap","ConcreteMatch","NegativeMatch"
"1826","566a3e0e7da0350012b3ec49","test_ConceptualMatch_Concrete","0","ConceptualMatchingOnly","smile","puke","smile-puke","ConceptualMatch:concrete","PositiveMismatch"
"1827","566a3e0e7da0350012b3ec49","control_Dissimilar","0","DissimilarControl","begin","end","begin-end","",""
"1828","566a3e0e7da0350012b3ec49","control_Similar","87","SimilarControl","use","employ","use-employ","",""
"1829","566a3e0e7da0350012b3ec49","control_MaxMatch_Negative_Abstract","35","MaxMatch","annoy","exploit","annoy-exploit","AbstractMatch","NegativeMatch"
"1830","566a3e0e7da0350012b3ec49","test_ValenceMatch_Negative","18","ValenceMatchingOnly","vomit","worry","vomit-worry","ConcreteMismatch","NegativeMatch"
"1831","566a3e0e7da0350012b3ec49","test_ConceptualMatch_Abstract","11","ConceptualMatchingOnly","criticize","believe","criticize-believe","ConceptualMatch:abstract","NegativeMismatch"
"1832","566a3e0e7da0350012b3ec49","control_MaxMatch_Positive_Concrete","0","MaxMatch","cook","running","cook-running","ConcreteMatch","PositiveMatch"
"1833","566a3e0e7da0350012b3ec49","test_ValenceMatch_Positive","20","ValenceMatchingOnly","hug","hope","hug-hope","ConcreteMismatch","PositiveMatch"
"1834","566a3e0e7da0350012b3ec49","control_Dissimilar","0","DissimilarControl","arrive","leave","arrive-leave","",""
"1835","566a3e0e7da0350012b3ec49","control_Similar","81","SimilarControl","show","display","show-display","",""
"1836","566a3e0e7da0350012b3ec49","control_MaxMismatch","17","MaxMismatch","loathe","imagine","loathe-imagine","AbstractMismatch","NegativeMismatch"
"1837","566a3e0e7da0350012b3ec49","control_MaxMatch_Positive_Abstract","5","MaxMatch","imagine","fulfill","imagine-fulfill","AbstractMatch","PositiveMatch"
"1838","566a3e0e7da0350012b3ec49","control_MaxMatch_Negative_Concrete","91","MaxMatch","kill","murder","kill-murder","ConcreteMatch","NegativeMatch"
"1839","566a3e0e7da0350012b3ec49","test_ConceptualMatch_Concrete","2","ConceptualMatchingOnly","hug","murder","hug-murder","ConceptualMatch:concrete","PositiveMismatch"
"1840","566a3e0e7da0350012b3ec49","control_Dissimilar","2","DissimilarControl","give","take","give-take","",""
"1841","566a3e0e7da0350012b3ec49","control_Similar","92","SimilarControl","begin","start","begin-start","",""
"1842","566a3e0e7da0350012b3ec49","control_MaxMatch_Negative_Abstract","18","MaxMatch","annoy","befall","annoy-befall","AbstractMatch","NegativeMatch"
"1843","566a3e0e7da0350012b3ec49","test_ValenceMatch_Negative","7","ValenceMatchingOnly","bleed","loathe","bleed-loathe","ConcreteMismatch","NegativeMatch"
"1844","566a3e0e7da0350012b3ec49","test_ConceptualMatch_Abstract","15","ConceptualMatchingOnly","befall","esteem","befall-esteem","ConceptualMatch:abstract","NegativeMismatch"
"1845","566a3e0e7da0350012b3ec49","control_MaxMatch_Positive_Concrete","22","MaxMatch","eat","smile","eat-smile","ConcreteMatch","PositiveMatch"
"1846","566a3e0e7da0350012b3ec49","test_ValenceMatch_Positive","6","ValenceMatchingOnly","swing","imagine","swing-imagine","ConcreteMismatch","PositiveMatch"
"1847","566a3e0e7da0350012b3ec49","control_Dissimilar","0","DissimilarControl","add","remove","add-remove","",""
"1848","566a3e0e7da0350012b3ec49","control_Similar","84","SimilarControl","buy","purchase","buy-purchase","",""
"1849","566a3e0e7da0350012b3ec49","control_MaxMismatch","15","MaxMismatch","criticize","imagine","criticize-imagine","AbstractMismatch","NegativeMismatch"
"1850","566a3e0e7da0350012b3ec49","control_MaxMatch_Positive_Abstract","11","MaxMatch","imagine","admired","imagine-admired","AbstractMatch","PositiveMatch"
"1851","566a3e0e7da0350012b3ec49","control_MaxMatch_Negative_Concrete","72","MaxMatch","bleed","scratch","bleed-scratch","ConcreteMatch","NegativeMatch"
"1852","566a3e0e7da0350012b3ec49","test_ConceptualMatch_Concrete","5","ConceptualMatchingOnly","cuddle","puke","cuddle-puke","ConceptualMatch:concrete","PositiveMismatch"
"1853","566a3e0e7da0350012b3ec49","control_Dissimilar","0","DissimilarControl","enter","exit","enter-exit","",""
"1854","566a3e0e7da0350012b3ec49","control_Similar","88","SimilarControl","get","obtain","get-obtain","",""
"1855","566a3e0e7da0350012b3ec49","control_MaxMatch_Negative_Abstract","21","MaxMatch","exploit","scorn","exploit-scorn","AbstractMatch","NegativeMatch"
"1856","566a3e0e7da0350012b3ec49","test_ValenceMatch_Negative","44","ValenceMatchingOnly","stab","befall","stab-befall","ConcreteMismatch","NegativeMatch"
"1857","566a3e0e7da0350012b3ec49","test_ConceptualMatch_Abstract","20","ConceptualMatchingOnly","criticize","imagine","criticize-imagine","ConceptualMatch:abstract","NegativeMismatch"
"1858","566a3e0e7da0350012b3ec49","control_MaxMatch_Positive_Concrete","67","MaxMatch","hug","smile","hug-smile","ConcreteMatch","PositiveMatch"
"1859","566a3e0e7da0350012b3ec49","test_ValenceMatch_Positive","29","ValenceMatchingOnly","kiss","imagine","kiss-imagine","ConcreteMismatch","PositiveMatch"
"1860","566a3e0e7da0350012b3ec49","control_Dissimilar","0","DissimilarControl","open","close","open-close","",""
"1861","566a3e0e7da0350012b3ec49","control_Similar","89","SimilarControl","end","finish","end-finish","",""
"1862","566a3e0e7da0350012b3ec49","control_MaxMismatch","19","MaxMismatch","violate","esteem","violate-esteem","AbstractMismatch","NegativeMismatch"
"1863","566a3e0e7da0350012b3ec49","control_MaxMatch_Positive_Abstract","26","MaxMatch","imagine","esteem","imagine-esteem","AbstractMatch","PositiveMatch"
"1864","566a3e0e7da0350012b3ec49","control_MaxMatch_Negative_Concrete","39","MaxMatch","bleed","puke","bleed-puke","ConcreteMatch","NegativeMatch"
"1865","566a3e0e7da0350012b3ec49","test_ConceptualMatch_Concrete","0","ConceptualMatchingOnly","cook","bleed","cook-bleed","ConceptualMatch:concrete","PositiveMismatch"
"1866","566a3e0e7da0350012b3ec49","control_Dissimilar","0","DissimilarControl","increase","decrease","increase-decrease","",""
"1867","566a3e0e7da0350012b3ec49","control_Similar","83","SimilarControl","need","require","need-require","",""
"1868","566a3e0e7da0350012b3ec49","control_MaxMatch_Negative_Abstract","32","MaxMatch","befall","scorn","befall-scorn","AbstractMatch","NegativeMatch"
"1869","566a3e0e7da0350012b3ec49","test_ValenceMatch_Negative","35","ValenceMatchingOnly","scratch","scorn","scratch-scorn","ConcreteMismatch","NegativeMatch"
"1870","566a3e0e7da0350012b3ec49","test_ConceptualMatch_Abstract","5","ConceptualMatchingOnly","resent","fulfill","resent-fulfill","ConceptualMatch:abstract","NegativeMismatch"
"1871","566a3e0e7da0350012b3ec49","control_MaxMatch_Positive_Concrete","0","MaxMatch","eat","swing","eat-swing","ConcreteMatch","PositiveMatch"
"1872","566a3e0e7da0350012b3ec49","test_ValenceMatch_Positive","0","ValenceMatchingOnly","sail","fulfill","sail-fulfill","ConcreteMismatch","PositiveMatch"
"1873","566a3e0e7da0350012b3ec49","control_Dissimilar","0","DissimilarControl","rise","fall","rise-fall","",""
"1874","566a3e0e7da0350012b3ec49","control_Similar","99","SimilarControl","help","assist","help-assist","",""
"1875","566a3e0e7da0350012b3ec49","control_MaxMismatch","22","MaxMismatch","criticize","admired","criticize-admired","AbstractMismatch","NegativeMismatch"
"1876","566a3e0e7da0350012b3ec49","control_MaxMatch_Positive_Abstract","73","MaxMatch","enlighten","respect","enlighten-respect","AbstractMatch","PositiveMatch"
"1877","566a3e0e7da0350012b3ec49","control_MaxMatch_Negative_Concrete","18","MaxMatch","slap","stab","slap-stab","ConcreteMatch","NegativeMatch"
"1878","566a3e0e7da0350012b3ec49","test_ConceptualMatch_Concrete","20","ConceptualMatchingOnly","cook","murder","cook-murder","ConceptualMatch:concrete","PositiveMismatch"
"1879","566a3e0e7da0350012b3ec49","control_Dissimilar","26","DissimilarControl","come","go","come-go","",""
"1880","566a3e0e7da0350012b3ec49","control_Similar","93","SimilarControl","speak","talk","speak-talk","",""
"1881","566a3e0e7da0350012b3ec49","control_MaxMatch_Negative_Abstract","30","MaxMatch","obsess","scorn","obsess-scorn","AbstractMatch","NegativeMatch"
"1882","566a3e0e7da0350012b3ec49","test_ValenceMatch_Negative","8","ValenceMatchingOnly","puke","criticize","puke-criticize","ConcreteMismatch","NegativeMatch"
"1883","566a3e0e7da0350012b3ec49","test_ConceptualMatch_Abstract","7","ConceptualMatchingOnly","exploit","believe","exploit-believe","ConceptualMatch:abstract","NegativeMismatch"
"1884","566a3e0e7da0350012b3ec49","control_MaxMatch_Positive_Concrete","0","MaxMatch","hug","running","hug-running","ConcreteMatch","PositiveMatch"
"1885","566a3e0e7da0350012b3ec49","test_ValenceMatch_Positive","17","ValenceMatchingOnly","sail","imagine","sail-imagine","ConcreteMismatch","PositiveMatch"
"1886","660c21b888db988a05a6afd2","control_Similar","99","SimilarControl","speak","talk","speak-talk","",""
"1887","660c21b888db988a05a6afd2","control_Dissimilar","0","DissimilarControl","give","take","give-take","",""
"1888","660c21b888db988a05a6afd2","control_Similar","93","SimilarControl","show","display","show-display","",""
"1889","660c21b888db988a05a6afd2","test_ValenceMatch_Positive","49","ValenceMatchingOnly","hug","fulfill","hug-fulfill","ConcreteMismatch","PositiveMatch"
"1890","660c21b888db988a05a6afd2","control_MaxMismatch","3","MaxMismatch","violate","justify","violate-justify","AbstractMismatch","NegativeMismatch"
"1891","660c21b888db988a05a6afd2","control_MaxMatch_Negative_Concrete","0","MaxMatch","kill","vomit","kill-vomit","ConcreteMatch","NegativeMatch"
"1892","660c21b888db988a05a6afd2","test_ValenceMatch_Negative","47","ValenceMatchingOnly","puke","criticize","puke-criticize","ConcreteMismatch","NegativeMatch"
"1893","660c21b888db988a05a6afd2","control_Dissimilar","0","DissimilarControl","come","go","come-go","",""
"1894","660c21b888db988a05a6afd2","control_MaxMatch_Positive_Concrete","69","MaxMatch","build","cook","build-cook","ConcreteMatch","PositiveMatch"
"1895","660c21b888db988a05a6afd2","control_MaxMatch_Negative_Abstract","27","MaxMatch","annoy","criticize","annoy-criticize","AbstractMatch","NegativeMatch"
"1896","660c21b888db988a05a6afd2","control_MaxMatch_Positive_Abstract","36","MaxMatch","believe","justify","believe-justify","AbstractMatch","PositiveMatch"
"1897","660c21b888db988a05a6afd2","test_ConceptualMatch_Concrete","49","ConceptualMatchingOnly","swing","puke","swing-puke","ConceptualMatch:concrete","PositiveMismatch"
"1898","660c21b888db988a05a6afd2","test_ConceptualMatch_Abstract","26","ConceptualMatchingOnly","worry","esteem","worry-esteem","ConceptualMatch:abstract","NegativeMismatch"
"1899","660c21b888db988a05a6afd2","control_Similar","98","SimilarControl","help","assist","help-assist","",""
"1900","660c21b888db988a05a6afd2","control_Dissimilar","0","DissimilarControl","arrive","leave","arrive-leave","",""
"1901","660c21b888db988a05a6afd2","control_Similar","99","SimilarControl","end","finish","end-finish","",""
"1902","660c21b888db988a05a6afd2","test_ValenceMatch_Positive","44","ValenceMatchingOnly","eat","believe","eat-believe","ConcreteMismatch","PositiveMatch"
"1903","660c21b888db988a05a6afd2","control_MaxMismatch","14","MaxMismatch","scorn","believe","scorn-believe","AbstractMismatch","NegativeMismatch"
"1904","660c21b888db988a05a6afd2","control_MaxMatch_Negative_Concrete","49","MaxMatch","puke","stab","puke-stab","ConcreteMatch","NegativeMatch"
"1905","660c21b888db988a05a6afd2","test_ValenceMatch_Negative","48","ValenceMatchingOnly","scratch","criticize","scratch-criticize","ConcreteMismatch","NegativeMatch"
"1906","660c21b888db988a05a6afd2","control_Dissimilar","0","DissimilarControl","enter","exit","enter-exit","",""
"1907","660c21b888db988a05a6afd2","control_MaxMatch_Positive_Concrete","47","MaxMatch","cuddle","swing","cuddle-swing","ConcreteMatch","PositiveMatch"
"1908","660c21b888db988a05a6afd2","control_MaxMatch_Negative_Abstract","42","MaxMatch","befall","exploit","befall-exploit","AbstractMatch","NegativeMatch"
"1909","660c21b888db988a05a6afd2","control_MaxMatch_Positive_Abstract","69","MaxMatch","cherish","hope","cherish-hope","AbstractMatch","PositiveMatch"
"1910","660c21b888db988a05a6afd2","test_ConceptualMatch_Concrete","40","ConceptualMatchingOnly","sail","slap","sail-slap","ConceptualMatch:concrete","PositiveMismatch"
"1911","660c21b888db988a05a6afd2","test_ConceptualMatch_Abstract","41","ConceptualMatchingOnly","annoy","admired","annoy-admired","ConceptualMatch:abstract","NegativeMismatch"
"1912","660c21b888db988a05a6afd2","control_Similar","96","SimilarControl","ask","inquire","ask-inquire","",""
"1913","660c21b888db988a05a6afd2","control_Dissimilar","0","DissimilarControl","rise","fall","rise-fall","",""
"1914","660c21b888db988a05a6afd2","control_Similar","89","SimilarControl","use","employ","use-employ","",""
"1915","660c21b888db988a05a6afd2","test_ValenceMatch_Positive","45","ValenceMatchingOnly","running","esteem","running-esteem","ConcreteMismatch","PositiveMatch"
"1916","660c21b888db988a05a6afd2","control_MaxMismatch","42","MaxMismatch","criticize","esteem","criticize-esteem","AbstractMismatch","NegativeMismatch"
"1917","660c21b888db988a05a6afd2","control_MaxMatch_Negative_Concrete","42","MaxMatch","bleed","spit","bleed-spit","ConcreteMatch","NegativeMatch"
"1918","660c21b888db988a05a6afd2","test_ValenceMatch_Negative","41","ValenceMatchingOnly","stab","resent","stab-resent","ConcreteMismatch","NegativeMatch"
"1919","660c21b888db988a05a6afd2","control_Dissimilar","0","DissimilarControl","begin","end","begin-end","",""
"1920","660c21b888db988a05a6afd2","control_MaxMatch_Positive_Concrete","69","MaxMatch","cuddle","hug","cuddle-hug","ConcreteMatch","PositiveMatch"
"1921","660c21b888db988a05a6afd2","control_MaxMatch_Negative_Abstract","72","MaxMatch","loathe","scorn","loathe-scorn","AbstractMatch","NegativeMatch"
"1922","660c21b888db988a05a6afd2","control_MaxMatch_Positive_Abstract","45","MaxMatch","cherish","believe","cherish-believe","AbstractMatch","PositiveMatch"
"1923","660c21b888db988a05a6afd2","test_ConceptualMatch_Concrete","44","ConceptualMatchingOnly","build","bleed","build-bleed","ConceptualMatch:concrete","PositiveMismatch"
"1924","660c21b888db988a05a6afd2","test_ConceptualMatch_Abstract","39","ConceptualMatchingOnly","scorn","hope","scorn-hope","ConceptualMatch:abstract","NegativeMismatch"
"1925","660c21b888db988a05a6afd2","control_Similar","99","SimilarControl","buy","purchase","buy-purchase","",""
"1926","660c21b888db988a05a6afd2","control_Dissimilar","0","DissimilarControl","add","remove","add-remove","",""
"1927","660c21b888db988a05a6afd2","control_Similar","99","SimilarControl","begin","start","begin-start","",""
"1928","660c21b888db988a05a6afd2","test_ValenceMatch_Positive","37","ValenceMatchingOnly","sail","justify","sail-justify","ConcreteMismatch","PositiveMatch"
"1929","660c21b888db988a05a6afd2","control_MaxMismatch","37","MaxMismatch","violate","fulfill","violate-fulfill","AbstractMismatch","NegativeMismatch"
"1930","660c21b888db988a05a6afd2","control_MaxMatch_Negative_Concrete","99","MaxMatch","puke","vomit","puke-vomit","ConcreteMatch","NegativeMatch"
"1931","660c21b888db988a05a6afd2","test_ValenceMatch_Negative","39","ValenceMatchingOnly","smack","exploit","smack-exploit","ConcreteMismatch","NegativeMatch"
"1932","660c21b888db988a05a6afd2","control_Dissimilar","0","DissimilarControl","increase","decrease","increase-decrease","",""
"1933","660c21b888db988a05a6afd2","control_MaxMatch_Positive_Concrete","38","MaxMatch","kiss","swing","kiss-swing","ConcreteMatch","PositiveMatch"
"1934","660c21b888db988a05a6afd2","control_MaxMatch_Negative_Abstract","97","MaxMatch","loathe","resent","loathe-resent","AbstractMatch","NegativeMatch"
"1935","660c21b888db988a05a6afd2","control_MaxMatch_Positive_Abstract","39","MaxMatch","imagine","fulfill","imagine-fulfill","AbstractMatch","PositiveMatch"
"1936","660c21b888db988a05a6afd2","test_ConceptualMatch_Concrete","41","ConceptualMatchingOnly","cuddle","bleed","cuddle-bleed","ConceptualMatch:concrete","PositiveMismatch"
"1937","660c21b888db988a05a6afd2","test_ConceptualMatch_Abstract","40","ConceptualMatchingOnly","worry","believe","worry-believe","ConceptualMatch:abstract","NegativeMismatch"
"1938","660c21b888db988a05a6afd2","control_Similar","91","SimilarControl","need","require","need-require","",""
"1939","660c21b888db988a05a6afd2","control_Dissimilar","0","DissimilarControl","open","close","open-close","",""
"1940","660c21b888db988a05a6afd2","control_Similar","96","SimilarControl","get","obtain","get-obtain","",""
"1941","660c21b888db988a05a6afd2","test_ValenceMatch_Positive","39","ValenceMatchingOnly","swing","believe","swing-believe","ConcreteMismatch","PositiveMatch"
"1942","660c21b888db988a05a6afd2","control_MaxMismatch","40","MaxMismatch","worry","respect","worry-respect","AbstractMismatch","NegativeMismatch"
"1943","660c21b888db988a05a6afd2","control_MaxMatch_Negative_Concrete","37","MaxMatch","murder","scratch","murder-scratch","ConcreteMatch","NegativeMatch"
"1944","660c21b888db988a05a6afd2","test_ValenceMatch_Negative","38","ValenceMatchingOnly","stab","exploit","stab-exploit","ConcreteMismatch","NegativeMatch"
"1945","660c21b888db988a05a6afd2","control_Dissimilar","0","DissimilarControl","push","pull","push-pull","",""
"1946","660c21b888db988a05a6afd2","control_MaxMatch_Positive_Concrete","42","MaxMatch","kiss","smile","kiss-smile","ConcreteMatch","PositiveMatch"
"1947","660c21b888db988a05a6afd2","control_MaxMatch_Negative_Abstract","38","MaxMatch","befall","loathe","befall-loathe","AbstractMatch","NegativeMatch"
"1948","660c21b888db988a05a6afd2","control_MaxMatch_Positive_Abstract","38","MaxMatch","fulfill","esteem","fulfill-esteem","AbstractMatch","PositiveMatch"
"1949","660c21b888db988a05a6afd2","test_ConceptualMatch_Concrete","37","ConceptualMatchingOnly","kiss","vomit","kiss-vomit","ConceptualMatch:concrete","PositiveMismatch"
"1950","660c21b888db988a05a6afd2","test_ConceptualMatch_Abstract","37","ConceptualMatchingOnly","resent","enlighten","resent-enlighten","ConceptualMatch:abstract","NegativeMismatch"
"1951","67608d020ab313f56180df41","control_Similar","99","SimilarControl","begin","start","begin-start","",""
"1952","67608d020ab313f56180df41","control_Dissimilar","0","DissimilarControl","add","remove","add-remove","",""
"1953","67608d020ab313f56180df41","control_Similar","78","SimilarControl","use","employ","use-employ","",""
"1954","67608d020ab313f56180df41","control_MaxMatch_Negative_Concrete","46","MaxMatch","puke","scratch","puke-scratch","ConcreteMatch","NegativeMatch"
"1955","67608d020ab313f56180df41","control_Dissimilar","0","DissimilarControl","increase","decrease","increase-decrease","",""
"1956","67608d020ab313f56180df41","control_MaxMismatch","17","MaxMismatch","criticize","fulfill","criticize-fulfill","AbstractMismatch","NegativeMismatch"
"1957","67608d020ab313f56180df41","test_ConceptualMatch_Abstract","25","ConceptualMatchingOnly","violate","esteem","violate-esteem","ConceptualMatch:abstract","NegativeMismatch"
"1958","67608d020ab313f56180df41","control_MaxMatch_Positive_Abstract","77","MaxMatch","believe","justify","believe-justify","AbstractMatch","PositiveMatch"
"1959","67608d020ab313f56180df41","test_ValenceMatch_Negative","73","ValenceMatchingOnly","murder","scorn","murder-scorn","ConcreteMismatch","NegativeMatch"
"1960","67608d020ab313f56180df41","control_MaxMatch_Positive_Concrete","32","MaxMatch","kiss","swing","kiss-swing","ConcreteMatch","PositiveMatch"
"1961","67608d020ab313f56180df41","control_MaxMatch_Negative_Abstract","20","MaxMatch","befall","loathe","befall-loathe","AbstractMatch","NegativeMatch"
"1962","67608d020ab313f56180df41","test_ValenceMatch_Positive","33","ValenceMatchingOnly","hug","believe","hug-believe","ConcreteMismatch","PositiveMatch"
"1963","67608d020ab313f56180df41","test_ConceptualMatch_Concrete","10","ConceptualMatchingOnly","eat","stab","eat-stab","ConceptualMatch:concrete","PositiveMismatch"
"1964","67608d020ab313f56180df41","control_Similar","96","SimilarControl","get","obtain","get-obtain","",""
"1965","67608d020ab313f56180df41","control_Dissimilar","0","DissimilarControl","open","close","open-close","",""
"1966","67608d020ab313f56180df41","control_Similar","98","SimilarControl","speak","talk","speak-talk","",""
"1967","67608d020ab313f56180df41","control_MaxMatch_Negative_Concrete","70","MaxMatch","kill","spit","kill-spit","ConcreteMatch","NegativeMatch"
"1968","67608d020ab313f56180df41","control_Dissimilar","5","DissimilarControl","enter","exit","enter-exit","",""
"1969","67608d020ab313f56180df41","control_MaxMismatch","0","MaxMismatch","resent","admired","resent-admired","AbstractMismatch","NegativeMismatch"
"1970","67608d020ab313f56180df41","test_ConceptualMatch_Abstract","13","ConceptualMatchingOnly","scorn","respect","scorn-respect","ConceptualMatch:abstract","NegativeMismatch"
"1971","67608d020ab313f56180df41","control_MaxMatch_Positive_Abstract","71","MaxMatch","fulfill","justify","fulfill-justify","AbstractMatch","PositiveMatch"
"1972","67608d020ab313f56180df41","test_ValenceMatch_Negative","73","ValenceMatchingOnly","kill","exploit","kill-exploit","ConcreteMismatch","NegativeMatch"
"1973","67608d020ab313f56180df41","control_MaxMatch_Positive_Concrete","61","MaxMatch","hug","smile","hug-smile","ConcreteMatch","PositiveMatch"
"1974","67608d020ab313f56180df41","control_MaxMatch_Negative_Abstract","89","MaxMatch","loathe","resent","loathe-resent","AbstractMatch","NegativeMatch"
"1975","67608d020ab313f56180df41","test_ValenceMatch_Positive","31","ValenceMatchingOnly","cook","believe","cook-believe","ConcreteMismatch","PositiveMatch"
"1976","67608d020ab313f56180df41","test_ConceptualMatch_Concrete","71","ConceptualMatchingOnly","swing","vomit","swing-vomit","ConceptualMatch:concrete","PositiveMismatch"
"1977","67608d020ab313f56180df41","control_Similar","99","SimilarControl","help","assist","help-assist","",""
"1978","67608d020ab313f56180df41","control_Dissimilar","28","DissimilarControl","give","take","give-take","",""
"1979","67608d020ab313f56180df41","control_Similar","89","SimilarControl","show","display","show-display","",""
"1980","67608d020ab313f56180df41","control_MaxMatch_Negative_Concrete","70","MaxMatch","kill","scratch","kill-scratch","ConcreteMatch","NegativeMatch"
"1981","67608d020ab313f56180df41","control_Dissimilar","11","DissimilarControl","come","go","come-go","",""
"1982","67608d020ab313f56180df41","control_MaxMismatch","18","MaxMismatch","scorn","hope","scorn-hope","AbstractMismatch","NegativeMismatch"
"1983","67608d020ab313f56180df41","test_ConceptualMatch_Abstract","26","ConceptualMatchingOnly","exploit","believe","exploit-believe","ConceptualMatch:abstract","NegativeMismatch"
"1984","67608d020ab313f56180df41","control_MaxMatch_Positive_Abstract","71","MaxMatch","enlighten","hope","enlighten-hope","AbstractMatch","PositiveMatch"
"1985","67608d020ab313f56180df41","test_ValenceMatch_Negative","88","ValenceMatchingOnly","spit","loathe","spit-loathe","ConcreteMismatch","NegativeMatch"
"1986","67608d020ab313f56180df41","control_MaxMatch_Positive_Concrete","19","MaxMatch","build","cuddle","build-cuddle","ConcreteMatch","PositiveMatch"
"1987","67608d020ab313f56180df41","control_MaxMatch_Negative_Abstract","92","MaxMatch","loathe","scorn","loathe-scorn","AbstractMatch","NegativeMatch"
"1988","67608d020ab313f56180df41","test_ValenceMatch_Positive","28","ValenceMatchingOnly","kiss","imagine","kiss-imagine","ConcreteMismatch","PositiveMatch"
"1989","67608d020ab313f56180df41","test_ConceptualMatch_Concrete","28","ConceptualMatchingOnly","sail","spit","sail-spit","ConceptualMatch:concrete","PositiveMismatch"
"1990","67608d020ab313f56180df41","control_Similar","99","SimilarControl","ask","inquire","ask-inquire","",""
"1991","67608d020ab313f56180df41","control_Dissimilar","0","DissimilarControl","rise","fall","rise-fall","",""
"1992","67608d020ab313f56180df41","control_Similar","99","SimilarControl","buy","purchase","buy-purchase","",""
"1993","67608d020ab313f56180df41","control_MaxMatch_Negative_Concrete","37","MaxMatch","scratch","smack","scratch-smack","ConcreteMatch","NegativeMatch"
"1994","67608d020ab313f56180df41","control_Dissimilar","5","DissimilarControl","arrive","leave","arrive-leave","",""
"1995","67608d020ab313f56180df41","control_MaxMismatch","16","MaxMismatch","worry","cherish","worry-cherish","AbstractMismatch","NegativeMismatch"
"1996","67608d020ab313f56180df41","test_ConceptualMatch_Abstract","22","ConceptualMatchingOnly","annoy","hope","annoy-hope","ConceptualMatch:abstract","NegativeMismatch"
"1997","67608d020ab313f56180df41","control_MaxMatch_Positive_Abstract","67","MaxMatch","esteem","justify","esteem-justify","AbstractMatch","PositiveMatch"
"1998","67608d020ab313f56180df41","test_ValenceMatch_Negative","52","ValenceMatchingOnly","kill","obsess","kill-obsess","ConcreteMismatch","NegativeMatch"
"1999","67608d020ab313f56180df41","control_MaxMatch_Positive_Concrete","71","MaxMatch","running","sail","running-sail","ConcreteMatch","PositiveMatch"
"2000","67608d020ab313f56180df41","control_MaxMatch_Negative_Abstract","66","MaxMatch","befall","obsess","befall-obsess","AbstractMatch","NegativeMatch"
"2001","67608d020ab313f56180df41","test_ValenceMatch_Positive","34","ValenceMatchingOnly","sail","admired","sail-admired","ConcreteMismatch","PositiveMatch"
"2002","67608d020ab313f56180df41","test_ConceptualMatch_Concrete","26","ConceptualMatchingOnly","kiss","bleed","kiss-bleed","ConceptualMatch:concrete","PositiveMismatch"
"2003","67608d020ab313f56180df41","control_Similar","80","SimilarControl","need","require","need-require","",""
"2004","67608d020ab313f56180df41","control_Dissimilar","10","DissimilarControl","push","pull","push-pull","",""
"2005","67608d020ab313f56180df41","control_Similar","99","SimilarControl","end","finish","end-finish","",""
"2006","67608d020ab313f56180df41","control_MaxMatch_Negative_Concrete","70","MaxMatch","bleed","smack","bleed-smack","ConcreteMatch","NegativeMatch"
"2007","67608d020ab313f56180df41","control_Dissimilar","0","DissimilarControl","begin","end","begin-end","",""
"2008","67608d020ab313f56180df41","control_MaxMismatch","66","MaxMismatch","befall","admired","befall-admired","AbstractMismatch","NegativeMismatch"
"2009","67608d020ab313f56180df41","test_ConceptualMatch_Abstract","32","ConceptualMatchingOnly","criticize","hope","criticize-hope","ConceptualMatch:abstract","NegativeMismatch"
"2010","67608d020ab313f56180df41","control_MaxMatch_Positive_Abstract","39","MaxMatch","imagine","believe","imagine-believe","AbstractMatch","PositiveMatch"
"2011","67608d020ab313f56180df41","test_ValenceMatch_Negative","71","ValenceMatchingOnly","smack","violate","smack-violate","ConcreteMismatch","NegativeMatch"
"2012","67608d020ab313f56180df41","control_MaxMatch_Positive_Concrete","66","MaxMatch","build","cook","build-cook","ConcreteMatch","PositiveMatch"
"2013","67608d020ab313f56180df41","control_MaxMatch_Negative_Abstract","63","MaxMatch","resent","violate","resent-violate","AbstractMatch","NegativeMatch"
"2014","67608d020ab313f56180df41","test_ValenceMatch_Positive","51","ValenceMatchingOnly","cook","justify","cook-justify","ConcreteMismatch","PositiveMatch"
"2015","67608d020ab313f56180df41","test_ConceptualMatch_Concrete","23","ConceptualMatchingOnly","hug","slap","hug-slap","ConceptualMatch:concrete","PositiveMismatch"
"2016","6369700320bc7dd22e733009","control_Dissimilar","13","DissimilarControl","push","pull","push-pull","",""
"2017","6369700320bc7dd22e733009","control_Similar","97","SimilarControl","get","obtain","get-obtain","",""
"2018","6369700320bc7dd22e733009","control_MaxMismatch","12","MaxMismatch","exploit","respect","exploit-respect","AbstractMismatch","NegativeMismatch"
"2019","6369700320bc7dd22e733009","control_MaxMatch_Negative_Abstract","46","MaxMatch","obsess","scorn","obsess-scorn","AbstractMatch","NegativeMatch"
"2020","6369700320bc7dd22e733009","control_MaxMatch_Negative_Concrete","59","MaxMatch","scratch","stab","scratch-stab","ConcreteMatch","NegativeMatch"
"2021","6369700320bc7dd22e733009","test_ConceptualMatch_Abstract","15","ConceptualMatchingOnly","exploit","justify","exploit-justify","ConceptualMatch:abstract","NegativeMismatch"
"2022","6369700320bc7dd22e733009","control_Dissimilar","20","DissimilarControl","rise","fall","rise-fall","",""
"2023","6369700320bc7dd22e733009","test_ValenceMatch_Positive","57","ValenceMatchingOnly","kiss","admired","kiss-admired","ConcreteMismatch","PositiveMatch"
"2024","6369700320bc7dd22e733009","control_MaxMatch_Positive_Concrete","36","MaxMatch","eat","smile","eat-smile","ConcreteMatch","PositiveMatch"
"2025","6369700320bc7dd22e733009","control_MaxMatch_Positive_Abstract","75","MaxMatch","enlighten","believe","enlighten-believe","AbstractMatch","PositiveMatch"
"2026","6369700320bc7dd22e733009","test_ValenceMatch_Negative","48","ValenceMatchingOnly","scratch","resent","scratch-resent","ConcreteMismatch","NegativeMatch"
"2027","6369700320bc7dd22e733009","control_Similar","64","SimilarControl","need","require","need-require","",""
"2028","6369700320bc7dd22e733009","test_ConceptualMatch_Concrete","12","ConceptualMatchingOnly","running","slap","running-slap","ConceptualMatch:concrete","PositiveMismatch"
"2029","6369700320bc7dd22e733009","control_Dissimilar","2","DissimilarControl","add","remove","add-remove","",""
"2030","6369700320bc7dd22e733009","control_Similar","90","SimilarControl","begin","start","begin-start","",""
"2031","6369700320bc7dd22e733009","control_MaxMismatch","48","MaxMismatch","annoy","admired","annoy-admired","AbstractMismatch","NegativeMismatch"
"2032","6369700320bc7dd22e733009","control_MaxMatch_Negative_Abstract","43","MaxMatch","loathe","obsess","loathe-obsess","AbstractMatch","NegativeMatch"
"2033","6369700320bc7dd22e733009","control_MaxMatch_Negative_Concrete","24","MaxMatch","bleed","puke","bleed-puke","ConcreteMatch","NegativeMatch"
"2034","6369700320bc7dd22e733009","test_ConceptualMatch_Abstract","44","ConceptualMatchingOnly","violate","imagine","violate-imagine","ConceptualMatch:abstract","NegativeMismatch"
"2035","6369700320bc7dd22e733009","control_Dissimilar","5","DissimilarControl","enter","exit","enter-exit","",""
"2036","6369700320bc7dd22e733009","test_ValenceMatch_Positive","59","ValenceMatchingOnly","eat","enlighten","eat-enlighten","ConcreteMismatch","PositiveMatch"
"2037","6369700320bc7dd22e733009","control_MaxMatch_Positive_Concrete","61","MaxMatch","hug","kiss","hug-kiss","ConcreteMatch","PositiveMatch"
"2038","6369700320bc7dd22e733009","control_MaxMatch_Positive_Abstract","69","MaxMatch","admired","esteem","admired-esteem","AbstractMatch","PositiveMatch"
"2039","6369700320bc7dd22e733009","test_ValenceMatch_Negative","51","ValenceMatchingOnly","stab","worry","stab-worry","ConcreteMismatch","NegativeMatch"
"2040","6369700320bc7dd22e733009","control_Similar","89","SimilarControl","end","finish","end-finish","",""
"2041","6369700320bc7dd22e733009","test_ConceptualMatch_Concrete","16","ConceptualMatchingOnly","cuddle","kill","cuddle-kill","ConceptualMatch:concrete","PositiveMismatch"
"2042","6369700320bc7dd22e733009","control_Dissimilar","9","DissimilarControl","come","go","come-go","",""
"2043","6369700320bc7dd22e733009","control_Similar","88","SimilarControl","buy","purchase","buy-purchase","",""
"2044","6369700320bc7dd22e733009","control_MaxMismatch","47","MaxMismatch","annoy","imagine","annoy-imagine","AbstractMismatch","NegativeMismatch"
"2045","6369700320bc7dd22e733009","control_MaxMatch_Negative_Abstract","64","MaxMatch","resent","scorn","resent-scorn","AbstractMatch","NegativeMatch"
"2046","6369700320bc7dd22e733009","control_MaxMatch_Negative_Concrete","66","MaxMatch","spit","vomit","spit-vomit","ConcreteMatch","NegativeMatch"
"2047","6369700320bc7dd22e733009","test_ConceptualMatch_Abstract","6","ConceptualMatchingOnly","violate","fulfill","violate-fulfill","ConceptualMatch:abstract","NegativeMismatch"
"2048","6369700320bc7dd22e733009","control_Dissimilar","9","DissimilarControl","give","take","give-take","",""
"2049","6369700320bc7dd22e733009","test_ValenceMatch_Positive","47","ValenceMatchingOnly","kiss","imagine","kiss-imagine","ConcreteMismatch","PositiveMatch"
"2050","6369700320bc7dd22e733009","control_MaxMatch_Positive_Concrete","53","MaxMatch","hug","smile","hug-smile","ConcreteMatch","PositiveMatch"
"2051","6369700320bc7dd22e733009","control_MaxMatch_Positive_Abstract","65","MaxMatch","cherish","esteem","cherish-esteem","AbstractMatch","PositiveMatch"
"2052","6369700320bc7dd22e733009","test_ValenceMatch_Negative","59","ValenceMatchingOnly","smack","scorn","smack-scorn","ConcreteMismatch","NegativeMatch"
"2053","6369700320bc7dd22e733009","control_Similar","91","SimilarControl","speak","talk","speak-talk","",""
"2054","6369700320bc7dd22e733009","test_ConceptualMatch_Concrete","48","ConceptualMatchingOnly","swing","spit","swing-spit","ConceptualMatch:concrete","PositiveMismatch"
"2055","6369700320bc7dd22e733009","control_Dissimilar","4","DissimilarControl","begin","end","begin-end","",""
"2056","6369700320bc7dd22e733009","control_Similar","97","SimilarControl","use","employ","use-employ","",""
"2057","6369700320bc7dd22e733009","control_MaxMismatch","61","MaxMismatch","obsess","imagine","obsess-imagine","AbstractMismatch","NegativeMismatch"
"2058","6369700320bc7dd22e733009","control_MaxMatch_Negative_Abstract","48","MaxMatch","annoy","obsess","annoy-obsess","AbstractMatch","NegativeMatch"
"2059","6369700320bc7dd22e733009","control_MaxMatch_Negative_Concrete","47","MaxMatch","puke","smack","puke-smack","ConcreteMatch","NegativeMatch"
"2060","6369700320bc7dd22e733009","test_ConceptualMatch_Abstract","14","ConceptualMatchingOnly","violate","enlighten","violate-enlighten","ConceptualMatch:abstract","NegativeMismatch"
"2061","6369700320bc7dd22e733009","control_Dissimilar","5","DissimilarControl","arrive","leave","arrive-leave","",""
"2062","6369700320bc7dd22e733009","test_ValenceMatch_Positive","20","ValenceMatchingOnly","hug","fulfill","hug-fulfill","ConcreteMismatch","PositiveMatch"
"2063","6369700320bc7dd22e733009","control_MaxMatch_Positive_Concrete","22","MaxMatch","hug","swing","hug-swing","ConcreteMatch","PositiveMatch"
"2064","6369700320bc7dd22e733009","control_MaxMatch_Positive_Abstract","30","MaxMatch","believe","esteem","believe-esteem","AbstractMatch","PositiveMatch"
"2065","6369700320bc7dd22e733009","test_ValenceMatch_Negative","58","ValenceMatchingOnly","slap","scorn","slap-scorn","ConcreteMismatch","NegativeMatch"
"2066","6369700320bc7dd22e733009","control_Similar","93","SimilarControl","help","assist","help-assist","",""
"2067","6369700320bc7dd22e733009","test_ConceptualMatch_Concrete","16","ConceptualMatchingOnly","swing","stab","swing-stab","ConceptualMatch:concrete","PositiveMismatch"
"2068","6369700320bc7dd22e733009","control_Dissimilar","5","DissimilarControl","increase","decrease","increase-decrease","",""
"2069","6369700320bc7dd22e733009","control_Similar","95","SimilarControl","show","display","show-display","",""
"2070","6369700320bc7dd22e733009","control_MaxMismatch","29","MaxMismatch","scorn","justify","scorn-justify","AbstractMismatch","NegativeMismatch"
"2071","6369700320bc7dd22e733009","control_MaxMatch_Negative_Abstract","73","MaxMatch","loathe","scorn","loathe-scorn","AbstractMatch","NegativeMatch"
"2072","6369700320bc7dd22e733009","control_MaxMatch_Negative_Concrete","25","MaxMatch","kill","scratch","kill-scratch","ConcreteMatch","NegativeMatch"
"2073","6369700320bc7dd22e733009","test_ConceptualMatch_Abstract","14","ConceptualMatchingOnly","annoy","respect","annoy-respect","ConceptualMatch:abstract","NegativeMismatch"
"2074","6369700320bc7dd22e733009","control_Dissimilar","2","DissimilarControl","open","close","open-close","",""
"2075","6369700320bc7dd22e733009","test_ValenceMatch_Positive","28","ValenceMatchingOnly","smile","enlighten","smile-enlighten","ConcreteMismatch","PositiveMatch"
"2076","6369700320bc7dd22e733009","control_MaxMatch_Positive_Concrete","7","MaxMatch","cook","sail","cook-sail","ConcreteMatch","PositiveMatch"
"2077","6369700320bc7dd22e733009","control_MaxMatch_Positive_Abstract","80","MaxMatch","cherish","respect","cherish-respect","AbstractMatch","PositiveMatch"
"2078","6369700320bc7dd22e733009","test_ValenceMatch_Negative","49","ValenceMatchingOnly","murder","exploit","murder-exploit","ConcreteMismatch","NegativeMatch"
"2079","6369700320bc7dd22e733009","control_Similar","96","SimilarControl","ask","inquire","ask-inquire","",""
"2080","6369700320bc7dd22e733009","test_ConceptualMatch_Concrete","12","ConceptualMatchingOnly","build","murder","build-murder","ConceptualMatch:concrete","PositiveMismatch"
"2081","66a3c213c250e498a5cbfdd4","control_Dissimilar","0","DissimilarControl","come","go","come-go","",""
"2082","66a3c213c250e498a5cbfdd4","control_Similar","22","SimilarControl","use","employ","use-employ","",""
"2083","66a3c213c250e498a5cbfdd4","test_ValenceMatch_Positive","0","ValenceMatchingOnly","eat","believe","eat-believe","ConcreteMismatch","PositiveMatch"
"2084","66a3c213c250e498a5cbfdd4","control_Dissimilar","0","DissimilarControl","add","remove","add-remove","",""
"2085","66a3c213c250e498a5cbfdd4","control_MaxMatch_Positive_Abstract","72","MaxMatch","believe","esteem","believe-esteem","AbstractMatch","PositiveMatch"
"2086","66a3c213c250e498a5cbfdd4","test_ConceptualMatch_Abstract","0","ConceptualMatchingOnly","annoy","believe","annoy-believe","ConceptualMatch:abstract","NegativeMismatch"
"2087","66a3c213c250e498a5cbfdd4","control_MaxMatch_Negative_Abstract","66","MaxMatch","exploit","violate","exploit-violate","AbstractMatch","NegativeMatch"
"2088","66a3c213c250e498a5cbfdd4","control_Similar","99","SimilarControl","help","assist","help-assist","",""
"2089","66a3c213c250e498a5cbfdd4","test_ConceptualMatch_Concrete","0","ConceptualMatchingOnly","sail","slap","sail-slap","ConceptualMatch:concrete","PositiveMismatch"
"2090","66a3c213c250e498a5cbfdd4","control_MaxMatch_Negative_Concrete","41","MaxMatch","kill","stab","kill-stab","ConcreteMatch","NegativeMatch"
"2091","66a3c213c250e498a5cbfdd4","test_ValenceMatch_Negative","9","ValenceMatchingOnly","kill","exploit","kill-exploit","ConcreteMismatch","NegativeMatch"
"2092","66a3c213c250e498a5cbfdd4","control_MaxMatch_Positive_Concrete","22","MaxMatch","hug","kiss","hug-kiss","ConcreteMatch","PositiveMatch"
"2093","66a3c213c250e498a5cbfdd4","control_MaxMismatch","0","MaxMismatch","loathe","fulfill","loathe-fulfill","AbstractMismatch","NegativeMismatch"
"2094","66a3c213c250e498a5cbfdd4","control_Dissimilar","0","DissimilarControl","rise","fall","rise-fall","",""
"2095","66a3c213c250e498a5cbfdd4","control_Similar","71","SimilarControl","get","obtain","get-obtain","",""
"2096","66a3c213c250e498a5cbfdd4","test_ValenceMatch_Positive","0","ValenceMatchingOnly","swing","believe","swing-believe","ConcreteMismatch","PositiveMatch"
"2097","66a3c213c250e498a5cbfdd4","control_Dissimilar","0","DissimilarControl","push","pull","push-pull","",""
"2098","66a3c213c250e498a5cbfdd4","control_MaxMatch_Positive_Abstract","99","MaxMatch","cherish","fulfill","cherish-fulfill","AbstractMatch","PositiveMatch"
"2099","66a3c213c250e498a5cbfdd4","test_ConceptualMatch_Abstract","0","ConceptualMatchingOnly","resent","hope","resent-hope","ConceptualMatch:abstract","NegativeMismatch"
"2100","66a3c213c250e498a5cbfdd4","control_MaxMatch_Negative_Abstract","62","MaxMatch","criticize","violate","criticize-violate","AbstractMatch","NegativeMatch"
"2101","66a3c213c250e498a5cbfdd4","control_Similar","61","SimilarControl","end","finish","end-finish","",""
"2102","66a3c213c250e498a5cbfdd4","test_ConceptualMatch_Concrete","0","ConceptualMatchingOnly","build","slap","build-slap","ConceptualMatch:concrete","PositiveMismatch"
"2103","66a3c213c250e498a5cbfdd4","control_MaxMatch_Negative_Concrete","44","MaxMatch","bleed","vomit","bleed-vomit","ConcreteMatch","NegativeMatch"
"2104","66a3c213c250e498a5cbfdd4","test_ValenceMatch_Negative","0","ValenceMatchingOnly","smack","scorn","smack-scorn","ConcreteMismatch","NegativeMatch"
"2105","66a3c213c250e498a5cbfdd4","control_MaxMatch_Positive_Concrete","0","MaxMatch","eat","running","eat-running","ConcreteMatch","PositiveMatch"
"2106","66a3c213c250e498a5cbfdd4","control_MaxMismatch","0","MaxMismatch","resent","fulfill","resent-fulfill","AbstractMismatch","NegativeMismatch"
"2107","66a3c213c250e498a5cbfdd4","control_Dissimilar","0","DissimilarControl","begin","end","begin-end","",""
"2108","66a3c213c250e498a5cbfdd4","control_Similar","75","SimilarControl","ask","inquire","ask-inquire","",""
"2109","66a3c213c250e498a5cbfdd4","test_ValenceMatch_Positive","17","ValenceMatchingOnly","kiss","respect","kiss-respect","ConcreteMismatch","PositiveMatch"
"2110","66a3c213c250e498a5cbfdd4","control_Dissimilar","0","DissimilarControl","arrive","leave","arrive-leave","",""
"2111","66a3c213c250e498a5cbfdd4","control_MaxMatch_Positive_Abstract","79","MaxMatch","admired","cherish","admired-cherish","AbstractMatch","PositiveMatch"
"2112","66a3c213c250e498a5cbfdd4","test_ConceptualMatch_Abstract","0","ConceptualMatchingOnly","loathe","esteem","loathe-esteem","ConceptualMatch:abstract","NegativeMismatch"
"2113","66a3c213c250e498a5cbfdd4","control_MaxMatch_Negative_Abstract","81","MaxMatch","scorn","violate","scorn-violate","AbstractMatch","NegativeMatch"
"2114","66a3c213c250e498a5cbfdd4","control_Similar","93","SimilarControl","need","require","need-require","",""
"2115","66a3c213c250e498a5cbfdd4","test_ConceptualMatch_Concrete","0","ConceptualMatchingOnly","cuddle","vomit","cuddle-vomit","ConceptualMatch:concrete","PositiveMismatch"
"2116","66a3c213c250e498a5cbfdd4","control_MaxMatch_Negative_Concrete","12","MaxMatch","puke","slap","puke-slap","ConcreteMatch","NegativeMatch"
"2117","66a3c213c250e498a5cbfdd4","test_ValenceMatch_Negative","0","ValenceMatchingOnly","vomit","befall","vomit-befall","ConcreteMismatch","NegativeMatch"
"2118","66a3c213c250e498a5cbfdd4","control_MaxMatch_Positive_Concrete","1","MaxMatch","hug","sail","hug-sail","ConcreteMatch","PositiveMatch"
"2119","66a3c213c250e498a5cbfdd4","control_MaxMismatch","0","MaxMismatch","exploit","enlighten","exploit-enlighten","AbstractMismatch","NegativeMismatch"
"2120","66a3c213c250e498a5cbfdd4","control_Dissimilar","0","DissimilarControl","increase","decrease","increase-decrease","",""
"2121","66a3c213c250e498a5cbfdd4","control_Similar","99","SimilarControl","speak","talk","speak-talk","",""
"2122","66a3c213c250e498a5cbfdd4","test_ValenceMatch_Positive","0","ValenceMatchingOnly","eat","justify","eat-justify","ConcreteMismatch","PositiveMatch"
"2123","66a3c213c250e498a5cbfdd4","control_Dissimilar","0","DissimilarControl","open","close","open-close","",""
"2124","66a3c213c250e498a5cbfdd4","control_MaxMatch_Positive_Abstract","64","MaxMatch","enlighten","esteem","enlighten-esteem","AbstractMatch","PositiveMatch"
"2125","66a3c213c250e498a5cbfdd4","test_ConceptualMatch_Abstract","6","ConceptualMatchingOnly","violate","enlighten","violate-enlighten","ConceptualMatch:abstract","NegativeMismatch"
"2126","66a3c213c250e498a5cbfdd4","control_MaxMatch_Negative_Abstract","43","MaxMatch","befall","loathe","befall-loathe","AbstractMatch","NegativeMatch"
"2127","66a3c213c250e498a5cbfdd4","control_Similar","97","SimilarControl","buy","purchase","buy-purchase","",""
"2128","66a3c213c250e498a5cbfdd4","test_ConceptualMatch_Concrete","0","ConceptualMatchingOnly","cook","vomit","cook-vomit","ConceptualMatch:concrete","PositiveMismatch"
"2129","66a3c213c250e498a5cbfdd4","control_MaxMatch_Negative_Concrete","73","MaxMatch","scratch","stab","scratch-stab","ConcreteMatch","NegativeMatch"
"2130","66a3c213c250e498a5cbfdd4","test_ValenceMatch_Negative","5","ValenceMatchingOnly","vomit","obsess","vomit-obsess","ConcreteMismatch","NegativeMatch"
"2131","66a3c213c250e498a5cbfdd4","control_MaxMatch_Positive_Concrete","0","MaxMatch","build","swing","build-swing","ConcreteMatch","PositiveMatch"
"2132","66a3c213c250e498a5cbfdd4","control_MaxMismatch","38","MaxMismatch","criticize","imagine","criticize-imagine","AbstractMismatch","NegativeMismatch"
"2133","66a3c213c250e498a5cbfdd4","control_Dissimilar","0","DissimilarControl","give","take","give-take","",""
"2134","66a3c213c250e498a5cbfdd4","control_Similar","0","SimilarControl","begin","start","begin-start","",""
"2135","66a3c213c250e498a5cbfdd4","test_ValenceMatch_Positive","0","ValenceMatchingOnly","cuddle","fulfill","cuddle-fulfill","ConcreteMismatch","PositiveMatch"
"2136","66a3c213c250e498a5cbfdd4","control_Dissimilar","0","DissimilarControl","enter","exit","enter-exit","",""
"2137","66a3c213c250e498a5cbfdd4","control_MaxMatch_Positive_Abstract","40","MaxMatch","fulfill","justify","fulfill-justify","AbstractMatch","PositiveMatch"
"2138","66a3c213c250e498a5cbfdd4","test_ConceptualMatch_Abstract","0","ConceptualMatchingOnly","scorn","admired","scorn-admired","ConceptualMatch:abstract","NegativeMismatch"
"2139","66a3c213c250e498a5cbfdd4","control_MaxMatch_Negative_Abstract","0","MaxMatch","scorn","worry","scorn-worry","AbstractMatch","NegativeMatch"
"2140","66a3c213c250e498a5cbfdd4","control_Similar","99","SimilarControl","show","display","show-display","",""
"2141","66a3c213c250e498a5cbfdd4","test_ConceptualMatch_Concrete","0","ConceptualMatchingOnly","sail","kill","sail-kill","ConceptualMatch:concrete","PositiveMismatch"
"2142","66a3c213c250e498a5cbfdd4","control_MaxMatch_Negative_Concrete","46","MaxMatch","murder","slap","murder-slap","ConcreteMatch","NegativeMatch"
"2143","66a3c213c250e498a5cbfdd4","test_ValenceMatch_Negative","38","ValenceMatchingOnly","stab","worry","stab-worry","ConcreteMismatch","NegativeMatch"
"2144","66a3c213c250e498a5cbfdd4","control_MaxMatch_Positive_Concrete","0","MaxMatch","eat","hug","eat-hug","ConcreteMatch","PositiveMatch"
"2145","66a3c213c250e498a5cbfdd4","control_MaxMismatch","1","MaxMismatch","resent","enlighten","resent-enlighten","AbstractMismatch","NegativeMismatch"
"2146","66ad7a9bda89473531598c06","control_Dissimilar","13","DissimilarControl","give","take","give-take","",""
"2147","66ad7a9bda89473531598c06","control_Similar","99","SimilarControl","need","require","need-require","",""
"2148","66ad7a9bda89473531598c06","test_ConceptualMatch_Concrete","7","ConceptualMatchingOnly","eat","puke","eat-puke","ConceptualMatch:concrete","PositiveMismatch"
"2149","66ad7a9bda89473531598c06","test_ValenceMatch_Negative","34","ValenceMatchingOnly","scratch","loathe","scratch-loathe","ConcreteMismatch","NegativeMatch"
"2150","66ad7a9bda89473531598c06","test_ValenceMatch_Positive","7","ValenceMatchingOnly","eat","imagine","eat-imagine","ConcreteMismatch","PositiveMatch"
"2151","66ad7a9bda89473531598c06","control_MaxMatch_Positive_Concrete","0","MaxMatch","build","cuddle","build-cuddle","ConcreteMatch","PositiveMatch"
"2152","66ad7a9bda89473531598c06","control_MaxMatch_Negative_Abstract","48","MaxMatch","annoy","violate","annoy-violate","AbstractMatch","NegativeMatch"
"2153","66ad7a9bda89473531598c06","control_MaxMatch_Positive_Abstract","62","MaxMatch","admired","hope","admired-hope","AbstractMatch","PositiveMatch"
"2154","66ad7a9bda89473531598c06","control_MaxMismatch","16","MaxMismatch","befall","enlighten","befall-enlighten","AbstractMismatch","NegativeMismatch"
"2155","66ad7a9bda89473531598c06","control_MaxMatch_Negative_Concrete","97","MaxMatch","murder","stab","murder-stab","ConcreteMatch","NegativeMatch"
"2156","66ad7a9bda89473531598c06","control_Dissimilar","18","DissimilarControl","begin","end","begin-end","",""
"2157","66ad7a9bda89473531598c06","control_Similar","99","SimilarControl","get","obtain","get-obtain","",""
"2158","66ad7a9bda89473531598c06","test_ConceptualMatch_Abstract","17","ConceptualMatchingOnly","befall","admired","befall-admired","ConceptualMatch:abstract","NegativeMismatch"
"2159","66ad7a9bda89473531598c06","control_Dissimilar","19","DissimilarControl","add","remove","add-remove","",""
"2160","66ad7a9bda89473531598c06","control_Similar","99","SimilarControl","show","display","show-display","",""
"2161","66ad7a9bda89473531598c06","test_ConceptualMatch_Concrete","1","ConceptualMatchingOnly","cuddle","kill","cuddle-kill","ConceptualMatch:concrete","PositiveMismatch"
"2162","66ad7a9bda89473531598c06","test_ValenceMatch_Negative","48","ValenceMatchingOnly","stab","criticize","stab-criticize","ConcreteMismatch","NegativeMatch"
"2163","66ad7a9bda89473531598c06","test_ValenceMatch_Positive","0","ValenceMatchingOnly","swing","respect","swing-respect","ConcreteMismatch","PositiveMatch"
"2164","66ad7a9bda89473531598c06","control_MaxMatch_Positive_Concrete","75","MaxMatch","hug","smile","hug-smile","ConcreteMatch","PositiveMatch"
"2165","66ad7a9bda89473531598c06","control_MaxMatch_Negative_Abstract","99","MaxMatch","obsess","worry","obsess-worry","AbstractMatch","NegativeMatch"
"2166","66ad7a9bda89473531598c06","control_MaxMatch_Positive_Abstract","63","MaxMatch","enlighten","admired","enlighten-admired","AbstractMatch","PositiveMatch"
"2167","66ad7a9bda89473531598c06","control_MaxMismatch","0","MaxMismatch","resent","imagine","resent-imagine","AbstractMismatch","NegativeMismatch"
"2168","66ad7a9bda89473531598c06","control_MaxMatch_Negative_Concrete","0","MaxMatch","murder","scratch","murder-scratch","ConcreteMatch","NegativeMatch"
"2169","66ad7a9bda89473531598c06","control_Dissimilar","25","DissimilarControl","enter","exit","enter-exit","",""
"2170","66ad7a9bda89473531598c06","control_Similar","99","SimilarControl","use","employ","use-employ","",""
"2171","66ad7a9bda89473531598c06","test_ConceptualMatch_Abstract","32","ConceptualMatchingOnly","exploit","esteem","exploit-esteem","ConceptualMatch:abstract","NegativeMismatch"
"2172","66ad7a9bda89473531598c06","control_Dissimilar","28","DissimilarControl","push","pull","push-pull","",""
"2173","66ad7a9bda89473531598c06","control_Similar","99","SimilarControl","buy","purchase","buy-purchase","",""
"2174","66ad7a9bda89473531598c06","test_ConceptualMatch_Concrete","0","ConceptualMatchingOnly","cuddle","stab","cuddle-stab","ConceptualMatch:concrete","PositiveMismatch"
"2175","66ad7a9bda89473531598c06","test_ValenceMatch_Negative","23","ValenceMatchingOnly","puke","exploit","puke-exploit","ConcreteMismatch","NegativeMatch"
"2176","66ad7a9bda89473531598c06","test_ValenceMatch_Positive","9","ValenceMatchingOnly","sail","cherish","sail-cherish","ConcreteMismatch","PositiveMatch"
"2177","66ad7a9bda89473531598c06","control_MaxMatch_Positive_Concrete","7","MaxMatch","build","running","build-running","ConcreteMatch","PositiveMatch"
"2178","66ad7a9bda89473531598c06","control_MaxMatch_Negative_Abstract","69","MaxMatch","annoy","resent","annoy-resent","AbstractMatch","NegativeMatch"
"2179","66ad7a9bda89473531598c06","control_MaxMatch_Positive_Abstract","10","MaxMatch","admired","justify","admired-justify","AbstractMatch","PositiveMatch"
"2180","66ad7a9bda89473531598c06","control_MaxMismatch","15","MaxMismatch","violate","imagine","violate-imagine","AbstractMismatch","NegativeMismatch"
"2181","66ad7a9bda89473531598c06","control_MaxMatch_Negative_Concrete","59","MaxMatch","murder","smack","murder-smack","ConcreteMatch","NegativeMatch"
"2182","66ad7a9bda89473531598c06","control_Dissimilar","38","DissimilarControl","come","go","come-go","",""
"2183","66ad7a9bda89473531598c06","control_Similar","99","SimilarControl","begin","start","begin-start","",""
"2184","66ad7a9bda89473531598c06","test_ConceptualMatch_Abstract","29","ConceptualMatchingOnly","criticize","cherish","criticize-cherish","ConceptualMatch:abstract","NegativeMismatch"
"2185","66ad7a9bda89473531598c06","control_Dissimilar","32","DissimilarControl","arrive","leave","arrive-leave","",""
"2186","66ad7a9bda89473531598c06","control_Similar","99","SimilarControl","ask","inquire","ask-inquire","",""
"2187","66ad7a9bda89473531598c06","test_ConceptualMatch_Concrete","0","ConceptualMatchingOnly","build","bleed","build-bleed","ConceptualMatch:concrete","PositiveMismatch"
"2188","66ad7a9bda89473531598c06","test_ValenceMatch_Negative","76","ValenceMatchingOnly","stab","obsess","stab-obsess","ConcreteMismatch","NegativeMatch"
"2189","66ad7a9bda89473531598c06","test_ValenceMatch_Positive","61","ValenceMatchingOnly","smile","believe","smile-believe","ConcreteMismatch","PositiveMatch"
"2190","66ad7a9bda89473531598c06","control_MaxMatch_Positive_Concrete","16","MaxMatch","eat","smile","eat-smile","ConcreteMatch","PositiveMatch"
"2191","66ad7a9bda89473531598c06","control_MaxMatch_Negative_Abstract","70","MaxMatch","criticize","loathe","criticize-loathe","AbstractMatch","NegativeMatch"
"2192","66ad7a9bda89473531598c06","control_MaxMatch_Positive_Abstract","99","MaxMatch","fulfill","esteem","fulfill-esteem","AbstractMatch","PositiveMatch"
"2193","66ad7a9bda89473531598c06","control_MaxMismatch","0","MaxMismatch","violate","justify","violate-justify","AbstractMismatch","NegativeMismatch"
"2194","66ad7a9bda89473531598c06","control_MaxMatch_Negative_Concrete","0","MaxMatch","kill","slap","kill-slap","ConcreteMatch","NegativeMatch"
"2195","66ad7a9bda89473531598c06","control_Dissimilar","0","DissimilarControl","rise","fall","rise-fall","",""
"2196","66ad7a9bda89473531598c06","control_Similar","99","SimilarControl","end","finish","end-finish","",""
"2197","66ad7a9bda89473531598c06","test_ConceptualMatch_Abstract","2","ConceptualMatchingOnly","worry","justify","worry-justify","ConceptualMatch:abstract","NegativeMismatch"
"2198","66ad7a9bda89473531598c06","control_Dissimilar","0","DissimilarControl","open","close","open-close","",""
"2199","66ad7a9bda89473531598c06","control_Similar","99","SimilarControl","help","assist","help-assist","",""
"2200","66ad7a9bda89473531598c06","test_ConceptualMatch_Concrete","4","ConceptualMatchingOnly","running","kill","running-kill","ConceptualMatch:concrete","PositiveMismatch"
"2201","66ad7a9bda89473531598c06","test_ValenceMatch_Negative","71","ValenceMatchingOnly","vomit","exploit","vomit-exploit","ConcreteMismatch","NegativeMatch"
"2202","66ad7a9bda89473531598c06","test_ValenceMatch_Positive","0","ValenceMatchingOnly","swing","imagine","swing-imagine","ConcreteMismatch","PositiveMatch"
"2203","66ad7a9bda89473531598c06","control_MaxMatch_Positive_Concrete","5","MaxMatch","cook","hug","cook-hug","ConcreteMatch","PositiveMatch"
"2204","66ad7a9bda89473531598c06","control_MaxMatch_Negative_Abstract","77","MaxMatch","annoy","scorn","annoy-scorn","AbstractMatch","NegativeMatch"
"2205","66ad7a9bda89473531598c06","control_MaxMatch_Positive_Abstract","98","MaxMatch","admired","cherish","admired-cherish","AbstractMatch","PositiveMatch"
"2206","66ad7a9bda89473531598c06","control_MaxMismatch","19","MaxMismatch","befall","hope","befall-hope","AbstractMismatch","NegativeMismatch"
"2207","66ad7a9bda89473531598c06","control_MaxMatch_Negative_Concrete","10","MaxMatch","stab","vomit","stab-vomit","ConcreteMatch","NegativeMatch"
"2208","66ad7a9bda89473531598c06","control_Dissimilar","1","DissimilarControl","increase","decrease","increase-decrease","",""
"2209","66ad7a9bda89473531598c06","control_Similar","99","SimilarControl","speak","talk","speak-talk","",""
"2210","66ad7a9bda89473531598c06","test_ConceptualMatch_Abstract","13","ConceptualMatchingOnly","worry","respect","worry-respect","ConceptualMatch:abstract","NegativeMismatch"
"2211","62713a003caa3feec5c6a0ba","control_Dissimilar","0","DissimilarControl","increase","decrease","increase-decrease","",""
"2212","62713a003caa3feec5c6a0ba","control_Similar","99","SimilarControl","buy","purchase","buy-purchase","",""
"2213","62713a003caa3feec5c6a0ba","control_MaxMatch_Negative_Concrete","99","MaxMatch","puke","vomit","puke-vomit","ConcreteMatch","NegativeMatch"
"2214","62713a003caa3feec5c6a0ba","control_MaxMismatch","45","MaxMismatch","obsess","cherish","obsess-cherish","AbstractMismatch","NegativeMismatch"
"2215","62713a003caa3feec5c6a0ba","control_MaxMatch_Negative_Abstract","21","MaxMatch","annoy","exploit","annoy-exploit","AbstractMatch","NegativeMatch"
"2216","62713a003caa3feec5c6a0ba","control_MaxMatch_Positive_Concrete","0","MaxMatch","build","hug","build-hug","ConcreteMatch","PositiveMatch"
"2217","62713a003caa3feec5c6a0ba","test_ConceptualMatch_Concrete","11","ConceptualMatchingOnly","swing","spit","swing-spit","ConceptualMatch:concrete","PositiveMismatch"
"2218","62713a003caa3feec5c6a0ba","test_ValenceMatch_Negative","0","ValenceMatchingOnly","vomit","scorn","vomit-scorn","ConcreteMismatch","NegativeMatch"
"2219","62713a003caa3feec5c6a0ba","control_Dissimilar","0","DissimilarControl","arrive","leave","arrive-leave","",""
"2220","62713a003caa3feec5c6a0ba","test_ValenceMatch_Positive","62","ValenceMatchingOnly","smile","fulfill","smile-fulfill","ConcreteMismatch","PositiveMatch"
"2221","62713a003caa3feec5c6a0ba","control_Similar","99","SimilarControl","ask","inquire","ask-inquire","",""
"2222","62713a003caa3feec5c6a0ba","test_ConceptualMatch_Abstract","10","ConceptualMatchingOnly","obsess","respect","obsess-respect","ConceptualMatch:abstract","NegativeMismatch"
"2223","62713a003caa3feec5c6a0ba","control_MaxMatch_Positive_Abstract","76","MaxMatch","admired","esteem","admired-esteem","AbstractMatch","PositiveMatch"
"2224","62713a003caa3feec5c6a0ba","control_Dissimilar","7","DissimilarControl","come","go","come-go","",""
"2225","62713a003caa3feec5c6a0ba","control_Similar","95","SimilarControl","show","display","show-display","",""
"2226","62713a003caa3feec5c6a0ba","control_MaxMatch_Negative_Concrete","0","MaxMatch","stab","vomit","stab-vomit","ConcreteMatch","NegativeMatch"
"2227","62713a003caa3feec5c6a0ba","control_MaxMismatch","0","MaxMismatch","resent","fulfill","resent-fulfill","AbstractMismatch","NegativeMismatch"
"2228","62713a003caa3feec5c6a0ba","control_MaxMatch_Negative_Abstract","47","MaxMatch","criticize","violate","criticize-violate","AbstractMatch","NegativeMatch"
"2229","62713a003caa3feec5c6a0ba","control_MaxMatch_Positive_Concrete","0","MaxMatch","kiss","running","kiss-running","ConcreteMatch","PositiveMatch"
"2230","62713a003caa3feec5c6a0ba","test_ConceptualMatch_Concrete","0","ConceptualMatchingOnly","hug","murder","hug-murder","ConceptualMatch:concrete","PositiveMismatch"
"2231","62713a003caa3feec5c6a0ba","test_ValenceMatch_Negative","65","ValenceMatchingOnly","smack","scorn","smack-scorn","ConcreteMismatch","NegativeMatch"
"2232","62713a003caa3feec5c6a0ba","control_Dissimilar","6","DissimilarControl","rise","fall","rise-fall","",""
"2233","62713a003caa3feec5c6a0ba","test_ValenceMatch_Positive","0","ValenceMatchingOnly","sail","fulfill","sail-fulfill","ConcreteMismatch","PositiveMatch"
"2234","62713a003caa3feec5c6a0ba","control_Similar","99","SimilarControl","begin","start","begin-start","",""
"2235","62713a003caa3feec5c6a0ba","test_ConceptualMatch_Abstract","0","ConceptualMatchingOnly","loathe","cherish","loathe-cherish","ConceptualMatch:abstract","NegativeMismatch"
"2236","62713a003caa3feec5c6a0ba","control_MaxMatch_Positive_Abstract","48","MaxMatch","enlighten","admired","enlighten-admired","AbstractMatch","PositiveMatch"
"2237","62713a003caa3feec5c6a0ba","control_Dissimilar","18","DissimilarControl","open","close","open-close","",""
"2238","62713a003caa3feec5c6a0ba","control_Similar","98","SimilarControl","get","obtain","get-obtain","",""
"2239","62713a003caa3feec5c6a0ba","control_MaxMatch_Negative_Concrete","0","MaxMatch","slap","spit","slap-spit","ConcreteMatch","NegativeMatch"
"2240","62713a003caa3feec5c6a0ba","control_MaxMismatch","12","MaxMismatch","criticize","justify","criticize-justify","AbstractMismatch","NegativeMismatch"
"2241","62713a003caa3feec5c6a0ba","control_MaxMatch_Negative_Abstract","33","MaxMatch","befall","resent","befall-resent","AbstractMatch","NegativeMatch"
"2242","62713a003caa3feec5c6a0ba","control_MaxMatch_Positive_Concrete","0","MaxMatch","cuddle","sail","cuddle-sail","ConcreteMatch","PositiveMatch"
"2243","62713a003caa3feec5c6a0ba","test_ConceptualMatch_Concrete","0","ConceptualMatchingOnly","sail","stab","sail-stab","ConceptualMatch:concrete","PositiveMismatch"
"2244","62713a003caa3feec5c6a0ba","test_ValenceMatch_Negative","0","ValenceMatchingOnly","puke","resent","puke-resent","ConcreteMismatch","NegativeMatch"
"2245","62713a003caa3feec5c6a0ba","control_Dissimilar","8","DissimilarControl","begin","end","begin-end","",""
"2246","62713a003caa3feec5c6a0ba","test_ValenceMatch_Positive","12","ValenceMatchingOnly","hug","enlighten","hug-enlighten","ConcreteMismatch","PositiveMatch"
"2247","62713a003caa3feec5c6a0ba","control_Similar","99","SimilarControl","speak","talk","speak-talk","",""
"2248","62713a003caa3feec5c6a0ba","test_ConceptualMatch_Abstract","0","ConceptualMatchingOnly","resent","cherish","resent-cherish","ConceptualMatch:abstract","NegativeMismatch"
"2249","62713a003caa3feec5c6a0ba","control_MaxMatch_Positive_Abstract","77","MaxMatch","believe","fulfill","believe-fulfill","AbstractMatch","PositiveMatch"
"2250","62713a003caa3feec5c6a0ba","control_Dissimilar","7","DissimilarControl","enter","exit","enter-exit","",""
"2251","62713a003caa3feec5c6a0ba","control_Similar","99","SimilarControl","end","finish","end-finish","",""
"2252","62713a003caa3feec5c6a0ba","control_MaxMatch_Negative_Concrete","12","MaxMatch","scratch","smack","scratch-smack","ConcreteMatch","NegativeMatch"
"2253","62713a003caa3feec5c6a0ba","control_MaxMismatch","0","MaxMismatch","resent","justify","resent-justify","AbstractMismatch","NegativeMismatch"
"2254","62713a003caa3feec5c6a0ba","control_MaxMatch_Negative_Abstract","78","MaxMatch","befall","loathe","befall-loathe","AbstractMatch","NegativeMatch"
"2255","62713a003caa3feec5c6a0ba","control_MaxMatch_Positive_Concrete","0","MaxMatch","eat","hug","eat-hug","ConcreteMatch","PositiveMatch"
"2256","62713a003caa3feec5c6a0ba","test_ConceptualMatch_Concrete","0","ConceptualMatchingOnly","kiss","scratch","kiss-scratch","ConceptualMatch:concrete","PositiveMismatch"
"2257","62713a003caa3feec5c6a0ba","test_ValenceMatch_Negative","0","ValenceMatchingOnly","vomit","annoy","vomit-annoy","ConcreteMismatch","NegativeMatch"
"2258","62713a003caa3feec5c6a0ba","control_Dissimilar","8","DissimilarControl","add","remove","add-remove","",""
"2259","62713a003caa3feec5c6a0ba","test_ValenceMatch_Positive","0","ValenceMatchingOnly","cuddle","imagine","cuddle-imagine","ConcreteMismatch","PositiveMatch"
"2260","62713a003caa3feec5c6a0ba","control_Similar","89","SimilarControl","use","employ","use-employ","",""
"2261","62713a003caa3feec5c6a0ba","test_ConceptualMatch_Abstract","61","ConceptualMatchingOnly","worry","believe","worry-believe","ConceptualMatch:abstract","NegativeMismatch"
"2262","62713a003caa3feec5c6a0ba","control_MaxMatch_Positive_Abstract","78","MaxMatch","enlighten","esteem","enlighten-esteem","AbstractMatch","PositiveMatch"
"2263","62713a003caa3feec5c6a0ba","control_Dissimilar","8","DissimilarControl","give","take","give-take","",""
"2264","62713a003caa3feec5c6a0ba","control_Similar","99","SimilarControl","help","assist","help-assist","",""
"2265","62713a003caa3feec5c6a0ba","control_MaxMatch_Negative_Concrete","52","MaxMatch","bleed","scratch","bleed-scratch","ConcreteMatch","NegativeMatch"
"2266","62713a003caa3feec5c6a0ba","control_MaxMismatch","0","MaxMismatch","exploit","cherish","exploit-cherish","AbstractMismatch","NegativeMismatch"
"2267","62713a003caa3feec5c6a0ba","control_MaxMatch_Negative_Abstract","46","MaxMatch","exploit","scorn","exploit-scorn","AbstractMatch","NegativeMatch"
"2268","62713a003caa3feec5c6a0ba","control_MaxMatch_Positive_Concrete","0","MaxMatch","hug","sail","hug-sail","ConcreteMatch","PositiveMatch"
"2269","62713a003caa3feec5c6a0ba","test_ConceptualMatch_Concrete","6","ConceptualMatchingOnly","hug","smack","hug-smack","ConceptualMatch:concrete","PositiveMismatch"
"2270","62713a003caa3feec5c6a0ba","test_ValenceMatch_Negative","0","ValenceMatchingOnly","slap","obsess","slap-obsess","ConcreteMismatch","NegativeMatch"
"2271","62713a003caa3feec5c6a0ba","control_Dissimilar","13","DissimilarControl","push","pull","push-pull","",""
"2272","62713a003caa3feec5c6a0ba","test_ValenceMatch_Positive","78","ValenceMatchingOnly","hug","cherish","hug-cherish","ConcreteMismatch","PositiveMatch"
"2273","62713a003caa3feec5c6a0ba","control_Similar","99","SimilarControl","need","require","need-require","",""
"2274","62713a003caa3feec5c6a0ba","test_ConceptualMatch_Abstract","0","ConceptualMatchingOnly","violate","believe","violate-believe","ConceptualMatch:abstract","NegativeMismatch"
"2275","62713a003caa3feec5c6a0ba","control_MaxMatch_Positive_Abstract","85","MaxMatch","imagine","hope","imagine-hope","AbstractMatch","PositiveMatch"
"2276","565bff58c121fe0005fc390d","control_Dissimilar","0","DissimilarControl","rise","fall","rise-fall","",""
"2277","565bff58c121fe0005fc390d","control_Similar","99","SimilarControl","ask","inquire","ask-inquire","",""
"2278","565bff58c121fe0005fc390d","control_MaxMatch_Positive_Concrete","0","MaxMatch","cuddle","eat","cuddle-eat","ConcreteMatch","PositiveMatch"
"2279","565bff58c121fe0005fc390d","control_MaxMismatch","14","MaxMismatch","befall","believe","befall-believe","AbstractMismatch","NegativeMismatch"
"2280","565bff58c121fe0005fc390d","control_MaxMatch_Negative_Concrete","4","MaxMatch","kill","scratch","kill-scratch","ConcreteMatch","NegativeMatch"
"2281","565bff58c121fe0005fc390d","control_Dissimilar","0","DissimilarControl","add","remove","add-remove","",""
"2282","565bff58c121fe0005fc390d","test_ConceptualMatch_Abstract","0","ConceptualMatchingOnly","loathe","believe","loathe-believe","ConceptualMatch:abstract","NegativeMismatch"
"2283","565bff58c121fe0005fc390d","control_MaxMatch_Negative_Abstract","34","MaxMatch","exploit","scorn","exploit-scorn","AbstractMatch","NegativeMatch"
"2284","565bff58c121fe0005fc390d","test_ValenceMatch_Negative","99","ValenceMatchingOnly","slap","befall","slap-befall","ConcreteMismatch","NegativeMatch"
"2285","565bff58c121fe0005fc390d","test_ValenceMatch_Positive","99","ValenceMatchingOnly","kiss","cherish","kiss-cherish","ConcreteMismatch","PositiveMatch"
"2286","565bff58c121fe0005fc390d","control_Similar","99","SimilarControl","speak","talk","speak-talk","",""
"2287","565bff58c121fe0005fc390d","test_ConceptualMatch_Concrete","0","ConceptualMatchingOnly","eat","puke","eat-puke","ConceptualMatch:concrete","PositiveMismatch"
"2288","565bff58c121fe0005fc390d","control_MaxMatch_Positive_Abstract","99","MaxMatch","cherish","respect","cherish-respect","AbstractMatch","PositiveMatch"
"2289","565bff58c121fe0005fc390d","control_Dissimilar","0","DissimilarControl","enter","exit","enter-exit","",""
"2290","565bff58c121fe0005fc390d","control_Similar","99","SimilarControl","buy","purchase","buy-purchase","",""
"2291","565bff58c121fe0005fc390d","control_MaxMatch_Positive_Concrete","0","MaxMatch","eat","smile","eat-smile","ConcreteMatch","PositiveMatch"
"2292","565bff58c121fe0005fc390d","control_MaxMismatch","0","MaxMismatch","criticize","enlighten","criticize-enlighten","AbstractMismatch","NegativeMismatch"
"2293","565bff58c121fe0005fc390d","control_MaxMatch_Negative_Concrete","93","MaxMatch","puke","spit","puke-spit","ConcreteMatch","NegativeMatch"
"2294","565bff58c121fe0005fc390d","control_Dissimilar","0","DissimilarControl","increase","decrease","increase-decrease","",""
"2295","565bff58c121fe0005fc390d","test_ConceptualMatch_Abstract","0","ConceptualMatchingOnly","befall","enlighten","befall-enlighten","ConceptualMatch:abstract","NegativeMismatch"
"2296","565bff58c121fe0005fc390d","control_MaxMatch_Negative_Abstract","0","MaxMatch","loathe","obsess","loathe-obsess","AbstractMatch","NegativeMatch"
"2297","565bff58c121fe0005fc390d","test_ValenceMatch_Negative","14","ValenceMatchingOnly","kill","worry","kill-worry","ConcreteMismatch","NegativeMatch"
"2298","565bff58c121fe0005fc390d","test_ValenceMatch_Positive","81","ValenceMatchingOnly","hug","enlighten","hug-enlighten","ConcreteMismatch","PositiveMatch"
"2299","565bff58c121fe0005fc390d","control_Similar","99","SimilarControl","get","obtain","get-obtain","",""
"2300","565bff58c121fe0005fc390d","test_ConceptualMatch_Concrete","0","ConceptualMatchingOnly","cook","smack","cook-smack","ConceptualMatch:concrete","PositiveMismatch"
"2301","565bff58c121fe0005fc390d","control_MaxMatch_Positive_Abstract","93","MaxMatch","admired","hope","admired-hope","AbstractMatch","PositiveMatch"
"2302","565bff58c121fe0005fc390d","control_Dissimilar","0","DissimilarControl","open","close","open-close","",""
"2303","565bff58c121fe0005fc390d","control_Similar","99","SimilarControl","end","finish","end-finish","",""
"2304","565bff58c121fe0005fc390d","control_MaxMatch_Positive_Concrete","80","MaxMatch","cuddle","smile","cuddle-smile","ConcreteMatch","PositiveMatch"
"2305","565bff58c121fe0005fc390d","control_MaxMismatch","0","MaxMismatch","annoy","fulfill","annoy-fulfill","AbstractMismatch","NegativeMismatch"
"2306","565bff58c121fe0005fc390d","control_MaxMatch_Negative_Concrete","9","MaxMatch","kill","slap","kill-slap","ConcreteMatch","NegativeMatch"
"2307","565bff58c121fe0005fc390d","control_Dissimilar","0","DissimilarControl","give","take","give-take","",""
"2308","565bff58c121fe0005fc390d","test_ConceptualMatch_Abstract","48","ConceptualMatchingOnly","obsess","justify","obsess-justify","ConceptualMatch:abstract","NegativeMismatch"
"2309","565bff58c121fe0005fc390d","control_MaxMatch_Negative_Abstract","99","MaxMatch","loathe","resent","loathe-resent","AbstractMatch","NegativeMatch"
"2310","565bff58c121fe0005fc390d","test_ValenceMatch_Negative","0","ValenceMatchingOnly","spit","resent","spit-resent","ConcreteMismatch","NegativeMatch"
"2311","565bff58c121fe0005fc390d","test_ValenceMatch_Positive","0","ValenceMatchingOnly","swing","believe","swing-believe","ConcreteMismatch","PositiveMatch"
"2312","565bff58c121fe0005fc390d","control_Similar","99","SimilarControl","help","assist","help-assist","",""
"2313","565bff58c121fe0005fc390d","test_ConceptualMatch_Concrete","0","ConceptualMatchingOnly","hug","kill","hug-kill","ConceptualMatch:concrete","PositiveMismatch"
"2314","565bff58c121fe0005fc390d","control_MaxMatch_Positive_Abstract","0","MaxMatch","justify","respect","justify-respect","AbstractMatch","PositiveMatch"
"2315","565bff58c121fe0005fc390d","control_Dissimilar","0","DissimilarControl","begin","end","begin-end","",""
"2316","565bff58c121fe0005fc390d","control_Similar","99","SimilarControl","begin","start","begin-start","",""
"2317","565bff58c121fe0005fc390d","control_MaxMatch_Positive_Concrete","0","MaxMatch","eat","kiss","eat-kiss","ConcreteMatch","PositiveMatch"
"2318","565bff58c121fe0005fc390d","control_MaxMismatch","0","MaxMismatch","befall","hope","befall-hope","AbstractMismatch","NegativeMismatch"
"2319","565bff58c121fe0005fc390d","control_MaxMatch_Negative_Concrete","0","MaxMatch","kill","spit","kill-spit","ConcreteMatch","NegativeMatch"
"2320","565bff58c121fe0005fc390d","control_Dissimilar","0","DissimilarControl","push","pull","push-pull","",""
"2321","565bff58c121fe0005fc390d","test_ConceptualMatch_Abstract","0","ConceptualMatchingOnly","exploit","admired","exploit-admired","ConceptualMatch:abstract","NegativeMismatch"
"2322","565bff58c121fe0005fc390d","control_MaxMatch_Negative_Abstract","99","MaxMatch","annoy","worry","annoy-worry","AbstractMatch","NegativeMatch"
"2323","565bff58c121fe0005fc390d","test_ValenceMatch_Negative","56","ValenceMatchingOnly","smack","befall","smack-befall","ConcreteMismatch","NegativeMatch"
"2324","565bff58c121fe0005fc390d","test_ValenceMatch_Positive","13","ValenceMatchingOnly","kiss","fulfill","kiss-fulfill","ConcreteMismatch","PositiveMatch"
"2325","565bff58c121fe0005fc390d","control_Similar","99","SimilarControl","use","employ","use-employ","",""
"2326","565bff58c121fe0005fc390d","test_ConceptualMatch_Concrete","0","ConceptualMatchingOnly","running","slap","running-slap","ConceptualMatch:concrete","PositiveMismatch"
"2327","565bff58c121fe0005fc390d","control_MaxMatch_Positive_Abstract","57","MaxMatch","admired","justify","admired-justify","AbstractMatch","PositiveMatch"
"2328","565bff58c121fe0005fc390d","control_Dissimilar","0","DissimilarControl","come","go","come-go","",""
"2329","565bff58c121fe0005fc390d","control_Similar","99","SimilarControl","need","require","need-require","",""
"2330","565bff58c121fe0005fc390d","control_MaxMatch_Positive_Concrete","59","MaxMatch","hug","kiss","hug-kiss","ConcreteMatch","PositiveMatch"
"2331","565bff58c121fe0005fc390d","control_MaxMismatch","25","MaxMismatch","obsess","fulfill","obsess-fulfill","AbstractMismatch","NegativeMismatch"
"2332","565bff58c121fe0005fc390d","control_MaxMatch_Negative_Concrete","0","MaxMatch","scratch","slap","scratch-slap","ConcreteMatch","NegativeMatch"
"2333","565bff58c121fe0005fc390d","control_Dissimilar","0","DissimilarControl","arrive","leave","arrive-leave","",""
"2334","565bff58c121fe0005fc390d","test_ConceptualMatch_Abstract","0","ConceptualMatchingOnly","exploit","esteem","exploit-esteem","ConceptualMatch:abstract","NegativeMismatch"
"2335","565bff58c121fe0005fc390d","control_MaxMatch_Negative_Abstract","99","MaxMatch","exploit","violate","exploit-violate","AbstractMatch","NegativeMatch"
"2336","565bff58c121fe0005fc390d","test_ValenceMatch_Negative","73","ValenceMatchingOnly","kill","scorn","kill-scorn","ConcreteMismatch","NegativeMatch"
"2337","565bff58c121fe0005fc390d","test_ValenceMatch_Positive","0","ValenceMatchingOnly","swing","cherish","swing-cherish","ConcreteMismatch","PositiveMatch"
"2338","565bff58c121fe0005fc390d","control_Similar","99","SimilarControl","show","display","show-display","",""
"2339","565bff58c121fe0005fc390d","test_ConceptualMatch_Concrete","0","ConceptualMatchingOnly","eat","bleed","eat-bleed","ConceptualMatch:concrete","PositiveMismatch"
"2340","565bff58c121fe0005fc390d","control_MaxMatch_Positive_Abstract","92","MaxMatch","fulfill","esteem","fulfill-esteem","AbstractMatch","PositiveMatch"
"2341","5fc7a6aaa7646c0009521161","control_Dissimilar","0","DissimilarControl","rise","fall","rise-fall","",""
"2342","5fc7a6aaa7646c0009521161","control_Similar","99","SimilarControl","get","obtain","get-obtain","",""
"2343","5fc7a6aaa7646c0009521161","test_ValenceMatch_Negative","66","ValenceMatchingOnly","slap","loathe","slap-loathe","ConcreteMismatch","NegativeMatch"
"2344","5fc7a6aaa7646c0009521161","control_MaxMatch_Positive_Abstract","63","MaxMatch","enlighten","hope","enlighten-hope","AbstractMatch","PositiveMatch"
"2345","5fc7a6aaa7646c0009521161","control_MaxMismatch","26","MaxMismatch","exploit","enlighten","exploit-enlighten","AbstractMismatch","NegativeMismatch"
"2346","5fc7a6aaa7646c0009521161","control_Dissimilar","0","DissimilarControl","come","go","come-go","",""
"2347","5fc7a6aaa7646c0009521161","control_Similar","99","SimilarControl","use","employ","use-employ","",""
"2348","5fc7a6aaa7646c0009521161","control_MaxMatch_Positive_Concrete","70","MaxMatch","running","swing","running-swing","ConcreteMatch","PositiveMatch"
"2349","5fc7a6aaa7646c0009521161","test_ConceptualMatch_Concrete","24","ConceptualMatchingOnly","cuddle","murder","cuddle-murder","ConceptualMatch:concrete","PositiveMismatch"
"2350","5fc7a6aaa7646c0009521161","control_MaxMatch_Negative_Concrete","79","MaxMatch","spit","vomit","spit-vomit","ConcreteMatch","NegativeMatch"
"2351","5fc7a6aaa7646c0009521161","test_ValenceMatch_Positive","33","ValenceMatchingOnly","swing","justify","swing-justify","ConcreteMismatch","PositiveMatch"
"2352","5fc7a6aaa7646c0009521161","test_ConceptualMatch_Abstract","0","ConceptualMatchingOnly","violate","respect","violate-respect","ConceptualMatch:abstract","NegativeMismatch"
"2353","5fc7a6aaa7646c0009521161","control_MaxMatch_Negative_Abstract","40","MaxMatch","resent","worry","resent-worry","AbstractMatch","NegativeMatch"
"2354","5fc7a6aaa7646c0009521161","control_Dissimilar","0","DissimilarControl","arrive","leave","arrive-leave","",""
"2355","5fc7a6aaa7646c0009521161","control_Similar","99","SimilarControl","ask","inquire","ask-inquire","",""
"2356","5fc7a6aaa7646c0009521161","test_ValenceMatch_Negative","66","ValenceMatchingOnly","kill","resent","kill-resent","ConcreteMismatch","NegativeMatch"
"2357","5fc7a6aaa7646c0009521161","control_MaxMatch_Positive_Abstract","84","MaxMatch","cherish","hope","cherish-hope","AbstractMatch","PositiveMatch"
"2358","5fc7a6aaa7646c0009521161","control_MaxMismatch","15","MaxMismatch","scorn","enlighten","scorn-enlighten","AbstractMismatch","NegativeMismatch"
"2359","5fc7a6aaa7646c0009521161","control_Dissimilar","0","DissimilarControl","open","close","open-close","",""
"2360","5fc7a6aaa7646c0009521161","control_Similar","99","SimilarControl","need","require","need-require","",""
"2361","5fc7a6aaa7646c0009521161","control_MaxMatch_Positive_Concrete","46","MaxMatch","cook","hug","cook-hug","ConcreteMatch","PositiveMatch"
"2362","5fc7a6aaa7646c0009521161","test_ConceptualMatch_Concrete","46","ConceptualMatchingOnly","cook","spit","cook-spit","ConceptualMatch:concrete","PositiveMismatch"
"2363","5fc7a6aaa7646c0009521161","control_MaxMatch_Negative_Concrete","45","MaxMatch","scratch","spit","scratch-spit","ConcreteMatch","NegativeMatch"
"2364","5fc7a6aaa7646c0009521161","test_ValenceMatch_Positive","47","ValenceMatchingOnly","kiss","imagine","kiss-imagine","ConcreteMismatch","PositiveMatch"
"2365","5fc7a6aaa7646c0009521161","test_ConceptualMatch_Abstract","27","ConceptualMatchingOnly","obsess","fulfill","obsess-fulfill","ConceptualMatch:abstract","NegativeMismatch"
"2366","5fc7a6aaa7646c0009521161","control_MaxMatch_Negative_Abstract","81","MaxMatch","loathe","scorn","loathe-scorn","AbstractMatch","NegativeMatch"
"2367","5fc7a6aaa7646c0009521161","control_Dissimilar","0","DissimilarControl","give","take","give-take","",""
"2368","5fc7a6aaa7646c0009521161","control_Similar","99","SimilarControl","begin","start","begin-start","",""
"2369","5fc7a6aaa7646c0009521161","test_ValenceMatch_Negative","46","ValenceMatchingOnly","scratch","worry","scratch-worry","ConcreteMismatch","NegativeMatch"
"2370","5fc7a6aaa7646c0009521161","control_MaxMatch_Positive_Abstract","43","MaxMatch","imagine","esteem","imagine-esteem","AbstractMatch","PositiveMatch"
"2371","5fc7a6aaa7646c0009521161","control_MaxMismatch","99","MaxMismatch","obsess","cherish","obsess-cherish","AbstractMismatch","NegativeMismatch"
"2372","5fc7a6aaa7646c0009521161","control_Dissimilar","0","DissimilarControl","increase","decrease","increase-decrease","",""
"2373","5fc7a6aaa7646c0009521161","control_Similar","99","SimilarControl","buy","purchase","buy-purchase","",""
"2374","5fc7a6aaa7646c0009521161","control_MaxMatch_Positive_Concrete","47","MaxMatch","build","eat","build-eat","ConcreteMatch","PositiveMatch"
"2375","5fc7a6aaa7646c0009521161","test_ConceptualMatch_Concrete","46","ConceptualMatchingOnly","build","slap","build-slap","ConceptualMatch:concrete","PositiveMismatch"
"2376","5fc7a6aaa7646c0009521161","control_MaxMatch_Negative_Concrete","57","MaxMatch","kill","scratch","kill-scratch","ConcreteMatch","NegativeMatch"
"2377","5fc7a6aaa7646c0009521161","test_ValenceMatch_Positive","48","ValenceMatchingOnly","cuddle","imagine","cuddle-imagine","ConcreteMismatch","PositiveMatch"
"2378","5fc7a6aaa7646c0009521161","test_ConceptualMatch_Abstract","45","ConceptualMatchingOnly","exploit","imagine","exploit-imagine","ConceptualMatch:abstract","NegativeMismatch"
"2379","5fc7a6aaa7646c0009521161","control_MaxMatch_Negative_Abstract","85","MaxMatch","annoy","resent","annoy-resent","AbstractMatch","NegativeMatch"
"2380","5fc7a6aaa7646c0009521161","control_Dissimilar","0","DissimilarControl","push","pull","push-pull","",""
"2381","5fc7a6aaa7646c0009521161","control_Similar","99","SimilarControl","end","finish","end-finish","",""
"2382","5fc7a6aaa7646c0009521161","test_ValenceMatch_Negative","78","ValenceMatchingOnly","smack","violate","smack-violate","ConcreteMismatch","NegativeMatch"
"2383","5fc7a6aaa7646c0009521161","control_MaxMatch_Positive_Abstract","92","MaxMatch","esteem","respect","esteem-respect","AbstractMatch","PositiveMatch"
"2384","5fc7a6aaa7646c0009521161","control_MaxMismatch","21","MaxMismatch","befall","fulfill","befall-fulfill","AbstractMismatch","NegativeMismatch"
"2385","5fc7a6aaa7646c0009521161","control_Dissimilar","0","DissimilarControl","add","remove","add-remove","",""
"2386","5fc7a6aaa7646c0009521161","control_Similar","99","SimilarControl","speak","talk","speak-talk","",""
"2387","5fc7a6aaa7646c0009521161","control_MaxMatch_Positive_Concrete","39","MaxMatch","eat","kiss","eat-kiss","ConcreteMatch","PositiveMatch"
"2388","5fc7a6aaa7646c0009521161","test_ConceptualMatch_Concrete","40","ConceptualMatchingOnly","swing","smack","swing-smack","ConceptualMatch:concrete","PositiveMismatch"
"2389","5fc7a6aaa7646c0009521161","control_MaxMatch_Negative_Concrete","43","MaxMatch","scratch","slap","scratch-slap","ConcreteMatch","NegativeMatch"
"2390","5fc7a6aaa7646c0009521161","test_ValenceMatch_Positive","39","ValenceMatchingOnly","hug","enlighten","hug-enlighten","ConcreteMismatch","PositiveMatch"
"2391","5fc7a6aaa7646c0009521161","test_ConceptualMatch_Abstract","43","ConceptualMatchingOnly","violate","hope","violate-hope","ConceptualMatch:abstract","NegativeMismatch"
"2392","5fc7a6aaa7646c0009521161","control_MaxMatch_Negative_Abstract","69","MaxMatch","criticize","loathe","criticize-loathe","AbstractMatch","NegativeMatch"
"2393","5fc7a6aaa7646c0009521161","control_Dissimilar","0","DissimilarControl","begin","end","begin-end","",""
"2394","5fc7a6aaa7646c0009521161","control_Similar","99","SimilarControl","show","display","show-display","",""
"2395","5fc7a6aaa7646c0009521161","test_ValenceMatch_Negative","57","ValenceMatchingOnly","stab","scorn","stab-scorn","ConcreteMismatch","NegativeMatch"
"2396","5fc7a6aaa7646c0009521161","control_MaxMatch_Positive_Abstract","57","MaxMatch","fulfill","justify","fulfill-justify","AbstractMatch","PositiveMatch"
"2397","5fc7a6aaa7646c0009521161","control_MaxMismatch","30","MaxMismatch","criticize","believe","criticize-believe","AbstractMismatch","NegativeMismatch"
"2398","5fc7a6aaa7646c0009521161","control_Dissimilar","0","DissimilarControl","enter","exit","enter-exit","",""
"2399","5fc7a6aaa7646c0009521161","control_Similar","99","SimilarControl","help","assist","help-assist","",""
"2400","5fc7a6aaa7646c0009521161","control_MaxMatch_Positive_Concrete","45","MaxMatch","cuddle","running","cuddle-running","ConcreteMatch","PositiveMatch"
"2401","5fc7a6aaa7646c0009521161","test_ConceptualMatch_Concrete","44","ConceptualMatchingOnly","cuddle","bleed","cuddle-bleed","ConceptualMatch:concrete","PositiveMismatch"
"2402","5fc7a6aaa7646c0009521161","control_MaxMatch_Negative_Concrete","55","MaxMatch","murder","scratch","murder-scratch","ConcreteMatch","NegativeMatch"
"2403","5fc7a6aaa7646c0009521161","test_ValenceMatch_Positive","39","ValenceMatchingOnly","swing","respect","swing-respect","ConcreteMismatch","PositiveMatch"
"2404","5fc7a6aaa7646c0009521161","test_ConceptualMatch_Abstract","42","ConceptualMatchingOnly","loathe","hope","loathe-hope","ConceptualMatch:abstract","NegativeMismatch"
"2405","5fc7a6aaa7646c0009521161","control_MaxMatch_Negative_Abstract","69","MaxMatch","befall","violate","befall-violate","AbstractMatch","NegativeMatch"
"2406","6554ea27378d1f1b846788b3","control_Dissimilar","0","DissimilarControl","begin","end","begin-end","",""
"2407","6554ea27378d1f1b846788b3","control_Similar","90","SimilarControl","need","require","need-require","",""
"2408","6554ea27378d1f1b846788b3","test_ConceptualMatch_Concrete","10","ConceptualMatchingOnly","swing","slap","swing-slap","ConceptualMatch:concrete","PositiveMismatch"
"2409","6554ea27378d1f1b846788b3","control_Dissimilar","2","DissimilarControl","arrive","leave","arrive-leave","",""
"2410","6554ea27378d1f1b846788b3","control_MaxMatch_Negative_Concrete","0","MaxMatch","murder","vomit","murder-vomit","ConcreteMatch","NegativeMatch"
"2411","6554ea27378d1f1b846788b3","control_Similar","86","SimilarControl","show","display","show-display","",""
"2412","6554ea27378d1f1b846788b3","control_MaxMatch_Positive_Abstract","16","MaxMatch","enlighten","fulfill","enlighten-fulfill","AbstractMatch","PositiveMatch"
"2413","6554ea27378d1f1b846788b3","control_MaxMatch_Negative_Abstract","10","MaxMatch","exploit","obsess","exploit-obsess","AbstractMatch","NegativeMatch"
"2414","6554ea27378d1f1b846788b3","control_MaxMismatch","1","MaxMismatch","criticize","justify","criticize-justify","AbstractMismatch","NegativeMismatch"
"2415","6554ea27378d1f1b846788b3","test_ValenceMatch_Negative","0","ValenceMatchingOnly","scratch","loathe","scratch-loathe","ConcreteMismatch","NegativeMatch"
"2416","6554ea27378d1f1b846788b3","test_ConceptualMatch_Abstract","1","ConceptualMatchingOnly","loathe","cherish","loathe-cherish","ConceptualMatch:abstract","NegativeMismatch"
"2417","6554ea27378d1f1b846788b3","control_MaxMatch_Positive_Concrete","2","MaxMatch","cuddle","eat","cuddle-eat","ConcreteMatch","PositiveMatch"
"2418","6554ea27378d1f1b846788b3","test_ValenceMatch_Positive","5","ValenceMatchingOnly","build","admired","build-admired","ConcreteMismatch","PositiveMatch"
"2419","6554ea27378d1f1b846788b3","control_Dissimilar","0","DissimilarControl","come","go","come-go","",""
"2420","6554ea27378d1f1b846788b3","control_Similar","93","SimilarControl","speak","talk","speak-talk","",""
"2421","6554ea27378d1f1b846788b3","test_ConceptualMatch_Concrete","2","ConceptualMatchingOnly","cook","bleed","cook-bleed","ConceptualMatch:concrete","PositiveMismatch"
"2422","6554ea27378d1f1b846788b3","control_Dissimilar","0","DissimilarControl","rise","fall","rise-fall","",""
"2423","6554ea27378d1f1b846788b3","control_MaxMatch_Negative_Concrete","4","MaxMatch","murder","spit","murder-spit","ConcreteMatch","NegativeMatch"
"2424","6554ea27378d1f1b846788b3","control_Similar","79","SimilarControl","end","finish","end-finish","",""
"2425","6554ea27378d1f1b846788b3","control_MaxMatch_Positive_Abstract","21","MaxMatch","esteem","justify","esteem-justify","AbstractMatch","PositiveMatch"
"2426","6554ea27378d1f1b846788b3","control_MaxMatch_Negative_Abstract","16","MaxMatch","criticize","scorn","criticize-scorn","AbstractMatch","NegativeMatch"
"2427","6554ea27378d1f1b846788b3","control_MaxMismatch","9","MaxMismatch","befall","imagine","befall-imagine","AbstractMismatch","NegativeMismatch"
"2428","6554ea27378d1f1b846788b3","test_ValenceMatch_Negative","5","ValenceMatchingOnly","vomit","obsess","vomit-obsess","ConcreteMismatch","NegativeMatch"
"2429","6554ea27378d1f1b846788b3","test_ConceptualMatch_Abstract","0","ConceptualMatchingOnly","criticize","cherish","criticize-cherish","ConceptualMatch:abstract","NegativeMismatch"
"2430","6554ea27378d1f1b846788b3","control_MaxMatch_Positive_Concrete","0","MaxMatch","eat","hug","eat-hug","ConcreteMatch","PositiveMatch"
"2431","6554ea27378d1f1b846788b3","test_ValenceMatch_Positive","0","ValenceMatchingOnly","swing","cherish","swing-cherish","ConcreteMismatch","PositiveMatch"
"2432","6554ea27378d1f1b846788b3","control_Dissimilar","0","DissimilarControl","enter","exit","enter-exit","",""
"2433","6554ea27378d1f1b846788b3","control_Similar","78","SimilarControl","help","assist","help-assist","",""
"2434","6554ea27378d1f1b846788b3","test_ConceptualMatch_Concrete","2","ConceptualMatchingOnly","sail","kill","sail-kill","ConceptualMatch:concrete","PositiveMismatch"
"2435","6554ea27378d1f1b846788b3","control_Dissimilar","7","DissimilarControl","push","pull","push-pull","",""
"2436","6554ea27378d1f1b846788b3","control_MaxMatch_Negative_Concrete","7","MaxMatch","puke","scratch","puke-scratch","ConcreteMatch","NegativeMatch"
"2437","6554ea27378d1f1b846788b3","control_Similar","12","SimilarControl","use","employ","use-employ","",""
"2438","6554ea27378d1f1b846788b3","control_MaxMatch_Positive_Abstract","14","MaxMatch","justify","respect","justify-respect","AbstractMatch","PositiveMatch"
"2439","6554ea27378d1f1b846788b3","control_MaxMatch_Negative_Abstract","20","MaxMatch","resent","scorn","resent-scorn","AbstractMatch","NegativeMatch"
"2440","6554ea27378d1f1b846788b3","control_MaxMismatch","10","MaxMismatch","resent","admired","resent-admired","AbstractMismatch","NegativeMismatch"
"2441","6554ea27378d1f1b846788b3","test_ValenceMatch_Negative","11","ValenceMatchingOnly","murder","loathe","murder-loathe","ConcreteMismatch","NegativeMatch"
"2442","6554ea27378d1f1b846788b3","test_ConceptualMatch_Abstract","1","ConceptualMatchingOnly","violate","fulfill","violate-fulfill","ConceptualMatch:abstract","NegativeMismatch"
"2443","6554ea27378d1f1b846788b3","control_MaxMatch_Positive_Concrete","17","MaxMatch","hug","running","hug-running","ConcreteMatch","PositiveMatch"
"2444","6554ea27378d1f1b846788b3","test_ValenceMatch_Positive","9","ValenceMatchingOnly","cook","admired","cook-admired","ConcreteMismatch","PositiveMatch"
"2445","6554ea27378d1f1b846788b3","control_Dissimilar","0","DissimilarControl","increase","decrease","increase-decrease","",""
"2446","6554ea27378d1f1b846788b3","control_Similar","76","SimilarControl","ask","inquire","ask-inquire","",""
"2447","6554ea27378d1f1b846788b3","test_ConceptualMatch_Concrete","2","ConceptualMatchingOnly","cuddle","stab","cuddle-stab","ConceptualMatch:concrete","PositiveMismatch"
"2448","6554ea27378d1f1b846788b3","control_Dissimilar","5","DissimilarControl","add","remove","add-remove","",""
"2449","6554ea27378d1f1b846788b3","control_MaxMatch_Negative_Concrete","0","MaxMatch","murder","scratch","murder-scratch","ConcreteMatch","NegativeMatch"
"2450","6554ea27378d1f1b846788b3","control_Similar","74","SimilarControl","get","obtain","get-obtain","",""
"2451","6554ea27378d1f1b846788b3","control_MaxMatch_Positive_Abstract","37","MaxMatch","imagine","enlighten","imagine-enlighten","AbstractMatch","PositiveMatch"
"2452","6554ea27378d1f1b846788b3","control_MaxMatch_Negative_Abstract","10","MaxMatch","exploit","scorn","exploit-scorn","AbstractMatch","NegativeMatch"
"2453","6554ea27378d1f1b846788b3","control_MaxMismatch","1","MaxMismatch","resent","enlighten","resent-enlighten","AbstractMismatch","NegativeMismatch"
"2454","6554ea27378d1f1b846788b3","test_ValenceMatch_Negative","5","ValenceMatchingOnly","stab","scorn","stab-scorn","ConcreteMismatch","NegativeMatch"
"2455","6554ea27378d1f1b846788b3","test_ConceptualMatch_Abstract","4","ConceptualMatchingOnly","violate","admired","violate-admired","ConceptualMatch:abstract","NegativeMismatch"
"2456","6554ea27378d1f1b846788b3","control_MaxMatch_Positive_Concrete","5","MaxMatch","build","swing","build-swing","ConcreteMatch","PositiveMatch"
"2457","6554ea27378d1f1b846788b3","test_ValenceMatch_Positive","1","ValenceMatchingOnly","smile","justify","smile-justify","ConcreteMismatch","PositiveMatch"
"2458","6554ea27378d1f1b846788b3","control_Dissimilar","0","DissimilarControl","give","take","give-take","",""
"2459","6554ea27378d1f1b846788b3","control_Similar","95","SimilarControl","begin","start","begin-start","",""
"2460","6554ea27378d1f1b846788b3","test_ConceptualMatch_Concrete","0","ConceptualMatchingOnly","sail","smack","sail-smack","ConceptualMatch:concrete","PositiveMismatch"
"2461","6554ea27378d1f1b846788b3","control_Dissimilar","3","DissimilarControl","open","close","open-close","",""
"2462","6554ea27378d1f1b846788b3","control_MaxMatch_Negative_Concrete","1","MaxMatch","slap","smack","slap-smack","ConcreteMatch","NegativeMatch"
"2463","6554ea27378d1f1b846788b3","control_Similar","93","SimilarControl","buy","purchase","buy-purchase","",""
"2464","6554ea27378d1f1b846788b3","control_MaxMatch_Positive_Abstract","0","MaxMatch","cherish","respect","cherish-respect","AbstractMatch","PositiveMatch"
"2465","6554ea27378d1f1b846788b3","control_MaxMatch_Negative_Abstract","0","MaxMatch","exploit","resent","exploit-resent","AbstractMatch","NegativeMatch"
"2466","6554ea27378d1f1b846788b3","control_MaxMismatch","0","MaxMismatch","obsess","esteem","obsess-esteem","AbstractMismatch","NegativeMismatch"
"2467","6554ea27378d1f1b846788b3","test_ValenceMatch_Negative","0","ValenceMatchingOnly","slap","exploit","slap-exploit","ConcreteMismatch","NegativeMatch"
"2468","6554ea27378d1f1b846788b3","test_ConceptualMatch_Abstract","0","ConceptualMatchingOnly","exploit","cherish","exploit-cherish","ConceptualMatch:abstract","NegativeMismatch"
"2469","6554ea27378d1f1b846788b3","control_MaxMatch_Positive_Concrete","0","MaxMatch","hug","smile","hug-smile","ConcreteMatch","PositiveMatch"
"2470","6554ea27378d1f1b846788b3","test_ValenceMatch_Positive","0","ValenceMatchingOnly","kiss","justify","kiss-justify","ConcreteMismatch","PositiveMatch"
"2471","67db97028df2eae13fa41bdd","control_Dissimilar","0","DissimilarControl","open","close","open-close","",""
"2472","67db97028df2eae13fa41bdd","control_Similar","99","SimilarControl","help","assist","help-assist","",""
"2473","67db97028df2eae13fa41bdd","control_MaxMatch_Negative_Abstract","20","MaxMatch","obsess","resent","obsess-resent","AbstractMatch","NegativeMatch"
"2474","67db97028df2eae13fa41bdd","control_MaxMismatch","99","MaxMismatch","exploit","hope","exploit-hope","AbstractMismatch","NegativeMismatch"
"2475","67db97028df2eae13fa41bdd","test_ValenceMatch_Positive","0","ValenceMatchingOnly","eat","cherish","eat-cherish","ConcreteMismatch","PositiveMatch"
"2476","67db97028df2eae13fa41bdd","control_Dissimilar","51","DissimilarControl","add","remove","add-remove","",""
"2477","67db97028df2eae13fa41bdd","control_MaxMatch_Positive_Abstract","0","MaxMatch","imagine","fulfill","imagine-fulfill","AbstractMatch","PositiveMatch"
"2478","67db97028df2eae13fa41bdd","control_MaxMatch_Negative_Concrete","36","MaxMatch","puke","slap","puke-slap","ConcreteMatch","NegativeMatch"
"2479","67db97028df2eae13fa41bdd","control_MaxMatch_Positive_Concrete","0","MaxMatch","build","kiss","build-kiss","ConcreteMatch","PositiveMatch"
"2480","67db97028df2eae13fa41bdd","test_ValenceMatch_Negative","10","ValenceMatchingOnly","kill","obsess","kill-obsess","ConcreteMismatch","NegativeMatch"
"2481","67db97028df2eae13fa41bdd","test_ConceptualMatch_Concrete","7","ConceptualMatchingOnly","cook","scratch","cook-scratch","ConceptualMatch:concrete","PositiveMismatch"
"2482","67db97028df2eae13fa41bdd","control_Similar","99","SimilarControl","need","require","need-require","",""
"2483","67db97028df2eae13fa41bdd","test_ConceptualMatch_Abstract","0","ConceptualMatchingOnly","violate","respect","violate-respect","ConceptualMatch:abstract","NegativeMismatch"
"2484","67db97028df2eae13fa41bdd","control_Dissimilar","0","DissimilarControl","push","pull","push-pull","",""
"2485","67db97028df2eae13fa41bdd","control_Similar","99","SimilarControl","speak","talk","speak-talk","",""
"2486","67db97028df2eae13fa41bdd","control_MaxMatch_Negative_Abstract","93","MaxMatch","annoy","resent","annoy-resent","AbstractMatch","NegativeMatch"
"2487","67db97028df2eae13fa41bdd","control_MaxMismatch","0","MaxMismatch","exploit","admired","exploit-admired","AbstractMismatch","NegativeMismatch"
"2488","67db97028df2eae13fa41bdd","test_ValenceMatch_Positive","9","ValenceMatchingOnly","swing","imagine","swing-imagine","ConcreteMismatch","PositiveMatch"
"2489","67db97028df2eae13fa41bdd","control_Dissimilar","0","DissimilarControl","begin","end","begin-end","",""
"2490","67db97028df2eae13fa41bdd","control_MaxMatch_Positive_Abstract","0","MaxMatch","admired","believe","admired-believe","AbstractMatch","PositiveMatch"
"2491","67db97028df2eae13fa41bdd","control_MaxMatch_Negative_Concrete","3","MaxMatch","scratch","smack","scratch-smack","ConcreteMatch","NegativeMatch"
"2492","67db97028df2eae13fa41bdd","control_MaxMatch_Positive_Concrete","18","MaxMatch","hug","smile","hug-smile","ConcreteMatch","PositiveMatch"
"2493","67db97028df2eae13fa41bdd","test_ValenceMatch_Negative","0","ValenceMatchingOnly","murder","criticize","murder-criticize","ConcreteMismatch","NegativeMatch"
"2494","67db97028df2eae13fa41bdd","test_ConceptualMatch_Concrete","0","ConceptualMatchingOnly","hug","slap","hug-slap","ConceptualMatch:concrete","PositiveMismatch"
"2495","67db97028df2eae13fa41bdd","control_Similar","99","SimilarControl","show","display","show-display","",""
"2496","67db97028df2eae13fa41bdd","test_ConceptualMatch_Abstract","0","ConceptualMatchingOnly","befall","admired","befall-admired","ConceptualMatch:abstract","NegativeMismatch"
"2497","67db97028df2eae13fa41bdd","control_Dissimilar","0","DissimilarControl","arrive","leave","arrive-leave","",""
"2498","67db97028df2eae13fa41bdd","control_Similar","99","SimilarControl","buy","purchase","buy-purchase","",""
"2499","67db97028df2eae13fa41bdd","control_MaxMatch_Negative_Abstract","9","MaxMatch","befall","loathe","befall-loathe","AbstractMatch","NegativeMatch"
"2500","67db97028df2eae13fa41bdd","control_MaxMismatch","0","MaxMismatch","scorn","enlighten","scorn-enlighten","AbstractMismatch","NegativeMismatch"
"2501","67db97028df2eae13fa41bdd","test_ValenceMatch_Positive","0","ValenceMatchingOnly","hug","cherish","hug-cherish","ConcreteMismatch","PositiveMatch"
"2502","67db97028df2eae13fa41bdd","control_Dissimilar","0","DissimilarControl","enter","exit","enter-exit","",""
"2503","67db97028df2eae13fa41bdd","control_MaxMatch_Positive_Abstract","0","MaxMatch","enlighten","fulfill","enlighten-fulfill","AbstractMatch","PositiveMatch"
"2504","67db97028df2eae13fa41bdd","control_MaxMatch_Negative_Concrete","0","MaxMatch","kill","vomit","kill-vomit","ConcreteMatch","NegativeMatch"
"2505","67db97028df2eae13fa41bdd","control_MaxMatch_Positive_Concrete","0","MaxMatch","eat","smile","eat-smile","ConcreteMatch","PositiveMatch"
"2506","67db97028df2eae13fa41bdd","test_ValenceMatch_Negative","69","ValenceMatchingOnly","kill","violate","kill-violate","ConcreteMismatch","NegativeMatch"
"2507","67db97028df2eae13fa41bdd","test_ConceptualMatch_Concrete","0","ConceptualMatchingOnly","sail","vomit","sail-vomit","ConceptualMatch:concrete","PositiveMismatch"
"2508","67db97028df2eae13fa41bdd","control_Similar","0","SimilarControl","use","employ","use-employ","",""
"2509","67db97028df2eae13fa41bdd","test_ConceptualMatch_Abstract","0","ConceptualMatchingOnly","worry","respect","worry-respect","ConceptualMatch:abstract","NegativeMismatch"
"2510","67db97028df2eae13fa41bdd","control_Dissimilar","0","DissimilarControl","rise","fall","rise-fall","",""
"2511","67db97028df2eae13fa41bdd","control_Similar","99","SimilarControl","begin","start","begin-start","",""
"2512","67db97028df2eae13fa41bdd","control_MaxMatch_Negative_Abstract","75","MaxMatch","annoy","exploit","annoy-exploit","AbstractMatch","NegativeMatch"
"2513","67db97028df2eae13fa41bdd","control_MaxMismatch","69","MaxMismatch","obsess","imagine","obsess-imagine","AbstractMismatch","NegativeMismatch"
"2514","67db97028df2eae13fa41bdd","test_ValenceMatch_Positive","0","ValenceMatchingOnly","cook","admired","cook-admired","ConcreteMismatch","PositiveMatch"
"2515","67db97028df2eae13fa41bdd","control_Dissimilar","0","DissimilarControl","increase","decrease","increase-decrease","",""
"2516","67db97028df2eae13fa41bdd","control_MaxMatch_Positive_Abstract","80","MaxMatch","enlighten","believe","enlighten-believe","AbstractMatch","PositiveMatch"
"2517","67db97028df2eae13fa41bdd","control_MaxMatch_Negative_Concrete","99","MaxMatch","murder","stab","murder-stab","ConcreteMatch","NegativeMatch"
"2518","67db97028df2eae13fa41bdd","control_MaxMatch_Positive_Concrete","79","MaxMatch","running","sail","running-sail","ConcreteMatch","PositiveMatch"
"2519","67db97028df2eae13fa41bdd","test_ValenceMatch_Negative","0","ValenceMatchingOnly","spit","loathe","spit-loathe","ConcreteMismatch","NegativeMatch"
"2520","67db97028df2eae13fa41bdd","test_ConceptualMatch_Concrete","0","ConceptualMatchingOnly","eat","bleed","eat-bleed","ConceptualMatch:concrete","PositiveMismatch"
"2521","67db97028df2eae13fa41bdd","control_Similar","99","SimilarControl","get","obtain","get-obtain","",""
"2522","67db97028df2eae13fa41bdd","test_ConceptualMatch_Abstract","0","ConceptualMatchingOnly","befall","justify","befall-justify","ConceptualMatch:abstract","NegativeMismatch"
"2523","67db97028df2eae13fa41bdd","control_Dissimilar","0","DissimilarControl","give","take","give-take","",""
"2524","67db97028df2eae13fa41bdd","control_Similar","99","SimilarControl","ask","inquire","ask-inquire","",""
"2525","67db97028df2eae13fa41bdd","control_MaxMatch_Negative_Abstract","0","MaxMatch","obsess","violate","obsess-violate","AbstractMatch","NegativeMatch"
"2526","67db97028df2eae13fa41bdd","control_MaxMismatch","0","MaxMismatch","loathe","hope","loathe-hope","AbstractMismatch","NegativeMismatch"
"2527","67db97028df2eae13fa41bdd","test_ValenceMatch_Positive","0","ValenceMatchingOnly","cuddle","justify","cuddle-justify","ConcreteMismatch","PositiveMatch"
"2528","67db97028df2eae13fa41bdd","control_Dissimilar","0","DissimilarControl","come","go","come-go","",""
"2529","67db97028df2eae13fa41bdd","control_MaxMatch_Positive_Abstract","0","MaxMatch","enlighten","esteem","enlighten-esteem","AbstractMatch","PositiveMatch"
"2530","67db97028df2eae13fa41bdd","control_MaxMatch_Negative_Concrete","99","MaxMatch","puke","vomit","puke-vomit","ConcreteMatch","NegativeMatch"
"2531","67db97028df2eae13fa41bdd","control_MaxMatch_Positive_Concrete","0","MaxMatch","eat","swing","eat-swing","ConcreteMatch","PositiveMatch"
"2532","67db97028df2eae13fa41bdd","test_ValenceMatch_Negative","0","ValenceMatchingOnly","puke","violate","puke-violate","ConcreteMismatch","NegativeMatch"
"2533","67db97028df2eae13fa41bdd","test_ConceptualMatch_Concrete","0","ConceptualMatchingOnly","smile","vomit","smile-vomit","ConceptualMatch:concrete","PositiveMismatch"
"2534","67db97028df2eae13fa41bdd","control_Similar","0","SimilarControl","end","finish","end-finish","",""
"2535","67db97028df2eae13fa41bdd","test_ConceptualMatch_Abstract","0","ConceptualMatchingOnly","obsess","respect","obsess-respect","ConceptualMatch:abstract","NegativeMismatch"
"2536","67df2438f087a74ea30f779b","control_Similar","83","SimilarControl","ask","inquire","ask-inquire","",""
"2537","67df2438f087a74ea30f779b","control_Dissimilar","14","DissimilarControl","come","go","come-go","",""
"2538","67df2438f087a74ea30f779b","control_Similar","92","SimilarControl","buy","purchase","buy-purchase","",""
"2539","67df2438f087a74ea30f779b","control_Dissimilar","11","DissimilarControl","arrive","leave","arrive-leave","",""
"2540","67df2438f087a74ea30f779b","control_MaxMatch_Negative_Abstract","18","MaxMatch","annoy","scorn","annoy-scorn","AbstractMatch","NegativeMatch"
"2541","67df2438f087a74ea30f779b","control_MaxMatch_Positive_Abstract","28","MaxMatch","imagine","enlighten","imagine-enlighten","AbstractMatch","PositiveMatch"
"2542","67df2438f087a74ea30f779b","control_MaxMatch_Positive_Concrete","8","MaxMatch","cook","smile","cook-smile","ConcreteMatch","PositiveMatch"
"2543","67df2438f087a74ea30f779b","test_ValenceMatch_Positive","29","ValenceMatchingOnly","hug","hope","hug-hope","ConcreteMismatch","PositiveMatch"
"2544","67df2438f087a74ea30f779b","test_ConceptualMatch_Abstract","15","ConceptualMatchingOnly","annoy","enlighten","annoy-enlighten","ConceptualMatch:abstract","NegativeMismatch"
"2545","67df2438f087a74ea30f779b","test_ConceptualMatch_Concrete","3","ConceptualMatchingOnly","smile","murder","smile-murder","ConceptualMatch:concrete","PositiveMismatch"
"2546","67df2438f087a74ea30f779b","control_MaxMatch_Negative_Concrete","25","MaxMatch","kill","vomit","kill-vomit","ConcreteMatch","NegativeMatch"
"2547","67df2438f087a74ea30f779b","test_ValenceMatch_Negative","30","ValenceMatchingOnly","vomit","exploit","vomit-exploit","ConcreteMismatch","NegativeMatch"
"2548","67df2438f087a74ea30f779b","control_MaxMismatch","19","MaxMismatch","obsess","hope","obsess-hope","AbstractMismatch","NegativeMismatch"
"2549","67df2438f087a74ea30f779b","control_Similar","99","SimilarControl","show","display","show-display","",""
"2550","67df2438f087a74ea30f779b","control_Dissimilar","41","DissimilarControl","add","remove","add-remove","",""
"2551","67df2438f087a74ea30f779b","control_Similar","78","SimilarControl","get","obtain","get-obtain","",""
"2552","67df2438f087a74ea30f779b","control_Dissimilar","21","DissimilarControl","increase","decrease","increase-decrease","",""
"2553","67df2438f087a74ea30f779b","control_MaxMatch_Negative_Abstract","17","MaxMatch","criticize","violate","criticize-violate","AbstractMatch","NegativeMatch"
"2554","67df2438f087a74ea30f779b","control_MaxMatch_Positive_Abstract","87","MaxMatch","imagine","justify","imagine-justify","AbstractMatch","PositiveMatch"
"2555","67df2438f087a74ea30f779b","control_MaxMatch_Positive_Concrete","35","MaxMatch","sail","swing","sail-swing","ConcreteMatch","PositiveMatch"
"2556","67df2438f087a74ea30f779b","test_ValenceMatch_Positive","26","ValenceMatchingOnly","sail","fulfill","sail-fulfill","ConcreteMismatch","PositiveMatch"
"2557","67df2438f087a74ea30f779b","test_ConceptualMatch_Abstract","36","ConceptualMatchingOnly","scorn","believe","scorn-believe","ConceptualMatch:abstract","NegativeMismatch"
"2558","67df2438f087a74ea30f779b","test_ConceptualMatch_Concrete","17","ConceptualMatchingOnly","swing","kill","swing-kill","ConceptualMatch:concrete","PositiveMismatch"
"2559","67df2438f087a74ea30f779b","control_MaxMatch_Negative_Concrete","54","MaxMatch","bleed","kill","bleed-kill","ConcreteMatch","NegativeMatch"
"2560","67df2438f087a74ea30f779b","test_ValenceMatch_Negative","36","ValenceMatchingOnly","slap","violate","slap-violate","ConcreteMismatch","NegativeMatch"
"2561","67df2438f087a74ea30f779b","control_MaxMismatch","31","MaxMismatch","scorn","respect","scorn-respect","AbstractMismatch","NegativeMismatch"
"2562","67df2438f087a74ea30f779b","control_Similar","88","SimilarControl","need","require","need-require","",""
"2563","67df2438f087a74ea30f779b","control_Dissimilar","36","DissimilarControl","push","pull","push-pull","",""
"2564","67df2438f087a74ea30f779b","control_Similar","84","SimilarControl","speak","talk","speak-talk","",""
"2565","67df2438f087a74ea30f779b","control_Dissimilar","34","DissimilarControl","enter","exit","enter-exit","",""
"2566","67df2438f087a74ea30f779b","control_MaxMatch_Negative_Abstract","12","MaxMatch","befall","scorn","befall-scorn","AbstractMatch","NegativeMatch"
"2567","67df2438f087a74ea30f779b","control_MaxMatch_Positive_Abstract","76","MaxMatch","imagine","esteem","imagine-esteem","AbstractMatch","PositiveMatch"
"2568","67df2438f087a74ea30f779b","control_MaxMatch_Positive_Concrete","28","MaxMatch","kiss","smile","kiss-smile","ConcreteMatch","PositiveMatch"
"2569","67df2438f087a74ea30f779b","test_ValenceMatch_Positive","30","ValenceMatchingOnly","cuddle","believe","cuddle-believe","ConcreteMismatch","PositiveMatch"
"2570","67df2438f087a74ea30f779b","test_ConceptualMatch_Abstract","26","ConceptualMatchingOnly","scorn","fulfill","scorn-fulfill","ConceptualMatch:abstract","NegativeMismatch"
"2571","67df2438f087a74ea30f779b","test_ConceptualMatch_Concrete","27","ConceptualMatchingOnly","build","stab","build-stab","ConceptualMatch:concrete","PositiveMismatch"
"2572","67df2438f087a74ea30f779b","control_MaxMatch_Negative_Concrete","19","MaxMatch","smack","stab","smack-stab","ConcreteMatch","NegativeMatch"
"2573","67df2438f087a74ea30f779b","test_ValenceMatch_Negative","46","ValenceMatchingOnly","vomit","scorn","vomit-scorn","ConcreteMismatch","NegativeMatch"
"2574","67df2438f087a74ea30f779b","control_MaxMismatch","24","MaxMismatch","worry","enlighten","worry-enlighten","AbstractMismatch","NegativeMismatch"
"2575","67df2438f087a74ea30f779b","control_Similar","85","SimilarControl","end","finish","end-finish","",""
"2576","67df2438f087a74ea30f779b","control_Dissimilar","36","DissimilarControl","begin","end","begin-end","",""
"2577","67df2438f087a74ea30f779b","control_Similar","99","SimilarControl","help","assist","help-assist","",""
"2578","67df2438f087a74ea30f779b","control_Dissimilar","30","DissimilarControl","open","close","open-close","",""
"2579","67df2438f087a74ea30f779b","control_MaxMatch_Negative_Abstract","52","MaxMatch","befall","violate","befall-violate","AbstractMatch","NegativeMatch"
"2580","67df2438f087a74ea30f779b","control_MaxMatch_Positive_Abstract","92","MaxMatch","admired","cherish","admired-cherish","AbstractMatch","PositiveMatch"
"2581","67df2438f087a74ea30f779b","control_MaxMatch_Positive_Concrete","41","MaxMatch","cook","kiss","cook-kiss","ConcreteMatch","PositiveMatch"
"2582","67df2438f087a74ea30f779b","test_ValenceMatch_Positive","32","ValenceMatchingOnly","kiss","respect","kiss-respect","ConcreteMismatch","PositiveMatch"
"2583","67df2438f087a74ea30f779b","test_ConceptualMatch_Abstract","25","ConceptualMatchingOnly","criticize","imagine","criticize-imagine","ConceptualMatch:abstract","NegativeMismatch"
"2584","67df2438f087a74ea30f779b","test_ConceptualMatch_Concrete","41","ConceptualMatchingOnly","cuddle","spit","cuddle-spit","ConceptualMatch:concrete","PositiveMismatch"
"2585","67df2438f087a74ea30f779b","control_MaxMatch_Negative_Concrete","47","MaxMatch","slap","vomit","slap-vomit","ConcreteMatch","NegativeMatch"
"2586","67df2438f087a74ea30f779b","test_ValenceMatch_Negative","46","ValenceMatchingOnly","vomit","criticize","vomit-criticize","ConcreteMismatch","NegativeMatch"
"2587","67df2438f087a74ea30f779b","control_MaxMismatch","34","MaxMismatch","loathe","fulfill","loathe-fulfill","AbstractMismatch","NegativeMismatch"
"2588","67df2438f087a74ea30f779b","control_Similar","80","SimilarControl","use","employ","use-employ","",""
"2589","67df2438f087a74ea30f779b","control_Dissimilar","24","DissimilarControl","give","take","give-take","",""
"2590","67df2438f087a74ea30f779b","control_Similar","99","SimilarControl","begin","start","begin-start","",""
"2591","67df2438f087a74ea30f779b","control_Dissimilar","46","DissimilarControl","rise","fall","rise-fall","",""
"2592","67df2438f087a74ea30f779b","control_MaxMatch_Negative_Abstract","35","MaxMatch","loathe","resent","loathe-resent","AbstractMatch","NegativeMatch"
"2593","67df2438f087a74ea30f779b","control_MaxMatch_Positive_Abstract","80","MaxMatch","hope","believe","hope-believe","AbstractMatch","PositiveMatch"
"2594","67df2438f087a74ea30f779b","control_MaxMatch_Positive_Concrete","26","MaxMatch","cook","running","cook-running","ConcreteMatch","PositiveMatch"
"2595","67df2438f087a74ea30f779b","test_ValenceMatch_Positive","40","ValenceMatchingOnly","kiss","justify","kiss-justify","ConcreteMismatch","PositiveMatch"
"2596","67df2438f087a74ea30f779b","test_ConceptualMatch_Abstract","25","ConceptualMatchingOnly","violate","cherish","violate-cherish","ConceptualMatch:abstract","NegativeMismatch"
"2597","67df2438f087a74ea30f779b","test_ConceptualMatch_Concrete","39","ConceptualMatchingOnly","sail","scratch","sail-scratch","ConceptualMatch:concrete","PositiveMismatch"
"2598","67df2438f087a74ea30f779b","control_MaxMatch_Negative_Concrete","33","MaxMatch","bleed","smack","bleed-smack","ConcreteMatch","NegativeMatch"
"2599","67df2438f087a74ea30f779b","test_ValenceMatch_Negative","41","ValenceMatchingOnly","stab","scorn","stab-scorn","ConcreteMismatch","NegativeMatch"
"2600","67df2438f087a74ea30f779b","control_MaxMismatch","43","MaxMismatch","resent","fulfill","resent-fulfill","AbstractMismatch","NegativeMismatch"
"2601","67b9d2f7a49052c6e25c6a7f","control_Similar","99","SimilarControl","end","finish","end-finish","",""
"2602","67b9d2f7a49052c6e25c6a7f","control_Dissimilar","0","DissimilarControl","enter","exit","enter-exit","",""
"2603","67b9d2f7a49052c6e25c6a7f","control_MaxMatch_Negative_Concrete","0","MaxMatch","bleed","stab","bleed-stab","ConcreteMatch","NegativeMatch"
"2604","67b9d2f7a49052c6e25c6a7f","test_ValenceMatch_Positive","0","ValenceMatchingOnly","swing","respect","swing-respect","ConcreteMismatch","PositiveMatch"
"2605","67b9d2f7a49052c6e25c6a7f","test_ValenceMatch_Negative","0","ValenceMatchingOnly","spit","criticize","spit-criticize","ConcreteMismatch","NegativeMatch"
"2606","67b9d2f7a49052c6e25c6a7f","control_MaxMismatch","3","MaxMismatch","resent","enlighten","resent-enlighten","AbstractMismatch","NegativeMismatch"
"2607","67b9d2f7a49052c6e25c6a7f","control_MaxMatch_Negative_Abstract","70","MaxMatch","loathe","scorn","loathe-scorn","AbstractMatch","NegativeMatch"
"2608","67b9d2f7a49052c6e25c6a7f","test_ConceptualMatch_Abstract","5","ConceptualMatchingOnly","annoy","fulfill","annoy-fulfill","ConceptualMatch:abstract","NegativeMismatch"
"2609","67b9d2f7a49052c6e25c6a7f","control_Similar","93","SimilarControl","begin","start","begin-start","",""
"2610","67b9d2f7a49052c6e25c6a7f","control_MaxMatch_Positive_Concrete","0","MaxMatch","eat","swing","eat-swing","ConcreteMatch","PositiveMatch"
"2611","67b9d2f7a49052c6e25c6a7f","control_MaxMatch_Positive_Abstract","7","MaxMatch","fulfill","esteem","fulfill-esteem","AbstractMatch","PositiveMatch"
"2612","67b9d2f7a49052c6e25c6a7f","test_ConceptualMatch_Concrete","11","ConceptualMatchingOnly","eat","murder","eat-murder","ConceptualMatch:concrete","PositiveMismatch"
"2613","67b9d2f7a49052c6e25c6a7f","control_Dissimilar","0","DissimilarControl","push","pull","push-pull","",""
"2614","67b9d2f7a49052c6e25c6a7f","control_Similar","94","SimilarControl","show","display","show-display","",""
"2615","67b9d2f7a49052c6e25c6a7f","control_Dissimilar","0","DissimilarControl","open","close","open-close","",""
"2616","67b9d2f7a49052c6e25c6a7f","control_MaxMatch_Negative_Concrete","0","MaxMatch","kill","scratch","kill-scratch","ConcreteMatch","NegativeMatch"
"2617","67b9d2f7a49052c6e25c6a7f","test_ValenceMatch_Positive","0","ValenceMatchingOnly","cuddle","justify","cuddle-justify","ConcreteMismatch","PositiveMatch"
"2618","67b9d2f7a49052c6e25c6a7f","test_ValenceMatch_Negative","6","ValenceMatchingOnly","smack","befall","smack-befall","ConcreteMismatch","NegativeMatch"
"2619","67b9d2f7a49052c6e25c6a7f","control_MaxMismatch","4","MaxMismatch","criticize","esteem","criticize-esteem","AbstractMismatch","NegativeMismatch"
"2620","67b9d2f7a49052c6e25c6a7f","control_MaxMatch_Negative_Abstract","93","MaxMatch","obsess","worry","obsess-worry","AbstractMatch","NegativeMatch"
"2621","67b9d2f7a49052c6e25c6a7f","test_ConceptualMatch_Abstract","0","ConceptualMatchingOnly","loathe","admired","loathe-admired","ConceptualMatch:abstract","NegativeMismatch"
"2622","67b9d2f7a49052c6e25c6a7f","control_Similar","99","SimilarControl","speak","talk","speak-talk","",""
"2623","67b9d2f7a49052c6e25c6a7f","control_MaxMatch_Positive_Concrete","0","MaxMatch","running","smile","running-smile","ConcreteMatch","PositiveMatch"
"2624","67b9d2f7a49052c6e25c6a7f","control_MaxMatch_Positive_Abstract","5","MaxMatch","enlighten","esteem","enlighten-esteem","AbstractMatch","PositiveMatch"
"2625","67b9d2f7a49052c6e25c6a7f","test_ConceptualMatch_Concrete","5","ConceptualMatchingOnly","sail","vomit","sail-vomit","ConceptualMatch:concrete","PositiveMismatch"
"2626","67b9d2f7a49052c6e25c6a7f","control_Dissimilar","1","DissimilarControl","arrive","leave","arrive-leave","",""
"2627","67b9d2f7a49052c6e25c6a7f","control_Similar","92","SimilarControl","ask","inquire","ask-inquire","",""
"2628","67b9d2f7a49052c6e25c6a7f","control_Dissimilar","0","DissimilarControl","add","remove","add-remove","",""
"2629","67b9d2f7a49052c6e25c6a7f","control_MaxMatch_Negative_Concrete","4","MaxMatch","bleed","kill","bleed-kill","ConcreteMatch","NegativeMatch"
"2630","67b9d2f7a49052c6e25c6a7f","test_ValenceMatch_Positive","0","ValenceMatchingOnly","cuddle","respect","cuddle-respect","ConcreteMismatch","PositiveMatch"
"2631","67b9d2f7a49052c6e25c6a7f","test_ValenceMatch_Negative","2","ValenceMatchingOnly","slap","befall","slap-befall","ConcreteMismatch","NegativeMatch"
"2632","67b9d2f7a49052c6e25c6a7f","control_MaxMismatch","9","MaxMismatch","obsess","believe","obsess-believe","AbstractMismatch","NegativeMismatch"
"2633","67b9d2f7a49052c6e25c6a7f","control_MaxMatch_Negative_Abstract","5","MaxMatch","obsess","resent","obsess-resent","AbstractMatch","NegativeMatch"
"2634","67b9d2f7a49052c6e25c6a7f","test_ConceptualMatch_Abstract","4","ConceptualMatchingOnly","obsess","cherish","obsess-cherish","ConceptualMatch:abstract","NegativeMismatch"
"2635","67b9d2f7a49052c6e25c6a7f","control_Similar","90","SimilarControl","get","obtain","get-obtain","",""
"2636","67b9d2f7a49052c6e25c6a7f","control_MaxMatch_Positive_Concrete","8","MaxMatch","cuddle","eat","cuddle-eat","ConcreteMatch","PositiveMatch"
"2637","67b9d2f7a49052c6e25c6a7f","control_MaxMatch_Positive_Abstract","4","MaxMatch","imagine","esteem","imagine-esteem","AbstractMatch","PositiveMatch"
"2638","67b9d2f7a49052c6e25c6a7f","test_ConceptualMatch_Concrete","0","ConceptualMatchingOnly","swing","stab","swing-stab","ConceptualMatch:concrete","PositiveMismatch"
"2639","67b9d2f7a49052c6e25c6a7f","control_Dissimilar","0","DissimilarControl","increase","decrease","increase-decrease","",""
"2640","67b9d2f7a49052c6e25c6a7f","control_Similar","93","SimilarControl","buy","purchase","buy-purchase","",""
"2641","67b9d2f7a49052c6e25c6a7f","control_Dissimilar","0","DissimilarControl","give","take","give-take","",""
"2642","67b9d2f7a49052c6e25c6a7f","control_MaxMatch_Negative_Concrete","0","MaxMatch","murder","spit","murder-spit","ConcreteMatch","NegativeMatch"
"2643","67b9d2f7a49052c6e25c6a7f","test_ValenceMatch_Positive","2","ValenceMatchingOnly","build","imagine","build-imagine","ConcreteMismatch","PositiveMatch"
"2644","67b9d2f7a49052c6e25c6a7f","test_ValenceMatch_Negative","0","ValenceMatchingOnly","slap","obsess","slap-obsess","ConcreteMismatch","NegativeMatch"
"2645","67b9d2f7a49052c6e25c6a7f","control_MaxMismatch","0","MaxMismatch","befall","believe","befall-believe","AbstractMismatch","NegativeMismatch"
"2646","67b9d2f7a49052c6e25c6a7f","control_MaxMatch_Negative_Abstract","3","MaxMatch","resent","violate","resent-violate","AbstractMatch","NegativeMatch"
"2647","67b9d2f7a49052c6e25c6a7f","test_ConceptualMatch_Abstract","2","ConceptualMatchingOnly","worry","hope","worry-hope","ConceptualMatch:abstract","NegativeMismatch"
"2648","67b9d2f7a49052c6e25c6a7f","control_Similar","99","SimilarControl","need","require","need-require","",""
"2649","67b9d2f7a49052c6e25c6a7f","control_MaxMatch_Positive_Concrete","5","MaxMatch","sail","smile","sail-smile","ConcreteMatch","PositiveMatch"
"2650","67b9d2f7a49052c6e25c6a7f","control_MaxMatch_Positive_Abstract","39","MaxMatch","imagine","hope","imagine-hope","AbstractMatch","PositiveMatch"
"2651","67b9d2f7a49052c6e25c6a7f","test_ConceptualMatch_Concrete","0","ConceptualMatchingOnly","sail","smack","sail-smack","ConceptualMatch:concrete","PositiveMismatch"
"2652","67b9d2f7a49052c6e25c6a7f","control_Dissimilar","1","DissimilarControl","come","go","come-go","",""
"2653","67b9d2f7a49052c6e25c6a7f","control_Similar","93","SimilarControl","help","assist","help-assist","",""
"2654","67b9d2f7a49052c6e25c6a7f","control_Dissimilar","2","DissimilarControl","rise","fall","rise-fall","",""
"2655","67b9d2f7a49052c6e25c6a7f","control_MaxMatch_Negative_Concrete","2","MaxMatch","bleed","puke","bleed-puke","ConcreteMatch","NegativeMatch"
"2656","67b9d2f7a49052c6e25c6a7f","test_ValenceMatch_Positive","0","ValenceMatchingOnly","cook","imagine","cook-imagine","ConcreteMismatch","PositiveMatch"
"2657","67b9d2f7a49052c6e25c6a7f","test_ValenceMatch_Negative","0","ValenceMatchingOnly","stab","criticize","stab-criticize","ConcreteMismatch","NegativeMatch"
"2658","67b9d2f7a49052c6e25c6a7f","control_MaxMismatch","0","MaxMismatch","scorn","justify","scorn-justify","AbstractMismatch","NegativeMismatch"
"2659","67b9d2f7a49052c6e25c6a7f","control_MaxMatch_Negative_Abstract","0","MaxMatch","loathe","worry","loathe-worry","AbstractMatch","NegativeMatch"
"2660","67b9d2f7a49052c6e25c6a7f","test_ConceptualMatch_Abstract","0","ConceptualMatchingOnly","scorn","fulfill","scorn-fulfill","ConceptualMatch:abstract","NegativeMismatch"
"2661","67b9d2f7a49052c6e25c6a7f","control_Similar","99","SimilarControl","use","employ","use-employ","",""
"2662","67b9d2f7a49052c6e25c6a7f","control_MaxMatch_Positive_Concrete","3","MaxMatch","cook","hug","cook-hug","ConcreteMatch","PositiveMatch"
"2663","67b9d2f7a49052c6e25c6a7f","control_MaxMatch_Positive_Abstract","2","MaxMatch","enlighten","admired","enlighten-admired","AbstractMatch","PositiveMatch"
"2664","67b9d2f7a49052c6e25c6a7f","test_ConceptualMatch_Concrete","0","ConceptualMatchingOnly","kiss","slap","kiss-slap","ConceptualMatch:concrete","PositiveMismatch"
"2665","67b9d2f7a49052c6e25c6a7f","control_Dissimilar","0","DissimilarControl","begin","end","begin-end","",""
"2666","660de2426df2c14f27678f6b","control_Dissimilar","63","DissimilarControl","arrive","leave","arrive-leave","",""
"2667","660de2426df2c14f27678f6b","control_Similar","58","SimilarControl","need","require","need-require","",""
"2668","660de2426df2c14f27678f6b","control_MaxMatch_Positive_Concrete","0","MaxMatch","eat","swing","eat-swing","ConcreteMatch","PositiveMatch"
"2669","660de2426df2c14f27678f6b","control_Dissimilar","66","DissimilarControl","add","remove","add-remove","",""
"2670","660de2426df2c14f27678f6b","test_ConceptualMatch_Concrete","0","ConceptualMatchingOnly","smile","kill","smile-kill","ConceptualMatch:concrete","PositiveMismatch"
"2671","660de2426df2c14f27678f6b","test_ConceptualMatch_Abstract","23","ConceptualMatchingOnly","annoy","hope","annoy-hope","ConceptualMatch:abstract","NegativeMismatch"
"2672","660de2426df2c14f27678f6b","control_Similar","89","SimilarControl","use","employ","use-employ","",""
"2673","660de2426df2c14f27678f6b","test_ValenceMatch_Positive","32","ValenceMatchingOnly","hug","believe","hug-believe","ConcreteMismatch","PositiveMatch"
"2674","660de2426df2c14f27678f6b","control_MaxMatch_Positive_Abstract","75","MaxMatch","enlighten","justify","enlighten-justify","AbstractMatch","PositiveMatch"
"2675","660de2426df2c14f27678f6b","control_MaxMismatch","27","MaxMismatch","criticize","admired","criticize-admired","AbstractMismatch","NegativeMismatch"
"2676","660de2426df2c14f27678f6b","control_MaxMatch_Negative_Abstract","33","MaxMatch","violate","worry","violate-worry","AbstractMatch","NegativeMatch"
"2677","660de2426df2c14f27678f6b","control_MaxMatch_Negative_Concrete","0","MaxMatch","murder","scratch","murder-scratch","ConcreteMatch","NegativeMatch"
"2678","660de2426df2c14f27678f6b","test_ValenceMatch_Negative","67","ValenceMatchingOnly","bleed","violate","bleed-violate","ConcreteMismatch","NegativeMatch"
"2679","660de2426df2c14f27678f6b","control_Dissimilar","61","DissimilarControl","rise","fall","rise-fall","",""
"2680","660de2426df2c14f27678f6b","control_Similar","99","SimilarControl","show","display","show-display","",""
"2681","660de2426df2c14f27678f6b","control_MaxMatch_Positive_Concrete","15","MaxMatch","build","kiss","build-kiss","ConcreteMatch","PositiveMatch"
"2682","660de2426df2c14f27678f6b","control_Dissimilar","77","DissimilarControl","enter","exit","enter-exit","",""
"2683","660de2426df2c14f27678f6b","test_ConceptualMatch_Concrete","0","ConceptualMatchingOnly","hug","puke","hug-puke","ConceptualMatch:concrete","PositiveMismatch"
"2684","660de2426df2c14f27678f6b","test_ConceptualMatch_Abstract","12","ConceptualMatchingOnly","annoy","believe","annoy-believe","ConceptualMatch:abstract","NegativeMismatch"
"2685","660de2426df2c14f27678f6b","control_Similar","99","SimilarControl","begin","start","begin-start","",""
"2686","660de2426df2c14f27678f6b","test_ValenceMatch_Positive","0","ValenceMatchingOnly","hug","justify","hug-justify","ConcreteMismatch","PositiveMatch"
"2687","660de2426df2c14f27678f6b","control_MaxMatch_Positive_Abstract","61","MaxMatch","admired","fulfill","admired-fulfill","AbstractMatch","PositiveMatch"
"2688","660de2426df2c14f27678f6b","control_MaxMismatch","22","MaxMismatch","obsess","esteem","obsess-esteem","AbstractMismatch","NegativeMismatch"
"2689","660de2426df2c14f27678f6b","control_MaxMatch_Negative_Abstract","72","MaxMatch","befall","resent","befall-resent","AbstractMatch","NegativeMatch"
"2690","660de2426df2c14f27678f6b","control_MaxMatch_Negative_Concrete","0","MaxMatch","puke","stab","puke-stab","ConcreteMatch","NegativeMatch"
"2691","660de2426df2c14f27678f6b","test_ValenceMatch_Negative","16","ValenceMatchingOnly","scratch","scorn","scratch-scorn","ConcreteMismatch","NegativeMatch"
"2692","660de2426df2c14f27678f6b","control_Dissimilar","56","DissimilarControl","push","pull","push-pull","",""
"2693","660de2426df2c14f27678f6b","control_Similar","99","SimilarControl","end","finish","end-finish","",""
"2694","660de2426df2c14f27678f6b","control_MaxMatch_Positive_Concrete","0","MaxMatch","smile","swing","smile-swing","ConcreteMatch","PositiveMatch"
"2695","660de2426df2c14f27678f6b","control_Dissimilar","65","DissimilarControl","come","go","come-go","",""
"2696","660de2426df2c14f27678f6b","test_ConceptualMatch_Concrete","0","ConceptualMatchingOnly","kiss","kill","kiss-kill","ConceptualMatch:concrete","PositiveMismatch"
"2697","660de2426df2c14f27678f6b","test_ConceptualMatch_Abstract","21","ConceptualMatchingOnly","resent","admired","resent-admired","ConceptualMatch:abstract","NegativeMismatch"
"2698","660de2426df2c14f27678f6b","control_Similar","93","SimilarControl","ask","inquire","ask-inquire","",""
"2699","660de2426df2c14f27678f6b","test_ValenceMatch_Positive","0","ValenceMatchingOnly","eat","believe","eat-believe","ConcreteMismatch","PositiveMatch"
"2700","660de2426df2c14f27678f6b","control_MaxMatch_Positive_Abstract","61","MaxMatch","imagine","justify","imagine-justify","AbstractMatch","PositiveMatch"
"2701","660de2426df2c14f27678f6b","control_MaxMismatch","14","MaxMismatch","obsess","respect","obsess-respect","AbstractMismatch","NegativeMismatch"
"2702","660de2426df2c14f27678f6b","control_MaxMatch_Negative_Abstract","80","MaxMatch","annoy","loathe","annoy-loathe","AbstractMatch","NegativeMatch"
"2703","660de2426df2c14f27678f6b","control_MaxMatch_Negative_Concrete","66","MaxMatch","bleed","scratch","bleed-scratch","ConcreteMatch","NegativeMatch"
"2704","660de2426df2c14f27678f6b","test_ValenceMatch_Negative","62","ValenceMatchingOnly","murder","annoy","murder-annoy","ConcreteMismatch","NegativeMatch"
"2705","660de2426df2c14f27678f6b","control_Dissimilar","74","DissimilarControl","give","take","give-take","",""
"2706","660de2426df2c14f27678f6b","control_Similar","99","SimilarControl","speak","talk","speak-talk","",""
"2707","660de2426df2c14f27678f6b","control_MaxMatch_Positive_Concrete","0","MaxMatch","eat","running","eat-running","ConcreteMatch","PositiveMatch"
"2708","660de2426df2c14f27678f6b","control_Dissimilar","79","DissimilarControl","open","close","open-close","",""
"2709","660de2426df2c14f27678f6b","test_ConceptualMatch_Concrete","10","ConceptualMatchingOnly","eat","bleed","eat-bleed","ConceptualMatch:concrete","PositiveMismatch"
"2710","660de2426df2c14f27678f6b","test_ConceptualMatch_Abstract","10","ConceptualMatchingOnly","violate","imagine","violate-imagine","ConceptualMatch:abstract","NegativeMismatch"
"2711","660de2426df2c14f27678f6b","control_Similar","99","SimilarControl","help","assist","help-assist","",""
"2712","660de2426df2c14f27678f6b","test_ValenceMatch_Positive","99","ValenceMatchingOnly","smile","enlighten","smile-enlighten","ConcreteMismatch","PositiveMatch"
"2713","660de2426df2c14f27678f6b","control_MaxMatch_Positive_Abstract","88","MaxMatch","enlighten","respect","enlighten-respect","AbstractMatch","PositiveMatch"
"2714","660de2426df2c14f27678f6b","control_MaxMismatch","0","MaxMismatch","resent","cherish","resent-cherish","AbstractMismatch","NegativeMismatch"
"2715","660de2426df2c14f27678f6b","control_MaxMatch_Negative_Abstract","73","MaxMatch","befall","exploit","befall-exploit","AbstractMatch","NegativeMatch"
"2716","660de2426df2c14f27678f6b","control_MaxMatch_Negative_Concrete","13","MaxMatch","scratch","smack","scratch-smack","ConcreteMatch","NegativeMatch"
"2717","660de2426df2c14f27678f6b","test_ValenceMatch_Negative","27","ValenceMatchingOnly","stab","exploit","stab-exploit","ConcreteMismatch","NegativeMatch"
"2718","660de2426df2c14f27678f6b","control_Dissimilar","63","DissimilarControl","increase","decrease","increase-decrease","",""
"2719","660de2426df2c14f27678f6b","control_Similar","83","SimilarControl","get","obtain","get-obtain","",""
"2720","660de2426df2c14f27678f6b","control_MaxMatch_Positive_Concrete","0","MaxMatch","kiss","sail","kiss-sail","ConcreteMatch","PositiveMatch"
"2721","660de2426df2c14f27678f6b","control_Dissimilar","60","DissimilarControl","begin","end","begin-end","",""
"2722","660de2426df2c14f27678f6b","test_ConceptualMatch_Concrete","0","ConceptualMatchingOnly","hug","kill","hug-kill","ConceptualMatch:concrete","PositiveMismatch"
"2723","660de2426df2c14f27678f6b","test_ConceptualMatch_Abstract","0","ConceptualMatchingOnly","resent","imagine","resent-imagine","ConceptualMatch:abstract","NegativeMismatch"
"2724","660de2426df2c14f27678f6b","control_Similar","92","SimilarControl","buy","purchase","buy-purchase","",""
"2725","660de2426df2c14f27678f6b","test_ValenceMatch_Positive","0","ValenceMatchingOnly","cook","justify","cook-justify","ConcreteMismatch","PositiveMatch"
"2726","660de2426df2c14f27678f6b","control_MaxMatch_Positive_Abstract","99","MaxMatch","cherish","fulfill","cherish-fulfill","AbstractMatch","PositiveMatch"
"2727","660de2426df2c14f27678f6b","control_MaxMismatch","22","MaxMismatch","criticize","enlighten","criticize-enlighten","AbstractMismatch","NegativeMismatch"
"2728","660de2426df2c14f27678f6b","control_MaxMatch_Negative_Abstract","78","MaxMatch","loathe","violate","loathe-violate","AbstractMatch","NegativeMatch"
"2729","660de2426df2c14f27678f6b","control_MaxMatch_Negative_Concrete","0","MaxMatch","slap","vomit","slap-vomit","ConcreteMatch","NegativeMatch"
"2730","660de2426df2c14f27678f6b","test_ValenceMatch_Negative","0","ValenceMatchingOnly","murder","resent","murder-resent","ConcreteMismatch","NegativeMatch"
"2731","5d45bb1b62ed9000197adbe6","control_Dissimilar","0","DissimilarControl","add","remove","add-remove","",""
"2732","5d45bb1b62ed9000197adbe6","control_Similar","99","SimilarControl","help","assist","help-assist","",""
"2733","5d45bb1b62ed9000197adbe6","test_ValenceMatch_Positive","63","ValenceMatchingOnly","hug","believe","hug-believe","ConcreteMismatch","PositiveMatch"
"2734","5d45bb1b62ed9000197adbe6","control_MaxMatch_Positive_Abstract","63","MaxMatch","imagine","admired","imagine-admired","AbstractMatch","PositiveMatch"
"2735","5d45bb1b62ed9000197adbe6","control_MaxMismatch","0","MaxMismatch","violate","cherish","violate-cherish","AbstractMismatch","NegativeMismatch"
"2736","5d45bb1b62ed9000197adbe6","control_Dissimilar","88","DissimilarControl","come","go","come-go","",""
"2737","5d45bb1b62ed9000197adbe6","test_ConceptualMatch_Abstract","0","ConceptualMatchingOnly","worry","hope","worry-hope","ConceptualMatch:abstract","NegativeMismatch"
"2738","5d45bb1b62ed9000197adbe6","test_ValenceMatch_Negative","61","ValenceMatchingOnly","vomit","annoy","vomit-annoy","ConcreteMismatch","NegativeMatch"
"2739","5d45bb1b62ed9000197adbe6","control_MaxMatch_Negative_Abstract","67","MaxMatch","befall","criticize","befall-criticize","AbstractMatch","NegativeMatch"
"2740","5d45bb1b62ed9000197adbe6","control_MaxMatch_Positive_Concrete","11","MaxMatch","build","eat","build-eat","ConcreteMatch","PositiveMatch"
"2741","5d45bb1b62ed9000197adbe6","control_MaxMatch_Negative_Concrete","21","MaxMatch","stab","vomit","stab-vomit","ConcreteMatch","NegativeMatch"
"2742","5d45bb1b62ed9000197adbe6","control_Similar","99","SimilarControl","get","obtain","get-obtain","",""
"2743","5d45bb1b62ed9000197adbe6","test_ConceptualMatch_Concrete","87","ConceptualMatchingOnly","swing","smack","swing-smack","ConceptualMatch:concrete","PositiveMismatch"
"2744","5d45bb1b62ed9000197adbe6","control_Dissimilar","0","DissimilarControl","begin","end","begin-end","",""
"2745","5d45bb1b62ed9000197adbe6","control_Similar","99","SimilarControl","show","display","show-display","",""
"2746","5d45bb1b62ed9000197adbe6","test_ValenceMatch_Positive","11","ValenceMatchingOnly","swing","believe","swing-believe","ConcreteMismatch","PositiveMatch"
"2747","5d45bb1b62ed9000197adbe6","control_MaxMatch_Positive_Abstract","52","MaxMatch","cherish","esteem","cherish-esteem","AbstractMatch","PositiveMatch"
"2748","5d45bb1b62ed9000197adbe6","control_MaxMismatch","0","MaxMismatch","exploit","admired","exploit-admired","AbstractMismatch","NegativeMismatch"
"2749","5d45bb1b62ed9000197adbe6","control_Dissimilar","0","DissimilarControl","arrive","leave","arrive-leave","",""
"2750","5d45bb1b62ed9000197adbe6","test_ConceptualMatch_Abstract","0","ConceptualMatchingOnly","annoy","respect","annoy-respect","ConceptualMatch:abstract","NegativeMismatch"
"2751","5d45bb1b62ed9000197adbe6","test_ValenceMatch_Negative","28","ValenceMatchingOnly","murder","scorn","murder-scorn","ConcreteMismatch","NegativeMatch"
"2752","5d45bb1b62ed9000197adbe6","control_MaxMatch_Negative_Abstract","9","MaxMatch","obsess","resent","obsess-resent","AbstractMatch","NegativeMatch"
"2753","5d45bb1b62ed9000197adbe6","control_MaxMatch_Positive_Concrete","4","MaxMatch","kiss","sail","kiss-sail","ConcreteMatch","PositiveMatch"
"2754","5d45bb1b62ed9000197adbe6","control_MaxMatch_Negative_Concrete","36","MaxMatch","kill","smack","kill-smack","ConcreteMatch","NegativeMatch"
"2755","5d45bb1b62ed9000197adbe6","control_Similar","0","SimilarControl","end","finish","end-finish","",""
"2756","5d45bb1b62ed9000197adbe6","test_ConceptualMatch_Concrete","21","ConceptualMatchingOnly","cook","puke","cook-puke","ConceptualMatch:concrete","PositiveMismatch"
"2757","5d45bb1b62ed9000197adbe6","control_Dissimilar","0","DissimilarControl","enter","exit","enter-exit","",""
"2758","5d45bb1b62ed9000197adbe6","control_Similar","72","SimilarControl","use","employ","use-employ","",""
"2759","5d45bb1b62ed9000197adbe6","test_ValenceMatch_Positive","65","ValenceMatchingOnly","eat","fulfill","eat-fulfill","ConcreteMismatch","PositiveMatch"
"2760","5d45bb1b62ed9000197adbe6","control_MaxMatch_Positive_Abstract","66","MaxMatch","imagine","hope","imagine-hope","AbstractMatch","PositiveMatch"
"2761","5d45bb1b62ed9000197adbe6","control_MaxMismatch","25","MaxMismatch","criticize","justify","criticize-justify","AbstractMismatch","NegativeMismatch"
"2762","5d45bb1b62ed9000197adbe6","control_Dissimilar","0","DissimilarControl","rise","fall","rise-fall","",""
"2763","5d45bb1b62ed9000197adbe6","test_ConceptualMatch_Abstract","32","ConceptualMatchingOnly","annoy","justify","annoy-justify","ConceptualMatch:abstract","NegativeMismatch"
"2764","5d45bb1b62ed9000197adbe6","test_ValenceMatch_Negative","12","ValenceMatchingOnly","scratch","exploit","scratch-exploit","ConcreteMismatch","NegativeMatch"
"2765","5d45bb1b62ed9000197adbe6","control_MaxMatch_Negative_Abstract","91","MaxMatch","criticize","violate","criticize-violate","AbstractMatch","NegativeMatch"
"2766","5d45bb1b62ed9000197adbe6","control_MaxMatch_Positive_Concrete","0","MaxMatch","build","cook","build-cook","ConcreteMatch","PositiveMatch"
"2767","5d45bb1b62ed9000197adbe6","control_MaxMatch_Negative_Concrete","33","MaxMatch","slap","spit","slap-spit","ConcreteMatch","NegativeMatch"
"2768","5d45bb1b62ed9000197adbe6","control_Similar","0","SimilarControl","begin","start","begin-start","",""
"2769","5d45bb1b62ed9000197adbe6","test_ConceptualMatch_Concrete","25","ConceptualMatchingOnly","swing","spit","swing-spit","ConceptualMatch:concrete","PositiveMismatch"
"2770","5d45bb1b62ed9000197adbe6","control_Dissimilar","0","DissimilarControl","give","take","give-take","",""
"2771","5d45bb1b62ed9000197adbe6","control_Similar","99","SimilarControl","speak","talk","speak-talk","",""
"2772","5d45bb1b62ed9000197adbe6","test_ValenceMatch_Positive","11","ValenceMatchingOnly","smile","justify","smile-justify","ConcreteMismatch","PositiveMatch"
"2773","5d45bb1b62ed9000197adbe6","control_MaxMatch_Positive_Abstract","5","MaxMatch","esteem","justify","esteem-justify","AbstractMatch","PositiveMatch"
"2774","5d45bb1b62ed9000197adbe6","control_MaxMismatch","1","MaxMismatch","obsess","believe","obsess-believe","AbstractMismatch","NegativeMismatch"
"2775","5d45bb1b62ed9000197adbe6","control_Dissimilar","0","DissimilarControl","push","pull","push-pull","",""
"2776","5d45bb1b62ed9000197adbe6","test_ConceptualMatch_Abstract","0","ConceptualMatchingOnly","criticize","esteem","criticize-esteem","ConceptualMatch:abstract","NegativeMismatch"
"2777","5d45bb1b62ed9000197adbe6","test_ValenceMatch_Negative","6","ValenceMatchingOnly","vomit","scorn","vomit-scorn","ConcreteMismatch","NegativeMatch"
"2778","5d45bb1b62ed9000197adbe6","control_MaxMatch_Negative_Abstract","77","MaxMatch","criticize","loathe","criticize-loathe","AbstractMatch","NegativeMatch"
"2779","5d45bb1b62ed9000197adbe6","control_MaxMatch_Positive_Concrete","87","MaxMatch","cuddle","hug","cuddle-hug","ConcreteMatch","PositiveMatch"
"2780","5d45bb1b62ed9000197adbe6","control_MaxMatch_Negative_Concrete","0","MaxMatch","puke","scratch","puke-scratch","ConcreteMatch","NegativeMatch"
"2781","5d45bb1b62ed9000197adbe6","control_Similar","99","SimilarControl","buy","purchase","buy-purchase","",""
"2782","5d45bb1b62ed9000197adbe6","test_ConceptualMatch_Concrete","22","ConceptualMatchingOnly","hug","vomit","hug-vomit","ConceptualMatch:concrete","PositiveMismatch"
"2783","5d45bb1b62ed9000197adbe6","control_Dissimilar","0","DissimilarControl","increase","decrease","increase-decrease","",""
"2784","5d45bb1b62ed9000197adbe6","control_Similar","99","SimilarControl","ask","inquire","ask-inquire","",""
"2785","5d45bb1b62ed9000197adbe6","test_ValenceMatch_Positive","12","ValenceMatchingOnly","kiss","justify","kiss-justify","ConcreteMismatch","PositiveMatch"
"2786","5d45bb1b62ed9000197adbe6","control_MaxMatch_Positive_Abstract","72","MaxMatch","hope","fulfill","hope-fulfill","AbstractMatch","PositiveMatch"
"2787","5d45bb1b62ed9000197adbe6","control_MaxMismatch","0","MaxMismatch","scorn","admired","scorn-admired","AbstractMismatch","NegativeMismatch"
"2788","5d45bb1b62ed9000197adbe6","control_Dissimilar","0","DissimilarControl","open","close","open-close","",""
"2789","5d45bb1b62ed9000197adbe6","test_ConceptualMatch_Abstract","21","ConceptualMatchingOnly","scorn","respect","scorn-respect","ConceptualMatch:abstract","NegativeMismatch"
"2790","5d45bb1b62ed9000197adbe6","test_ValenceMatch_Negative","23","ValenceMatchingOnly","stab","scorn","stab-scorn","ConcreteMismatch","NegativeMatch"
"2791","5d45bb1b62ed9000197adbe6","control_MaxMatch_Negative_Abstract","11","MaxMatch","loathe","resent","loathe-resent","AbstractMatch","NegativeMatch"
"2792","5d45bb1b62ed9000197adbe6","control_MaxMatch_Positive_Concrete","17","MaxMatch","hug","swing","hug-swing","ConcreteMatch","PositiveMatch"
"2793","5d45bb1b62ed9000197adbe6","control_MaxMatch_Negative_Concrete","67","MaxMatch","slap","stab","slap-stab","ConcreteMatch","NegativeMatch"
"2794","5d45bb1b62ed9000197adbe6","control_Similar","99","SimilarControl","need","require","need-require","",""
"2795","5d45bb1b62ed9000197adbe6","test_ConceptualMatch_Concrete","20","ConceptualMatchingOnly","sail","bleed","sail-bleed","ConceptualMatch:concrete","PositiveMismatch"
"2796","67bcdb18c5a07dca6589a461","control_Dissimilar","0","DissimilarControl","push","pull","push-pull","",""
"2797","67bcdb18c5a07dca6589a461","control_Similar","99","SimilarControl","end","finish","end-finish","",""
"2798","67bcdb18c5a07dca6589a461","control_MaxMatch_Negative_Abstract","78","MaxMatch","loathe","violate","loathe-violate","AbstractMatch","NegativeMatch"
"2799","67bcdb18c5a07dca6589a461","test_ValenceMatch_Positive","78","ValenceMatchingOnly","kiss","hope","kiss-hope","ConcreteMismatch","PositiveMatch"
"2800","67bcdb18c5a07dca6589a461","control_MaxMismatch","0","MaxMismatch","resent","admired","resent-admired","AbstractMismatch","NegativeMismatch"
"2801","67bcdb18c5a07dca6589a461","test_ConceptualMatch_Abstract","0","ConceptualMatchingOnly","annoy","respect","annoy-respect","ConceptualMatch:abstract","NegativeMismatch"
"2802","67bcdb18c5a07dca6589a461","test_ConceptualMatch_Concrete","0","ConceptualMatchingOnly","hug","kill","hug-kill","ConceptualMatch:concrete","PositiveMismatch"
"2803","67bcdb18c5a07dca6589a461","control_MaxMatch_Negative_Concrete","23","MaxMatch","murder","scratch","murder-scratch","ConcreteMatch","NegativeMatch"
"2804","67bcdb18c5a07dca6589a461","test_ValenceMatch_Negative","69","ValenceMatchingOnly","stab","befall","stab-befall","ConcreteMismatch","NegativeMatch"
"2805","67bcdb18c5a07dca6589a461","control_Dissimilar","0","DissimilarControl","begin","end","begin-end","",""
"2806","67bcdb18c5a07dca6589a461","control_Similar","99","SimilarControl","buy","purchase","buy-purchase","",""
"2807","67bcdb18c5a07dca6589a461","control_MaxMatch_Positive_Abstract","28","MaxMatch","imagine","justify","imagine-justify","AbstractMatch","PositiveMatch"
"2808","67bcdb18c5a07dca6589a461","control_MaxMatch_Positive_Concrete","75","MaxMatch","kiss","smile","kiss-smile","ConcreteMatch","PositiveMatch"
"2809","67bcdb18c5a07dca6589a461","control_Dissimilar","0","DissimilarControl","rise","fall","rise-fall","",""
"2810","67bcdb18c5a07dca6589a461","control_Similar","99","SimilarControl","speak","talk","speak-talk","",""
"2811","67bcdb18c5a07dca6589a461","control_MaxMatch_Negative_Abstract","66","MaxMatch","exploit","obsess","exploit-obsess","AbstractMatch","NegativeMatch"
"2812","67bcdb18c5a07dca6589a461","test_ValenceMatch_Positive","69","ValenceMatchingOnly","cuddle","fulfill","cuddle-fulfill","ConcreteMismatch","PositiveMatch"
"2813","67bcdb18c5a07dca6589a461","control_MaxMismatch","0","MaxMismatch","worry","respect","worry-respect","AbstractMismatch","NegativeMismatch"
"2814","67bcdb18c5a07dca6589a461","test_ConceptualMatch_Abstract","0","ConceptualMatchingOnly","violate","admired","violate-admired","ConceptualMatch:abstract","NegativeMismatch"
"2815","67bcdb18c5a07dca6589a461","test_ConceptualMatch_Concrete","0","ConceptualMatchingOnly","cook","bleed","cook-bleed","ConceptualMatch:concrete","PositiveMismatch"
"2816","67bcdb18c5a07dca6589a461","control_MaxMatch_Negative_Concrete","99","MaxMatch","kill","murder","kill-murder","ConcreteMatch","NegativeMatch"
"2817","67bcdb18c5a07dca6589a461","test_ValenceMatch_Negative","86","ValenceMatchingOnly","kill","loathe","kill-loathe","ConcreteMismatch","NegativeMatch"
"2818","67bcdb18c5a07dca6589a461","control_Dissimilar","0","DissimilarControl","give","take","give-take","",""
"2819","67bcdb18c5a07dca6589a461","control_Similar","99","SimilarControl","begin","start","begin-start","",""
"2820","67bcdb18c5a07dca6589a461","control_MaxMatch_Positive_Abstract","56","MaxMatch","enlighten","cherish","enlighten-cherish","AbstractMatch","PositiveMatch"
"2821","67bcdb18c5a07dca6589a461","control_MaxMatch_Positive_Concrete","0","MaxMatch","cuddle","running","cuddle-running","ConcreteMatch","PositiveMatch"
"2822","67bcdb18c5a07dca6589a461","control_Dissimilar","0","DissimilarControl","open","close","open-close","",""
"2823","67bcdb18c5a07dca6589a461","control_Similar","99","SimilarControl","help","assist","help-assist","",""
"2824","67bcdb18c5a07dca6589a461","control_MaxMatch_Negative_Abstract","65","MaxMatch","annoy","scorn","annoy-scorn","AbstractMatch","NegativeMatch"
"2825","67bcdb18c5a07dca6589a461","test_ValenceMatch_Positive","46","ValenceMatchingOnly","hug","believe","hug-believe","ConcreteMismatch","PositiveMatch"
"2826","67bcdb18c5a07dca6589a461","control_MaxMismatch","79","MaxMismatch","obsess","cherish","obsess-cherish","AbstractMismatch","NegativeMismatch"
"2827","67bcdb18c5a07dca6589a461","test_ConceptualMatch_Abstract","36","ConceptualMatchingOnly","exploit","fulfill","exploit-fulfill","ConceptualMatch:abstract","NegativeMismatch"
"2828","67bcdb18c5a07dca6589a461","test_ConceptualMatch_Concrete","0","ConceptualMatchingOnly","sail","stab","sail-stab","ConceptualMatch:concrete","PositiveMismatch"
"2829","67bcdb18c5a07dca6589a461","control_MaxMatch_Negative_Concrete","74","MaxMatch","bleed","stab","bleed-stab","ConcreteMatch","NegativeMatch"
"2830","67bcdb18c5a07dca6589a461","test_ValenceMatch_Negative","39","ValenceMatchingOnly","vomit","annoy","vomit-annoy","ConcreteMismatch","NegativeMatch"
"2831","67bcdb18c5a07dca6589a461","control_Dissimilar","0","DissimilarControl","add","remove","add-remove","",""
"2832","67bcdb18c5a07dca6589a461","control_Similar","99","SimilarControl","ask","inquire","ask-inquire","",""
"2833","67bcdb18c5a07dca6589a461","control_MaxMatch_Positive_Abstract","67","MaxMatch","believe","respect","believe-respect","AbstractMatch","PositiveMatch"
"2834","67bcdb18c5a07dca6589a461","control_MaxMatch_Positive_Concrete","58","MaxMatch","hug","sail","hug-sail","ConcreteMatch","PositiveMatch"
"2835","67bcdb18c5a07dca6589a461","control_Dissimilar","0","DissimilarControl","arrive","leave","arrive-leave","",""
"2836","67bcdb18c5a07dca6589a461","control_Similar","99","SimilarControl","show","display","show-display","",""
"2837","67bcdb18c5a07dca6589a461","control_MaxMatch_Negative_Abstract","64","MaxMatch","annoy","befall","annoy-befall","AbstractMatch","NegativeMatch"
"2838","67bcdb18c5a07dca6589a461","test_ValenceMatch_Positive","38","ValenceMatchingOnly","running","enlighten","running-enlighten","ConcreteMismatch","PositiveMatch"
"2839","67bcdb18c5a07dca6589a461","control_MaxMismatch","35","MaxMismatch","obsess","esteem","obsess-esteem","AbstractMismatch","NegativeMismatch"
"2840","67bcdb18c5a07dca6589a461","test_ConceptualMatch_Abstract","26","ConceptualMatchingOnly","befall","respect","befall-respect","ConceptualMatch:abstract","NegativeMismatch"
"2841","67bcdb18c5a07dca6589a461","test_ConceptualMatch_Concrete","28","ConceptualMatchingOnly","build","scratch","build-scratch","ConceptualMatch:concrete","PositiveMismatch"
"2842","67bcdb18c5a07dca6589a461","control_MaxMatch_Negative_Concrete","36","MaxMatch","puke","stab","puke-stab","ConcreteMatch","NegativeMatch"
"2843","67bcdb18c5a07dca6589a461","test_ValenceMatch_Negative","59","ValenceMatchingOnly","spit","worry","spit-worry","ConcreteMismatch","NegativeMatch"
"2844","67bcdb18c5a07dca6589a461","control_Dissimilar","0","DissimilarControl","increase","decrease","increase-decrease","",""
"2845","67bcdb18c5a07dca6589a461","control_Similar","99","SimilarControl","need","require","need-require","",""
"2846","67bcdb18c5a07dca6589a461","control_MaxMatch_Positive_Abstract","84","MaxMatch","fulfill","justify","fulfill-justify","AbstractMatch","PositiveMatch"
"2847","67bcdb18c5a07dca6589a461","control_MaxMatch_Positive_Concrete","0","MaxMatch","build","eat","build-eat","ConcreteMatch","PositiveMatch"
"2848","67bcdb18c5a07dca6589a461","control_Dissimilar","0","DissimilarControl","enter","exit","enter-exit","",""
"2849","67bcdb18c5a07dca6589a461","control_Similar","86","SimilarControl","use","employ","use-employ","",""
"2850","67bcdb18c5a07dca6589a461","control_MaxMatch_Negative_Abstract","31","MaxMatch","annoy","exploit","annoy-exploit","AbstractMatch","NegativeMatch"
"2851","67bcdb18c5a07dca6589a461","test_ValenceMatch_Positive","0","ValenceMatchingOnly","running","believe","running-believe","ConcreteMismatch","PositiveMatch"
"2852","67bcdb18c5a07dca6589a461","control_MaxMismatch","0","MaxMismatch","loathe","respect","loathe-respect","AbstractMismatch","NegativeMismatch"
"2853","67bcdb18c5a07dca6589a461","test_ConceptualMatch_Abstract","11","ConceptualMatchingOnly","resent","respect","resent-respect","ConceptualMatch:abstract","NegativeMismatch"
"2854","67bcdb18c5a07dca6589a461","test_ConceptualMatch_Concrete","0","ConceptualMatchingOnly","build","stab","build-stab","ConceptualMatch:concrete","PositiveMismatch"
"2855","67bcdb18c5a07dca6589a461","control_MaxMatch_Negative_Concrete","68","MaxMatch","kill","spit","kill-spit","ConcreteMatch","NegativeMatch"
"2856","67bcdb18c5a07dca6589a461","test_ValenceMatch_Negative","24","ValenceMatchingOnly","slap","obsess","slap-obsess","ConcreteMismatch","NegativeMatch"
"2857","67bcdb18c5a07dca6589a461","control_Dissimilar","0","DissimilarControl","come","go","come-go","",""
"2858","67bcdb18c5a07dca6589a461","control_Similar","99","SimilarControl","get","obtain","get-obtain","",""
"2859","67bcdb18c5a07dca6589a461","control_MaxMatch_Positive_Abstract","69","MaxMatch","hope","respect","hope-respect","AbstractMatch","PositiveMatch"
"2860","67bcdb18c5a07dca6589a461","control_MaxMatch_Positive_Concrete","29","MaxMatch","running","smile","running-smile","ConcreteMatch","PositiveMatch"
"2861","5b9ec956c8a17f000171f7ad","control_Dissimilar","21","DissimilarControl","give","take","give-take","",""
"2862","5b9ec956c8a17f000171f7ad","control_Similar","89","SimilarControl","use","employ","use-employ","",""
"2863","5b9ec956c8a17f000171f7ad","test_ConceptualMatch_Abstract","24","ConceptualMatchingOnly","exploit","cherish","exploit-cherish","ConceptualMatch:abstract","NegativeMismatch"
"2864","5b9ec956c8a17f000171f7ad","control_MaxMatch_Positive_Abstract","78","MaxMatch","enlighten","fulfill","enlighten-fulfill","AbstractMatch","PositiveMatch"
"2865","5b9ec956c8a17f000171f7ad","control_MaxMismatch","17","MaxMismatch","befall","hope","befall-hope","AbstractMismatch","NegativeMismatch"
"2866","5b9ec956c8a17f000171f7ad","test_ConceptualMatch_Concrete","0","ConceptualMatchingOnly","hug","smack","hug-smack","ConceptualMatch:concrete","PositiveMismatch"
"2867","5b9ec956c8a17f000171f7ad","control_MaxMatch_Negative_Concrete","0","MaxMatch","puke","scratch","puke-scratch","ConcreteMatch","NegativeMatch"
"2868","5b9ec956c8a17f000171f7ad","control_MaxMatch_Positive_Concrete","22","MaxMatch","hug","smile","hug-smile","ConcreteMatch","PositiveMatch"
"2869","5b9ec956c8a17f000171f7ad","control_MaxMatch_Negative_Abstract","22","MaxMatch","criticize","loathe","criticize-loathe","AbstractMatch","NegativeMatch"
"2870","5b9ec956c8a17f000171f7ad","control_Dissimilar","20","DissimilarControl","enter","exit","enter-exit","",""
"2871","5b9ec956c8a17f000171f7ad","test_ValenceMatch_Positive","27","ValenceMatchingOnly","smile","esteem","smile-esteem","ConcreteMismatch","PositiveMatch"
"2872","5b9ec956c8a17f000171f7ad","test_ValenceMatch_Negative","16","ValenceMatchingOnly","murder","befall","murder-befall","ConcreteMismatch","NegativeMatch"
"2873","5b9ec956c8a17f000171f7ad","control_Similar","98","SimilarControl","ask","inquire","ask-inquire","",""
"2874","5b9ec956c8a17f000171f7ad","control_Dissimilar","20","DissimilarControl","come","go","come-go","",""
"2875","5b9ec956c8a17f000171f7ad","control_Similar","98","SimilarControl","need","require","need-require","",""
"2876","5b9ec956c8a17f000171f7ad","test_ConceptualMatch_Abstract","0","ConceptualMatchingOnly","annoy","hope","annoy-hope","ConceptualMatch:abstract","NegativeMismatch"
"2877","5b9ec956c8a17f000171f7ad","control_MaxMatch_Positive_Abstract","0","MaxMatch","enlighten","admired","enlighten-admired","AbstractMatch","PositiveMatch"
"2878","5b9ec956c8a17f000171f7ad","control_MaxMismatch","28","MaxMismatch","resent","respect","resent-respect","AbstractMismatch","NegativeMismatch"
"2879","5b9ec956c8a17f000171f7ad","test_ConceptualMatch_Concrete","0","ConceptualMatchingOnly","eat","smack","eat-smack","ConceptualMatch:concrete","PositiveMismatch"
"2880","5b9ec956c8a17f000171f7ad","control_MaxMatch_Negative_Concrete","5","MaxMatch","smack","stab","smack-stab","ConcreteMatch","NegativeMatch"
"2881","5b9ec956c8a17f000171f7ad","control_MaxMatch_Positive_Concrete","0","MaxMatch","running","smile","running-smile","ConcreteMatch","PositiveMatch"
"2882","5b9ec956c8a17f000171f7ad","control_MaxMatch_Negative_Abstract","0","MaxMatch","obsess","scorn","obsess-scorn","AbstractMatch","NegativeMatch"
"2883","5b9ec956c8a17f000171f7ad","control_Dissimilar","17","DissimilarControl","open","close","open-close","",""
"2884","5b9ec956c8a17f000171f7ad","test_ValenceMatch_Positive","0","ValenceMatchingOnly","running","imagine","running-imagine","ConcreteMismatch","PositiveMatch"
"2885","5b9ec956c8a17f000171f7ad","test_ValenceMatch_Negative","18","ValenceMatchingOnly","kill","scorn","kill-scorn","ConcreteMismatch","NegativeMatch"
"2886","5b9ec956c8a17f000171f7ad","control_Similar","94","SimilarControl","begin","start","begin-start","",""
"2887","5b9ec956c8a17f000171f7ad","control_Dissimilar","22","DissimilarControl","rise","fall","rise-fall","",""
"2888","5b9ec956c8a17f000171f7ad","control_Similar","97","SimilarControl","buy","purchase","buy-purchase","",""
"2889","5b9ec956c8a17f000171f7ad","test_ConceptualMatch_Abstract","18","ConceptualMatchingOnly","loathe","respect","loathe-respect","ConceptualMatch:abstract","NegativeMismatch"
"2890","5b9ec956c8a17f000171f7ad","control_MaxMatch_Positive_Abstract","21","MaxMatch","imagine","fulfill","imagine-fulfill","AbstractMatch","PositiveMatch"
"2891","5b9ec956c8a17f000171f7ad","control_MaxMismatch","16","MaxMismatch","worry","esteem","worry-esteem","AbstractMismatch","NegativeMismatch"
"2892","5b9ec956c8a17f000171f7ad","test_ConceptualMatch_Concrete","0","ConceptualMatchingOnly","cuddle","slap","cuddle-slap","ConceptualMatch:concrete","PositiveMismatch"
"2893","5b9ec956c8a17f000171f7ad","control_MaxMatch_Negative_Concrete","0","MaxMatch","stab","vomit","stab-vomit","ConcreteMatch","NegativeMatch"
"2894","5b9ec956c8a17f000171f7ad","control_MaxMatch_Positive_Concrete","0","MaxMatch","cook","cuddle","cook-cuddle","ConcreteMatch","PositiveMatch"
"2895","5b9ec956c8a17f000171f7ad","control_MaxMatch_Negative_Abstract","0","MaxMatch","obsess","worry","obsess-worry","AbstractMatch","NegativeMatch"
"2896","5b9ec956c8a17f000171f7ad","control_Dissimilar","23","DissimilarControl","push","pull","push-pull","",""
"2897","5b9ec956c8a17f000171f7ad","test_ValenceMatch_Positive","0","ValenceMatchingOnly","sail","admired","sail-admired","ConcreteMismatch","PositiveMatch"
"2898","5b9ec956c8a17f000171f7ad","test_ValenceMatch_Negative","0","ValenceMatchingOnly","smack","violate","smack-violate","ConcreteMismatch","NegativeMatch"
"2899","5b9ec956c8a17f000171f7ad","control_Similar","0","SimilarControl","show","display","show-display","",""
"2900","5b9ec956c8a17f000171f7ad","control_Dissimilar","21","DissimilarControl","begin","end","begin-end","",""
"2901","5b9ec956c8a17f000171f7ad","control_Similar","99","SimilarControl","speak","talk","speak-talk","",""
"2902","5b9ec956c8a17f000171f7ad","test_ConceptualMatch_Abstract","0","ConceptualMatchingOnly","worry","imagine","worry-imagine","ConceptualMatch:abstract","NegativeMismatch"
"2903","5b9ec956c8a17f000171f7ad","control_MaxMatch_Positive_Abstract","0","MaxMatch","admired","hope","admired-hope","AbstractMatch","PositiveMatch"
"2904","5b9ec956c8a17f000171f7ad","control_MaxMismatch","70","MaxMismatch","obsess","cherish","obsess-cherish","AbstractMismatch","NegativeMismatch"
"2905","5b9ec956c8a17f000171f7ad","test_ConceptualMatch_Concrete","0","ConceptualMatchingOnly","cuddle","scratch","cuddle-scratch","ConceptualMatch:concrete","PositiveMismatch"
"2906","5b9ec956c8a17f000171f7ad","control_MaxMatch_Negative_Concrete","0","MaxMatch","murder","vomit","murder-vomit","ConcreteMatch","NegativeMatch"
"2907","5b9ec956c8a17f000171f7ad","control_MaxMatch_Positive_Concrete","0","MaxMatch","build","sail","build-sail","ConcreteMatch","PositiveMatch"
"2908","5b9ec956c8a17f000171f7ad","control_MaxMatch_Negative_Abstract","1","MaxMatch","criticize","obsess","criticize-obsess","AbstractMatch","NegativeMatch"
"2909","5b9ec956c8a17f000171f7ad","control_Dissimilar","29","DissimilarControl","arrive","leave","arrive-leave","",""
"2910","5b9ec956c8a17f000171f7ad","test_ValenceMatch_Positive","0","ValenceMatchingOnly","cuddle","cherish","cuddle-cherish","ConcreteMismatch","PositiveMatch"
"2911","5b9ec956c8a17f000171f7ad","test_ValenceMatch_Negative","0","ValenceMatchingOnly","bleed","violate","bleed-violate","ConcreteMismatch","NegativeMatch"
"2912","5b9ec956c8a17f000171f7ad","control_Similar","93","SimilarControl","get","obtain","get-obtain","",""
"2913","5b9ec956c8a17f000171f7ad","control_Dissimilar","22","DissimilarControl","increase","decrease","increase-decrease","",""
"2914","5b9ec956c8a17f000171f7ad","control_Similar","93","SimilarControl","help","assist","help-assist","",""
"2915","5b9ec956c8a17f000171f7ad","test_ConceptualMatch_Abstract","10","ConceptualMatchingOnly","resent","believe","resent-believe","ConceptualMatch:abstract","NegativeMismatch"
"2916","5b9ec956c8a17f000171f7ad","control_MaxMatch_Positive_Abstract","26","MaxMatch","admired","believe","admired-believe","AbstractMatch","PositiveMatch"
"2917","5b9ec956c8a17f000171f7ad","control_MaxMismatch","1","MaxMismatch","criticize","hope","criticize-hope","AbstractMismatch","NegativeMismatch"
"2918","5b9ec956c8a17f000171f7ad","test_ConceptualMatch_Concrete","0","ConceptualMatchingOnly","sail","kill","sail-kill","ConceptualMatch:concrete","PositiveMismatch"
"2919","5b9ec956c8a17f000171f7ad","control_MaxMatch_Negative_Concrete","0","MaxMatch","slap","vomit","slap-vomit","ConcreteMatch","NegativeMatch"
"2920","5b9ec956c8a17f000171f7ad","control_MaxMatch_Positive_Concrete","0","MaxMatch","eat","kiss","eat-kiss","ConcreteMatch","PositiveMatch"
"2921","5b9ec956c8a17f000171f7ad","control_MaxMatch_Negative_Abstract","0","MaxMatch","loathe","violate","loathe-violate","AbstractMatch","NegativeMatch"
"2922","5b9ec956c8a17f000171f7ad","control_Dissimilar","0","DissimilarControl","add","remove","add-remove","",""
"2923","5b9ec956c8a17f000171f7ad","test_ValenceMatch_Positive","0","ValenceMatchingOnly","sail","cherish","sail-cherish","ConcreteMismatch","PositiveMatch"
"2924","5b9ec956c8a17f000171f7ad","test_ValenceMatch_Negative","1","ValenceMatchingOnly","murder","worry","murder-worry","ConcreteMismatch","NegativeMatch"
"2925","5b9ec956c8a17f000171f7ad","control_Similar","97","SimilarControl","end","finish","end-finish","",""
"2926","58d7d2c2e9b6dc000129148a","control_Similar","99","SimilarControl","begin","start","begin-start","",""
"2927","58d7d2c2e9b6dc000129148a","control_Dissimilar","0","DissimilarControl","rise","fall","rise-fall","",""
"2928","58d7d2c2e9b6dc000129148a","control_MaxMatch_Positive_Abstract","44","MaxMatch","hope","justify","hope-justify","AbstractMatch","PositiveMatch"
"2929","58d7d2c2e9b6dc000129148a","control_MaxMatch_Negative_Concrete","12","MaxMatch","murder","smack","murder-smack","ConcreteMatch","NegativeMatch"
"2930","58d7d2c2e9b6dc000129148a","test_ValenceMatch_Negative","4","ValenceMatchingOnly","murder","befall","murder-befall","ConcreteMismatch","NegativeMatch"
"2931","58d7d2c2e9b6dc000129148a","test_ConceptualMatch_Concrete","11","ConceptualMatchingOnly","sail","spit","sail-spit","ConceptualMatch:concrete","PositiveMismatch"
"2932","58d7d2c2e9b6dc000129148a","control_MaxMatch_Negative_Abstract","56","MaxMatch","exploit","scorn","exploit-scorn","AbstractMatch","NegativeMatch"
"2933","58d7d2c2e9b6dc000129148a","control_MaxMismatch","48","MaxMismatch","befall","imagine","befall-imagine","AbstractMismatch","NegativeMismatch"
"2934","58d7d2c2e9b6dc000129148a","control_Similar","99","SimilarControl","buy","purchase","buy-purchase","",""
"2935","58d7d2c2e9b6dc000129148a","control_Dissimilar","0","DissimilarControl","come","go","come-go","",""
"2936","58d7d2c2e9b6dc000129148a","test_ConceptualMatch_Abstract","9","ConceptualMatchingOnly","befall","fulfill","befall-fulfill","ConceptualMatch:abstract","NegativeMismatch"
"2937","58d7d2c2e9b6dc000129148a","control_MaxMatch_Positive_Concrete","46","MaxMatch","cuddle","eat","cuddle-eat","ConcreteMatch","PositiveMatch"
"2938","58d7d2c2e9b6dc000129148a","test_ValenceMatch_Positive","58","ValenceMatchingOnly","hug","enlighten","hug-enlighten","ConcreteMismatch","PositiveMatch"
"2939","58d7d2c2e9b6dc000129148a","control_Similar","92","SimilarControl","show","display","show-display","",""
"2940","58d7d2c2e9b6dc000129148a","control_Dissimilar","0","DissimilarControl","give","take","give-take","",""
"2941","58d7d2c2e9b6dc000129148a","control_MaxMatch_Positive_Abstract","47","MaxMatch","admired","justify","admired-justify","AbstractMatch","PositiveMatch"
"2942","58d7d2c2e9b6dc000129148a","control_MaxMatch_Negative_Concrete","65","MaxMatch","spit","vomit","spit-vomit","ConcreteMatch","NegativeMatch"
"2943","58d7d2c2e9b6dc000129148a","test_ValenceMatch_Negative","74","ValenceMatchingOnly","spit","criticize","spit-criticize","ConcreteMismatch","NegativeMatch"
"2944","58d7d2c2e9b6dc000129148a","test_ConceptualMatch_Concrete","46","ConceptualMatchingOnly","build","scratch","build-scratch","ConceptualMatch:concrete","PositiveMismatch"
"2945","58d7d2c2e9b6dc000129148a","control_MaxMatch_Negative_Abstract","15","MaxMatch","exploit","obsess","exploit-obsess","AbstractMatch","NegativeMatch"
"2946","58d7d2c2e9b6dc000129148a","control_MaxMismatch","0","MaxMismatch","criticize","respect","criticize-respect","AbstractMismatch","NegativeMismatch"
"2947","58d7d2c2e9b6dc000129148a","control_Similar","99","SimilarControl","get","obtain","get-obtain","",""
"2948","58d7d2c2e9b6dc000129148a","control_Dissimilar","0","DissimilarControl","increase","decrease","increase-decrease","",""
"2949","58d7d2c2e9b6dc000129148a","test_ConceptualMatch_Abstract","46","ConceptualMatchingOnly","scorn","justify","scorn-justify","ConceptualMatch:abstract","NegativeMismatch"
"2950","58d7d2c2e9b6dc000129148a","control_MaxMatch_Positive_Concrete","44","MaxMatch","sail","smile","sail-smile","ConcreteMatch","PositiveMatch"
"2951","58d7d2c2e9b6dc000129148a","test_ValenceMatch_Positive","59","ValenceMatchingOnly","smile","admired","smile-admired","ConcreteMismatch","PositiveMatch"
"2952","58d7d2c2e9b6dc000129148a","control_Similar","99","SimilarControl","help","assist","help-assist","",""
"2953","58d7d2c2e9b6dc000129148a","control_Dissimilar","0","DissimilarControl","push","pull","push-pull","",""
"2954","58d7d2c2e9b6dc000129148a","control_MaxMatch_Positive_Abstract","48","MaxMatch","justify","respect","justify-respect","AbstractMatch","PositiveMatch"
"2955","58d7d2c2e9b6dc000129148a","control_MaxMatch_Negative_Concrete","55","MaxMatch","spit","stab","spit-stab","ConcreteMatch","NegativeMatch"
"2956","58d7d2c2e9b6dc000129148a","test_ValenceMatch_Negative","41","ValenceMatchingOnly","smack","obsess","smack-obsess","ConcreteMismatch","NegativeMatch"
"2957","58d7d2c2e9b6dc000129148a","test_ConceptualMatch_Concrete","0","ConceptualMatchingOnly","running","kill","running-kill","ConceptualMatch:concrete","PositiveMismatch"
"2958","58d7d2c2e9b6dc000129148a","control_MaxMatch_Negative_Abstract","56","MaxMatch","annoy","exploit","annoy-exploit","AbstractMatch","NegativeMatch"
"2959","58d7d2c2e9b6dc000129148a","control_MaxMismatch","0","MaxMismatch","resent","admired","resent-admired","AbstractMismatch","NegativeMismatch"
"2960","58d7d2c2e9b6dc000129148a","control_Similar","99","SimilarControl","end","finish","end-finish","",""
"2961","58d7d2c2e9b6dc000129148a","control_Dissimilar","0","DissimilarControl","open","close","open-close","",""
"2962","58d7d2c2e9b6dc000129148a","test_ConceptualMatch_Abstract","0","ConceptualMatchingOnly","loathe","respect","loathe-respect","ConceptualMatch:abstract","NegativeMismatch"
"2963","58d7d2c2e9b6dc000129148a","control_MaxMatch_Positive_Concrete","52","MaxMatch","build","swing","build-swing","ConcreteMatch","PositiveMatch"
"2964","58d7d2c2e9b6dc000129148a","test_ValenceMatch_Positive","44","ValenceMatchingOnly","cook","justify","cook-justify","ConcreteMismatch","PositiveMatch"
"2965","58d7d2c2e9b6dc000129148a","control_Similar","99","SimilarControl","speak","talk","speak-talk","",""
"2966","58d7d2c2e9b6dc000129148a","control_Dissimilar","0","DissimilarControl","begin","end","begin-end","",""
"2967","58d7d2c2e9b6dc000129148a","control_MaxMatch_Positive_Abstract","99","MaxMatch","admired","respect","admired-respect","AbstractMatch","PositiveMatch"
"2968","58d7d2c2e9b6dc000129148a","control_MaxMatch_Negative_Concrete","69","MaxMatch","bleed","slap","bleed-slap","ConcreteMatch","NegativeMatch"
"2969","58d7d2c2e9b6dc000129148a","test_ValenceMatch_Negative","48","ValenceMatchingOnly","slap","obsess","slap-obsess","ConcreteMismatch","NegativeMatch"
"2970","58d7d2c2e9b6dc000129148a","test_ConceptualMatch_Concrete","44","ConceptualMatchingOnly","sail","stab","sail-stab","ConceptualMatch:concrete","PositiveMismatch"
"2971","58d7d2c2e9b6dc000129148a","control_MaxMatch_Negative_Abstract","25","MaxMatch","resent","worry","resent-worry","AbstractMatch","NegativeMatch"
"2972","58d7d2c2e9b6dc000129148a","control_MaxMismatch","49","MaxMismatch","befall","enlighten","befall-enlighten","AbstractMismatch","NegativeMismatch"
"2973","58d7d2c2e9b6dc000129148a","control_Similar","78","SimilarControl","use","employ","use-employ","",""
"2974","58d7d2c2e9b6dc000129148a","control_Dissimilar","0","DissimilarControl","enter","exit","enter-exit","",""
"2975","58d7d2c2e9b6dc000129148a","test_ConceptualMatch_Abstract","39","ConceptualMatchingOnly","violate","justify","violate-justify","ConceptualMatch:abstract","NegativeMismatch"
"2976","58d7d2c2e9b6dc000129148a","control_MaxMatch_Positive_Concrete","56","MaxMatch","cook","smile","cook-smile","ConcreteMatch","PositiveMatch"
"2977","58d7d2c2e9b6dc000129148a","test_ValenceMatch_Positive","88","ValenceMatchingOnly","smile","respect","smile-respect","ConcreteMismatch","PositiveMatch"
"2978","58d7d2c2e9b6dc000129148a","control_Similar","99","SimilarControl","need","require","need-require","",""
"2979","58d7d2c2e9b6dc000129148a","control_Dissimilar","0","DissimilarControl","arrive","leave","arrive-leave","",""
"2980","58d7d2c2e9b6dc000129148a","control_MaxMatch_Positive_Abstract","57","MaxMatch","hope","fulfill","hope-fulfill","AbstractMatch","PositiveMatch"
"2981","58d7d2c2e9b6dc000129148a","control_MaxMatch_Negative_Concrete","93","MaxMatch","bleed","scratch","bleed-scratch","ConcreteMatch","NegativeMatch"
"2982","58d7d2c2e9b6dc000129148a","test_ValenceMatch_Negative","61","ValenceMatchingOnly","bleed","scorn","bleed-scorn","ConcreteMismatch","NegativeMatch"
"2983","58d7d2c2e9b6dc000129148a","test_ConceptualMatch_Concrete","68","ConceptualMatchingOnly","eat","smack","eat-smack","ConceptualMatch:concrete","PositiveMismatch"
"2984","58d7d2c2e9b6dc000129148a","control_MaxMatch_Negative_Abstract","80","MaxMatch","annoy","resent","annoy-resent","AbstractMatch","NegativeMatch"
"2985","58d7d2c2e9b6dc000129148a","control_MaxMismatch","0","MaxMismatch","scorn","admired","scorn-admired","AbstractMismatch","NegativeMismatch"
"2986","58d7d2c2e9b6dc000129148a","control_Similar","99","SimilarControl","ask","inquire","ask-inquire","",""
"2987","58d7d2c2e9b6dc000129148a","control_Dissimilar","0","DissimilarControl","add","remove","add-remove","",""
"2988","58d7d2c2e9b6dc000129148a","test_ConceptualMatch_Abstract","0","ConceptualMatchingOnly","exploit","admired","exploit-admired","ConceptualMatch:abstract","NegativeMismatch"
"2989","58d7d2c2e9b6dc000129148a","control_MaxMatch_Positive_Concrete","48","MaxMatch","smile","swing","smile-swing","ConcreteMatch","PositiveMatch"
"2990","58d7d2c2e9b6dc000129148a","test_ValenceMatch_Positive","48","ValenceMatchingOnly","running","hope","running-hope","ConcreteMismatch","PositiveMatch"
"2991","575aee8152c3fe00091a6252","control_Dissimilar","33","DissimilarControl","come","go","come-go","",""
"2992","575aee8152c3fe00091a6252","control_Similar","99","SimilarControl","end","finish","end-finish","",""
"2993","575aee8152c3fe00091a6252","control_Dissimilar","0","DissimilarControl","arrive","leave","arrive-leave","",""
"2994","575aee8152c3fe00091a6252","test_ValenceMatch_Positive","39","ValenceMatchingOnly","swing","believe","swing-believe","ConcreteMismatch","PositiveMatch"
"2995","575aee8152c3fe00091a6252","control_MaxMatch_Positive_Concrete","29","MaxMatch","kiss","sail","kiss-sail","ConcreteMatch","PositiveMatch"
"2996","575aee8152c3fe00091a6252","test_ConceptualMatch_Abstract","21","ConceptualMatchingOnly","loathe","enlighten","loathe-enlighten","ConceptualMatch:abstract","NegativeMismatch"
"2997","575aee8152c3fe00091a6252","control_MaxMatch_Negative_Abstract","0","MaxMatch","loathe","obsess","loathe-obsess","AbstractMatch","NegativeMatch"
"2998","575aee8152c3fe00091a6252","control_MaxMatch_Negative_Concrete","14","MaxMatch","murder","slap","murder-slap","ConcreteMatch","NegativeMatch"
"2999","575aee8152c3fe00091a6252","control_MaxMismatch","29","MaxMismatch","worry","esteem","worry-esteem","AbstractMismatch","NegativeMismatch"
"3000","575aee8152c3fe00091a6252","test_ConceptualMatch_Concrete","0","ConceptualMatchingOnly","build","smack","build-smack","ConceptualMatch:concrete","PositiveMismatch"
"3001","575aee8152c3fe00091a6252","control_Similar","99","SimilarControl","speak","talk","speak-talk","",""
"3002","575aee8152c3fe00091a6252","test_ValenceMatch_Negative","14","ValenceMatchingOnly","spit","befall","spit-befall","ConcreteMismatch","NegativeMatch"
"3003","575aee8152c3fe00091a6252","control_MaxMatch_Positive_Abstract","25","MaxMatch","enlighten","respect","enlighten-respect","AbstractMatch","PositiveMatch"
"3004","575aee8152c3fe00091a6252","control_Dissimilar","0","DissimilarControl","increase","decrease","increase-decrease","",""
"3005","575aee8152c3fe00091a6252","control_Similar","66","SimilarControl","use","employ","use-employ","",""
"3006","575aee8152c3fe00091a6252","control_Dissimilar","0","DissimilarControl","open","close","open-close","",""
"3007","575aee8152c3fe00091a6252","test_ValenceMatch_Positive","64","ValenceMatchingOnly","kiss","hope","kiss-hope","ConcreteMismatch","PositiveMatch"
"3008","575aee8152c3fe00091a6252","control_MaxMatch_Positive_Concrete","52","MaxMatch","sail","swing","sail-swing","ConcreteMatch","PositiveMatch"
"3009","575aee8152c3fe00091a6252","test_ConceptualMatch_Abstract","21","ConceptualMatchingOnly","exploit","imagine","exploit-imagine","ConceptualMatch:abstract","NegativeMismatch"
"3010","575aee8152c3fe00091a6252","control_MaxMatch_Negative_Abstract","70","MaxMatch","criticize","loathe","criticize-loathe","AbstractMatch","NegativeMatch"
"3011","575aee8152c3fe00091a6252","control_MaxMatch_Negative_Concrete","0","MaxMatch","kill","smack","kill-smack","ConcreteMatch","NegativeMatch"
"3012","575aee8152c3fe00091a6252","control_MaxMismatch","13","MaxMismatch","obsess","justify","obsess-justify","AbstractMismatch","NegativeMismatch"
"3013","575aee8152c3fe00091a6252","test_ConceptualMatch_Concrete","4","ConceptualMatchingOnly","running","spit","running-spit","ConceptualMatch:concrete","PositiveMismatch"
"3014","575aee8152c3fe00091a6252","control_Similar","99","SimilarControl","show","display","show-display","",""
"3015","575aee8152c3fe00091a6252","test_ValenceMatch_Negative","14","ValenceMatchingOnly","slap","resent","slap-resent","ConcreteMismatch","NegativeMatch"
"3016","575aee8152c3fe00091a6252","control_MaxMatch_Positive_Abstract","17","MaxMatch","enlighten","admired","enlighten-admired","AbstractMatch","PositiveMatch"
"3017","575aee8152c3fe00091a6252","control_Dissimilar","0","DissimilarControl","add","remove","add-remove","",""
"3018","575aee8152c3fe00091a6252","control_Similar","80","SimilarControl","need","require","need-require","",""
"3019","575aee8152c3fe00091a6252","control_Dissimilar","0","DissimilarControl","begin","end","begin-end","",""
"3020","575aee8152c3fe00091a6252","test_ValenceMatch_Positive","56","ValenceMatchingOnly","build","fulfill","build-fulfill","ConcreteMismatch","PositiveMatch"
"3021","575aee8152c3fe00091a6252","control_MaxMatch_Positive_Concrete","13","MaxMatch","cuddle","swing","cuddle-swing","ConcreteMatch","PositiveMatch"
"3022","575aee8152c3fe00091a6252","test_ConceptualMatch_Abstract","20","ConceptualMatchingOnly","obsess","respect","obsess-respect","ConceptualMatch:abstract","NegativeMismatch"
"3023","575aee8152c3fe00091a6252","control_MaxMatch_Negative_Abstract","33","MaxMatch","befall","exploit","befall-exploit","AbstractMatch","NegativeMatch"
"3024","575aee8152c3fe00091a6252","control_MaxMatch_Negative_Concrete","0","MaxMatch","kill","puke","kill-puke","ConcreteMatch","NegativeMatch"
"3025","575aee8152c3fe00091a6252","control_MaxMismatch","12","MaxMismatch","annoy","believe","annoy-believe","AbstractMismatch","NegativeMismatch"
"3026","575aee8152c3fe00091a6252","test_ConceptualMatch_Concrete","0","ConceptualMatchingOnly","kiss","murder","kiss-murder","ConceptualMatch:concrete","PositiveMismatch"
"3027","575aee8152c3fe00091a6252","control_Similar","99","SimilarControl","begin","start","begin-start","",""
"3028","575aee8152c3fe00091a6252","test_ValenceMatch_Negative","16","ValenceMatchingOnly","scratch","loathe","scratch-loathe","ConcreteMismatch","NegativeMatch"
"3029","575aee8152c3fe00091a6252","control_MaxMatch_Positive_Abstract","16","MaxMatch","fulfill","justify","fulfill-justify","AbstractMatch","PositiveMatch"
"3030","575aee8152c3fe00091a6252","control_Dissimilar","0","DissimilarControl","enter","exit","enter-exit","",""
"3031","575aee8152c3fe00091a6252","control_Similar","99","SimilarControl","help","assist","help-assist","",""
"3032","575aee8152c3fe00091a6252","control_Dissimilar","14","DissimilarControl","give","take","give-take","",""
"3033","575aee8152c3fe00091a6252","test_ValenceMatch_Positive","3","ValenceMatchingOnly","kiss","believe","kiss-believe","ConcreteMismatch","PositiveMatch"
"3034","575aee8152c3fe00091a6252","control_MaxMatch_Positive_Concrete","0","MaxMatch","cook","cuddle","cook-cuddle","ConcreteMatch","PositiveMatch"
"3035","575aee8152c3fe00091a6252","test_ConceptualMatch_Abstract","25","ConceptualMatchingOnly","befall","cherish","befall-cherish","ConceptualMatch:abstract","NegativeMismatch"
"3036","575aee8152c3fe00091a6252","control_MaxMatch_Negative_Abstract","32","MaxMatch","exploit","violate","exploit-violate","AbstractMatch","NegativeMatch"
"3037","575aee8152c3fe00091a6252","control_MaxMatch_Negative_Concrete","12","MaxMatch","scratch","smack","scratch-smack","ConcreteMatch","NegativeMatch"
"3038","575aee8152c3fe00091a6252","control_MaxMismatch","7","MaxMismatch","scorn","fulfill","scorn-fulfill","AbstractMismatch","NegativeMismatch"
"3039","575aee8152c3fe00091a6252","test_ConceptualMatch_Concrete","0","ConceptualMatchingOnly","hug","spit","hug-spit","ConceptualMatch:concrete","PositiveMismatch"
"3040","575aee8152c3fe00091a6252","control_Similar","99","SimilarControl","buy","purchase","buy-purchase","",""
"3041","575aee8152c3fe00091a6252","test_ValenceMatch_Negative","0","ValenceMatchingOnly","murder","loathe","murder-loathe","ConcreteMismatch","NegativeMatch"
"3042","575aee8152c3fe00091a6252","control_MaxMatch_Positive_Abstract","5","MaxMatch","imagine","esteem","imagine-esteem","AbstractMatch","PositiveMatch"
"3043","575aee8152c3fe00091a6252","control_Dissimilar","10","DissimilarControl","rise","fall","rise-fall","",""
"3044","575aee8152c3fe00091a6252","control_Similar","96","SimilarControl","ask","inquire","ask-inquire","",""
"3045","575aee8152c3fe00091a6252","control_Dissimilar","9","DissimilarControl","push","pull","push-pull","",""
"3046","575aee8152c3fe00091a6252","test_ValenceMatch_Positive","10","ValenceMatchingOnly","build","cherish","build-cherish","ConcreteMismatch","PositiveMatch"
"3047","575aee8152c3fe00091a6252","control_MaxMatch_Positive_Concrete","3","MaxMatch","eat","running","eat-running","ConcreteMatch","PositiveMatch"
"3048","575aee8152c3fe00091a6252","test_ConceptualMatch_Abstract","19","ConceptualMatchingOnly","befall","fulfill","befall-fulfill","ConceptualMatch:abstract","NegativeMismatch"
"3049","575aee8152c3fe00091a6252","control_MaxMatch_Negative_Abstract","77","MaxMatch","annoy","criticize","annoy-criticize","AbstractMatch","NegativeMatch"
"3050","575aee8152c3fe00091a6252","control_MaxMatch_Negative_Concrete","10","MaxMatch","bleed","spit","bleed-spit","ConcreteMatch","NegativeMatch"
"3051","575aee8152c3fe00091a6252","control_MaxMismatch","14","MaxMismatch","scorn","enlighten","scorn-enlighten","AbstractMismatch","NegativeMismatch"
"3052","575aee8152c3fe00091a6252","test_ConceptualMatch_Concrete","0","ConceptualMatchingOnly","kiss","kill","kiss-kill","ConceptualMatch:concrete","PositiveMismatch"
"3053","575aee8152c3fe00091a6252","control_Similar","91","SimilarControl","get","obtain","get-obtain","",""
"3054","575aee8152c3fe00091a6252","test_ValenceMatch_Negative","13","ValenceMatchingOnly","scratch","violate","scratch-violate","ConcreteMismatch","NegativeMatch"
"3055","575aee8152c3fe00091a6252","control_MaxMatch_Positive_Abstract","22","MaxMatch","hope","believe","hope-believe","AbstractMatch","PositiveMatch"
"3056","65d219ae5dfcb3e376af3e01","control_Similar","99","SimilarControl","help","assist","help-assist","",""
"3057","65d219ae5dfcb3e376af3e01","control_Dissimilar","0","DissimilarControl","arrive","leave","arrive-leave","",""
"3058","65d219ae5dfcb3e376af3e01","test_ConceptualMatch_Abstract","66","ConceptualMatchingOnly","befall","imagine","befall-imagine","ConceptualMatch:abstract","NegativeMismatch"
"3059","65d219ae5dfcb3e376af3e01","test_ValenceMatch_Negative","32","ValenceMatchingOnly","slap","annoy","slap-annoy","ConcreteMismatch","NegativeMatch"
"3060","65d219ae5dfcb3e376af3e01","control_MaxMatch_Negative_Concrete","0","MaxMatch","murder","scratch","murder-scratch","ConcreteMatch","NegativeMatch"
"3061","65d219ae5dfcb3e376af3e01","control_MaxMatch_Positive_Abstract","31","MaxMatch","enlighten","admired","enlighten-admired","AbstractMatch","PositiveMatch"
"3062","65d219ae5dfcb3e376af3e01","control_MaxMatch_Positive_Concrete","0","MaxMatch","cook","cuddle","cook-cuddle","ConcreteMatch","PositiveMatch"
"3063","65d219ae5dfcb3e376af3e01","control_MaxMatch_Negative_Abstract","24","MaxMatch","annoy","worry","annoy-worry","AbstractMatch","NegativeMatch"
"3064","65d219ae5dfcb3e376af3e01","control_Similar","99","SimilarControl","buy","purchase","buy-purchase","",""
"3065","65d219ae5dfcb3e376af3e01","test_ConceptualMatch_Concrete","0","ConceptualMatchingOnly","kiss","spit","kiss-spit","ConceptualMatch:concrete","PositiveMismatch"
"3066","65d219ae5dfcb3e376af3e01","control_Dissimilar","12","DissimilarControl","increase","decrease","increase-decrease","",""
"3067","65d219ae5dfcb3e376af3e01","control_MaxMismatch","0","MaxMismatch","exploit","esteem","exploit-esteem","AbstractMismatch","NegativeMismatch"
"3068","65d219ae5dfcb3e376af3e01","test_ValenceMatch_Positive","35","ValenceMatchingOnly","cuddle","respect","cuddle-respect","ConcreteMismatch","PositiveMatch"
"3069","65d219ae5dfcb3e376af3e01","control_Similar","99","SimilarControl","need","require","need-require","",""
"3070","65d219ae5dfcb3e376af3e01","control_Dissimilar","0","DissimilarControl","add","remove","add-remove","",""
"3071","65d219ae5dfcb3e376af3e01","test_ConceptualMatch_Abstract","0","ConceptualMatchingOnly","worry","cherish","worry-cherish","ConceptualMatch:abstract","NegativeMismatch"
"3072","65d219ae5dfcb3e376af3e01","test_ValenceMatch_Negative","23","ValenceMatchingOnly","spit","resent","spit-resent","ConcreteMismatch","NegativeMatch"
"3073","65d219ae5dfcb3e376af3e01","control_MaxMatch_Negative_Concrete","0","MaxMatch","smack","vomit","smack-vomit","ConcreteMatch","NegativeMatch"
"3074","65d219ae5dfcb3e376af3e01","control_MaxMatch_Positive_Abstract","33","MaxMatch","fulfill","esteem","fulfill-esteem","AbstractMatch","PositiveMatch"
"3075","65d219ae5dfcb3e376af3e01","control_MaxMatch_Positive_Concrete","0","MaxMatch","cook","smile","cook-smile","ConcreteMatch","PositiveMatch"
"3076","65d219ae5dfcb3e376af3e01","control_MaxMatch_Negative_Abstract","21","MaxMatch","annoy","obsess","annoy-obsess","AbstractMatch","NegativeMatch"
"3077","65d219ae5dfcb3e376af3e01","control_Similar","99","SimilarControl","begin","start","begin-start","",""
"3078","65d219ae5dfcb3e376af3e01","test_ConceptualMatch_Concrete","0","ConceptualMatchingOnly","eat","murder","eat-murder","ConceptualMatch:concrete","PositiveMismatch"
"3079","65d219ae5dfcb3e376af3e01","control_Dissimilar","43","DissimilarControl","open","close","open-close","",""
"3080","65d219ae5dfcb3e376af3e01","control_MaxMismatch","15","MaxMismatch","exploit","enlighten","exploit-enlighten","AbstractMismatch","NegativeMismatch"
"3081","65d219ae5dfcb3e376af3e01","test_ValenceMatch_Positive","32","ValenceMatchingOnly","hug","esteem","hug-esteem","ConcreteMismatch","PositiveMatch"
"3082","65d219ae5dfcb3e376af3e01","control_Similar","99","SimilarControl","ask","inquire","ask-inquire","",""
"3083","65d219ae5dfcb3e376af3e01","control_Dissimilar","47","DissimilarControl","come","go","come-go","",""
"3084","65d219ae5dfcb3e376af3e01","test_ConceptualMatch_Abstract","18","ConceptualMatchingOnly","exploit","believe","exploit-believe","ConceptualMatch:abstract","NegativeMismatch"
"3085","65d219ae5dfcb3e376af3e01","test_ValenceMatch_Negative","0","ValenceMatchingOnly","scratch","befall","scratch-befall","ConcreteMismatch","NegativeMatch"
"3086","65d219ae5dfcb3e376af3e01","control_MaxMatch_Negative_Concrete","0","MaxMatch","kill","puke","kill-puke","ConcreteMatch","NegativeMatch"
"3087","65d219ae5dfcb3e376af3e01","control_MaxMatch_Positive_Abstract","29","MaxMatch","believe","respect","believe-respect","AbstractMatch","PositiveMatch"
"3088","65d219ae5dfcb3e376af3e01","control_MaxMatch_Positive_Concrete","0","MaxMatch","smile","swing","smile-swing","ConcreteMatch","PositiveMatch"
"3089","65d219ae5dfcb3e376af3e01","control_MaxMatch_Negative_Abstract","16","MaxMatch","exploit","scorn","exploit-scorn","AbstractMatch","NegativeMatch"
"3090","65d219ae5dfcb3e376af3e01","control_Similar","99","SimilarControl","show","display","show-display","",""
"3091","65d219ae5dfcb3e376af3e01","test_ConceptualMatch_Concrete","0","ConceptualMatchingOnly","eat","vomit","eat-vomit","ConceptualMatch:concrete","PositiveMismatch"
"3092","65d219ae5dfcb3e376af3e01","control_Dissimilar","34","DissimilarControl","rise","fall","rise-fall","",""
"3093","65d219ae5dfcb3e376af3e01","control_MaxMismatch","0","MaxMismatch","criticize","esteem","criticize-esteem","AbstractMismatch","NegativeMismatch"
"3094","65d219ae5dfcb3e376af3e01","test_ValenceMatch_Positive","0","ValenceMatchingOnly","running","justify","running-justify","ConcreteMismatch","PositiveMatch"
"3095","65d219ae5dfcb3e376af3e01","control_Similar","25","SimilarControl","use","employ","use-employ","",""
"3096","65d219ae5dfcb3e376af3e01","control_Dissimilar","15","DissimilarControl","give","take","give-take","",""
"3097","65d219ae5dfcb3e376af3e01","test_ConceptualMatch_Abstract","15","ConceptualMatchingOnly","resent","justify","resent-justify","ConceptualMatch:abstract","NegativeMismatch"
"3098","65d219ae5dfcb3e376af3e01","test_ValenceMatch_Negative","0","ValenceMatchingOnly","kill","criticize","kill-criticize","ConcreteMismatch","NegativeMatch"
"3099","65d219ae5dfcb3e376af3e01","control_MaxMatch_Negative_Concrete","29","MaxMatch","scratch","smack","scratch-smack","ConcreteMatch","NegativeMatch"
"3100","65d219ae5dfcb3e376af3e01","control_MaxMatch_Positive_Abstract","40","MaxMatch","hope","justify","hope-justify","AbstractMatch","PositiveMatch"
"3101","65d219ae5dfcb3e376af3e01","control_MaxMatch_Positive_Concrete","0","MaxMatch","running","smile","running-smile","ConcreteMatch","PositiveMatch"
"3102","65d219ae5dfcb3e376af3e01","control_MaxMatch_Negative_Abstract","23","MaxMatch","criticize","resent","criticize-resent","AbstractMatch","NegativeMatch"
"3103","65d219ae5dfcb3e376af3e01","control_Similar","99","SimilarControl","get","obtain","get-obtain","",""
"3104","65d219ae5dfcb3e376af3e01","test_ConceptualMatch_Concrete","0","ConceptualMatchingOnly","hug","murder","hug-murder","ConceptualMatch:concrete","PositiveMismatch"
"3105","65d219ae5dfcb3e376af3e01","control_Dissimilar","33","DissimilarControl","enter","exit","enter-exit","",""
"3106","65d219ae5dfcb3e376af3e01","control_MaxMismatch","0","MaxMismatch","violate","admired","violate-admired","AbstractMismatch","NegativeMismatch"
"3107","65d219ae5dfcb3e376af3e01","test_ValenceMatch_Positive","0","ValenceMatchingOnly","cook","justify","cook-justify","ConcreteMismatch","PositiveMatch"
"3108","65d219ae5dfcb3e376af3e01","control_Similar","99","SimilarControl","speak","talk","speak-talk","",""
"3109","65d219ae5dfcb3e376af3e01","control_Dissimilar","33","DissimilarControl","push","pull","push-pull","",""
"3110","65d219ae5dfcb3e376af3e01","test_ConceptualMatch_Abstract","28","ConceptualMatchingOnly","worry","hope","worry-hope","ConceptualMatch:abstract","NegativeMismatch"
"3111","65d219ae5dfcb3e376af3e01","test_ValenceMatch_Negative","0","ValenceMatchingOnly","vomit","criticize","vomit-criticize","ConcreteMismatch","NegativeMatch"
"3112","65d219ae5dfcb3e376af3e01","control_MaxMatch_Negative_Concrete","29","MaxMatch","smack","stab","smack-stab","ConcreteMatch","NegativeMatch"
"3113","65d219ae5dfcb3e376af3e01","control_MaxMatch_Positive_Abstract","80","MaxMatch","cherish","respect","cherish-respect","AbstractMatch","PositiveMatch"
"3114","65d219ae5dfcb3e376af3e01","control_MaxMatch_Positive_Concrete","0","MaxMatch","running","swing","running-swing","ConcreteMatch","PositiveMatch"
"3115","65d219ae5dfcb3e376af3e01","control_MaxMatch_Negative_Abstract","31","MaxMatch","befall","scorn","befall-scorn","AbstractMatch","NegativeMatch"
"3116","65d219ae5dfcb3e376af3e01","control_Similar","99","SimilarControl","end","finish","end-finish","",""
"3117","65d219ae5dfcb3e376af3e01","test_ConceptualMatch_Concrete","0","ConceptualMatchingOnly","kiss","smack","kiss-smack","ConceptualMatch:concrete","PositiveMismatch"
"3118","65d219ae5dfcb3e376af3e01","control_Dissimilar","30","DissimilarControl","begin","end","begin-end","",""
"3119","65d219ae5dfcb3e376af3e01","control_MaxMismatch","0","MaxMismatch","obsess","respect","obsess-respect","AbstractMismatch","NegativeMismatch"
"3120","65d219ae5dfcb3e376af3e01","test_ValenceMatch_Positive","71","ValenceMatchingOnly","hug","respect","hug-respect","ConcreteMismatch","PositiveMatch"
"3121","678c89e7d72ecd785f475dfd","control_Dissimilar","14","DissimilarControl","add","remove","add-remove","",""
"3122","678c89e7d72ecd785f475dfd","control_Similar","86","SimilarControl","help","assist","help-assist","",""
"3123","678c89e7d72ecd785f475dfd","test_ConceptualMatch_Abstract","9","ConceptualMatchingOnly","loathe","hope","loathe-hope","ConceptualMatch:abstract","NegativeMismatch"
"3124","678c89e7d72ecd785f475dfd","control_MaxMatch_Positive_Concrete","71","MaxMatch","hug","kiss","hug-kiss","ConcreteMatch","PositiveMatch"
"3125","678c89e7d72ecd785f475dfd","control_Dissimilar","78","DissimilarControl","push","pull","push-pull","",""
"3126","678c89e7d72ecd785f475dfd","control_MaxMatch_Negative_Concrete","39","MaxMatch","slap","smack","slap-smack","ConcreteMatch","NegativeMatch"
"3127","678c89e7d72ecd785f475dfd","control_Similar","61","SimilarControl","use","employ","use-employ","",""
"3128","678c89e7d72ecd785f475dfd","test_ValenceMatch_Positive","28","ValenceMatchingOnly","build","admired","build-admired","ConcreteMismatch","PositiveMatch"
"3129","678c89e7d72ecd785f475dfd","test_ConceptualMatch_Concrete","22","ConceptualMatchingOnly","kiss","slap","kiss-slap","ConceptualMatch:concrete","PositiveMismatch"
"3130","678c89e7d72ecd785f475dfd","test_ValenceMatch_Negative","11","ValenceMatchingOnly","murder","worry","murder-worry","ConcreteMismatch","NegativeMatch"
"3131","678c89e7d72ecd785f475dfd","control_MaxMatch_Positive_Abstract","29","MaxMatch","admired","fulfill","admired-fulfill","AbstractMatch","PositiveMatch"
"3132","678c89e7d72ecd785f475dfd","control_MaxMatch_Negative_Abstract","29","MaxMatch","exploit","obsess","exploit-obsess","AbstractMatch","NegativeMatch"
"3133","678c89e7d72ecd785f475dfd","control_MaxMismatch","70","MaxMismatch","scorn","enlighten","scorn-enlighten","AbstractMismatch","NegativeMismatch"
"3134","678c89e7d72ecd785f475dfd","control_Dissimilar","10","DissimilarControl","open","close","open-close","",""
"3135","678c89e7d72ecd785f475dfd","control_Similar","99","SimilarControl","begin","start","begin-start","",""
"3136","678c89e7d72ecd785f475dfd","test_ConceptualMatch_Abstract","16","ConceptualMatchingOnly","annoy","admired","annoy-admired","ConceptualMatch:abstract","NegativeMismatch"
"3137","678c89e7d72ecd785f475dfd","control_MaxMatch_Positive_Concrete","12","MaxMatch","eat","running","eat-running","ConcreteMatch","PositiveMatch"
"3138","678c89e7d72ecd785f475dfd","control_Dissimilar","11","DissimilarControl","rise","fall","rise-fall","",""
"3139","678c89e7d72ecd785f475dfd","control_MaxMatch_Negative_Concrete","27","MaxMatch","slap","spit","slap-spit","ConcreteMatch","NegativeMatch"
"3140","678c89e7d72ecd785f475dfd","control_Similar","99","SimilarControl","ask","inquire","ask-inquire","",""
"3141","678c89e7d72ecd785f475dfd","test_ValenceMatch_Positive","39","ValenceMatchingOnly","smile","respect","smile-respect","ConcreteMismatch","PositiveMatch"
"3142","678c89e7d72ecd785f475dfd","test_ConceptualMatch_Concrete","16","ConceptualMatchingOnly","sail","slap","sail-slap","ConceptualMatch:concrete","PositiveMismatch"
"3143","678c89e7d72ecd785f475dfd","test_ValenceMatch_Negative","27","ValenceMatchingOnly","murder","exploit","murder-exploit","ConcreteMismatch","NegativeMatch"
"3144","678c89e7d72ecd785f475dfd","control_MaxMatch_Positive_Abstract","71","MaxMatch","esteem","respect","esteem-respect","AbstractMatch","PositiveMatch"
"3145","678c89e7d72ecd785f475dfd","control_MaxMatch_Negative_Abstract","63","MaxMatch","befall","loathe","befall-loathe","AbstractMatch","NegativeMatch"
"3146","678c89e7d72ecd785f475dfd","control_MaxMismatch","22","MaxMismatch","annoy","believe","annoy-believe","AbstractMismatch","NegativeMismatch"
"3147","678c89e7d72ecd785f475dfd","control_Dissimilar","6","DissimilarControl","increase","decrease","increase-decrease","",""
"3148","678c89e7d72ecd785f475dfd","control_Similar","93","SimilarControl","buy","purchase","buy-purchase","",""
"3149","678c89e7d72ecd785f475dfd","test_ConceptualMatch_Abstract","15","ConceptualMatchingOnly","befall","imagine","befall-imagine","ConceptualMatch:abstract","NegativeMismatch"
"3150","678c89e7d72ecd785f475dfd","control_MaxMatch_Positive_Concrete","36","MaxMatch","hug","swing","hug-swing","ConcreteMatch","PositiveMatch"
"3151","678c89e7d72ecd785f475dfd","control_Dissimilar","12","DissimilarControl","come","go","come-go","",""
"3152","678c89e7d72ecd785f475dfd","control_MaxMatch_Negative_Concrete","7","MaxMatch","kill","vomit","kill-vomit","ConcreteMatch","NegativeMatch"
"3153","678c89e7d72ecd785f475dfd","control_Similar","96","SimilarControl","need","require","need-require","",""
"3154","678c89e7d72ecd785f475dfd","test_ValenceMatch_Positive","6","ValenceMatchingOnly","running","hope","running-hope","ConcreteMismatch","PositiveMatch"
"3155","678c89e7d72ecd785f475dfd","test_ConceptualMatch_Concrete","30","ConceptualMatchingOnly","swing","slap","swing-slap","ConceptualMatch:concrete","PositiveMismatch"
"3156","678c89e7d72ecd785f475dfd","test_ValenceMatch_Negative","66","ValenceMatchingOnly","scratch","scorn","scratch-scorn","ConcreteMismatch","NegativeMatch"
"3157","678c89e7d72ecd785f475dfd","control_MaxMatch_Positive_Abstract","81","MaxMatch","justify","respect","justify-respect","AbstractMatch","PositiveMatch"
"3158","678c89e7d72ecd785f475dfd","control_MaxMatch_Negative_Abstract","64","MaxMatch","resent","violate","resent-violate","AbstractMatch","NegativeMatch"
"3159","678c89e7d72ecd785f475dfd","control_MaxMismatch","11","MaxMismatch","worry","hope","worry-hope","AbstractMismatch","NegativeMismatch"
"3160","678c89e7d72ecd785f475dfd","control_Dissimilar","3","DissimilarControl","give","take","give-take","",""
"3161","678c89e7d72ecd785f475dfd","control_Similar","89","SimilarControl","show","display","show-display","",""
"3162","678c89e7d72ecd785f475dfd","test_ConceptualMatch_Abstract","18","ConceptualMatchingOnly","criticize","cherish","criticize-cherish","ConceptualMatch:abstract","NegativeMismatch"
"3163","678c89e7d72ecd785f475dfd","control_MaxMatch_Positive_Concrete","25","MaxMatch","build","swing","build-swing","ConcreteMatch","PositiveMatch"
"3164","678c89e7d72ecd785f475dfd","control_Dissimilar","10","DissimilarControl","begin","end","begin-end","",""
"3165","678c89e7d72ecd785f475dfd","control_MaxMatch_Negative_Concrete","5","MaxMatch","bleed","smack","bleed-smack","ConcreteMatch","NegativeMatch"
"3166","678c89e7d72ecd785f475dfd","control_Similar","99","SimilarControl","speak","talk","speak-talk","",""
"3167","678c89e7d72ecd785f475dfd","test_ValenceMatch_Positive","11","ValenceMatchingOnly","kiss","justify","kiss-justify","ConcreteMismatch","PositiveMatch"
"3168","678c89e7d72ecd785f475dfd","test_ConceptualMatch_Concrete","22","ConceptualMatchingOnly","eat","bleed","eat-bleed","ConceptualMatch:concrete","PositiveMismatch"
"3169","678c89e7d72ecd785f475dfd","test_ValenceMatch_Negative","11","ValenceMatchingOnly","vomit","scorn","vomit-scorn","ConcreteMismatch","NegativeMatch"
"3170","678c89e7d72ecd785f475dfd","control_MaxMatch_Positive_Abstract","12","MaxMatch","admired","justify","admired-justify","AbstractMatch","PositiveMatch"
"3171","678c89e7d72ecd785f475dfd","control_MaxMatch_Negative_Abstract","11","MaxMatch","befall","violate","befall-violate","AbstractMatch","NegativeMatch"
"3172","678c89e7d72ecd785f475dfd","control_MaxMismatch","16","MaxMismatch","obsess","believe","obsess-believe","AbstractMismatch","NegativeMismatch"
"3173","678c89e7d72ecd785f475dfd","control_Dissimilar","5","DissimilarControl","enter","exit","enter-exit","",""
"3174","678c89e7d72ecd785f475dfd","control_Similar","95","SimilarControl","get","obtain","get-obtain","",""
"3175","678c89e7d72ecd785f475dfd","test_ConceptualMatch_Abstract","6","ConceptualMatchingOnly","loathe","esteem","loathe-esteem","ConceptualMatch:abstract","NegativeMismatch"
"3176","678c89e7d72ecd785f475dfd","control_MaxMatch_Positive_Concrete","82","MaxMatch","cuddle","kiss","cuddle-kiss","ConcreteMatch","PositiveMatch"
"3177","678c89e7d72ecd785f475dfd","control_Dissimilar","7","DissimilarControl","arrive","leave","arrive-leave","",""
"3178","678c89e7d72ecd785f475dfd","control_MaxMatch_Negative_Concrete","81","MaxMatch","bleed","vomit","bleed-vomit","ConcreteMatch","NegativeMatch"
"3179","678c89e7d72ecd785f475dfd","control_Similar","99","SimilarControl","end","finish","end-finish","",""
"3180","678c89e7d72ecd785f475dfd","test_ValenceMatch_Positive","8","ValenceMatchingOnly","running","imagine","running-imagine","ConcreteMismatch","PositiveMatch"
"3181","678c89e7d72ecd785f475dfd","test_ConceptualMatch_Concrete","5","ConceptualMatchingOnly","cuddle","puke","cuddle-puke","ConceptualMatch:concrete","PositiveMismatch"
"3182","678c89e7d72ecd785f475dfd","test_ValenceMatch_Negative","82","ValenceMatchingOnly","spit","resent","spit-resent","ConcreteMismatch","NegativeMatch"
"3183","678c89e7d72ecd785f475dfd","control_MaxMatch_Positive_Abstract","64","MaxMatch","enlighten","admired","enlighten-admired","AbstractMatch","PositiveMatch"
"3184","678c89e7d72ecd785f475dfd","control_MaxMatch_Negative_Abstract","8","MaxMatch","exploit","worry","exploit-worry","AbstractMatch","NegativeMatch"
"3185","678c89e7d72ecd785f475dfd","control_MaxMismatch","4","MaxMismatch","violate","admired","violate-admired","AbstractMismatch","NegativeMismatch"
"3186","6694251bbfc3e4a246f8125a","control_Similar","99","SimilarControl","buy","purchase","buy-purchase","",""
"3187","6694251bbfc3e4a246f8125a","control_Dissimilar","0","DissimilarControl","open","close","open-close","",""
"3188","6694251bbfc3e4a246f8125a","test_ConceptualMatch_Concrete","14","ConceptualMatchingOnly","smile","spit","smile-spit","ConceptualMatch:concrete","PositiveMismatch"
"3189","6694251bbfc3e4a246f8125a","control_Similar","99","SimilarControl","ask","inquire","ask-inquire","",""
"3190","6694251bbfc3e4a246f8125a","control_Dissimilar","0","DissimilarControl","give","take","give-take","",""
"3191","6694251bbfc3e4a246f8125a","test_ConceptualMatch_Abstract","26","ConceptualMatchingOnly","loathe","imagine","loathe-imagine","ConceptualMatch:abstract","NegativeMismatch"
"3192","6694251bbfc3e4a246f8125a","control_MaxMatch_Negative_Abstract","2","MaxMatch","befall","resent","befall-resent","AbstractMatch","NegativeMatch"
"3193","6694251bbfc3e4a246f8125a","control_MaxMatch_Positive_Abstract","62","MaxMatch","enlighten","hope","enlighten-hope","AbstractMatch","PositiveMatch"
"3194","6694251bbfc3e4a246f8125a","test_ValenceMatch_Negative","59","ValenceMatchingOnly","kill","exploit","kill-exploit","ConcreteMismatch","NegativeMatch"
"3195","6694251bbfc3e4a246f8125a","control_MaxMatch_Positive_Concrete","34","MaxMatch","cuddle","eat","cuddle-eat","ConcreteMatch","PositiveMatch"
"3196","6694251bbfc3e4a246f8125a","test_ValenceMatch_Positive","26","ValenceMatchingOnly","sail","esteem","sail-esteem","ConcreteMismatch","PositiveMatch"
"3197","6694251bbfc3e4a246f8125a","control_MaxMatch_Negative_Concrete","58","MaxMatch","scratch","smack","scratch-smack","ConcreteMatch","NegativeMatch"
"3198","6694251bbfc3e4a246f8125a","control_MaxMismatch","0","MaxMismatch","annoy","respect","annoy-respect","AbstractMismatch","NegativeMismatch"
"3199","6694251bbfc3e4a246f8125a","control_Similar","99","SimilarControl","need","require","need-require","",""
"3200","6694251bbfc3e4a246f8125a","control_Dissimilar","12","DissimilarControl","arrive","leave","arrive-leave","",""
"3201","6694251bbfc3e4a246f8125a","test_ConceptualMatch_Concrete","0","ConceptualMatchingOnly","eat","scratch","eat-scratch","ConceptualMatch:concrete","PositiveMismatch"
"3202","6694251bbfc3e4a246f8125a","control_Similar","99","SimilarControl","help","assist","help-assist","",""
"3203","6694251bbfc3e4a246f8125a","control_Dissimilar","24","DissimilarControl","enter","exit","enter-exit","",""
"3204","6694251bbfc3e4a246f8125a","test_ConceptualMatch_Abstract","8","ConceptualMatchingOnly","obsess","justify","obsess-justify","ConceptualMatch:abstract","NegativeMismatch"
"3205","6694251bbfc3e4a246f8125a","control_MaxMatch_Negative_Abstract","94","MaxMatch","resent","scorn","resent-scorn","AbstractMatch","NegativeMatch"
"3206","6694251bbfc3e4a246f8125a","control_MaxMatch_Positive_Abstract","93","MaxMatch","imagine","hope","imagine-hope","AbstractMatch","PositiveMatch"
"3207","6694251bbfc3e4a246f8125a","test_ValenceMatch_Negative","28","ValenceMatchingOnly","vomit","criticize","vomit-criticize","ConcreteMismatch","NegativeMatch"
"3208","6694251bbfc3e4a246f8125a","control_MaxMatch_Positive_Concrete","0","MaxMatch","hug","sail","hug-sail","ConcreteMatch","PositiveMatch"
"3209","6694251bbfc3e4a246f8125a","test_ValenceMatch_Positive","30","ValenceMatchingOnly","running","esteem","running-esteem","ConcreteMismatch","PositiveMatch"
"3210","6694251bbfc3e4a246f8125a","control_MaxMatch_Negative_Concrete","0","MaxMatch","puke","scratch","puke-scratch","ConcreteMatch","NegativeMatch"
"3211","6694251bbfc3e4a246f8125a","control_MaxMismatch","0","MaxMismatch","exploit","respect","exploit-respect","AbstractMismatch","NegativeMismatch"
"3212","6694251bbfc3e4a246f8125a","control_Similar","98","SimilarControl","get","obtain","get-obtain","",""
"3213","6694251bbfc3e4a246f8125a","control_Dissimilar","0","DissimilarControl","increase","decrease","increase-decrease","",""
"3214","6694251bbfc3e4a246f8125a","test_ConceptualMatch_Concrete","0","ConceptualMatchingOnly","eat","murder","eat-murder","ConceptualMatch:concrete","PositiveMismatch"
"3215","6694251bbfc3e4a246f8125a","control_Similar","94","SimilarControl","show","display","show-display","",""
"3216","6694251bbfc3e4a246f8125a","control_Dissimilar","0","DissimilarControl","come","go","come-go","",""
"3217","6694251bbfc3e4a246f8125a","test_ConceptualMatch_Abstract","33","ConceptualMatchingOnly","obsess","believe","obsess-believe","ConceptualMatch:abstract","NegativeMismatch"
"3218","6694251bbfc3e4a246f8125a","control_MaxMatch_Negative_Abstract","0","MaxMatch","befall","violate","befall-violate","AbstractMatch","NegativeMatch"
"3219","6694251bbfc3e4a246f8125a","control_MaxMatch_Positive_Abstract","36","MaxMatch","believe","fulfill","believe-fulfill","AbstractMatch","PositiveMatch"
"3220","6694251bbfc3e4a246f8125a","test_ValenceMatch_Negative","14","ValenceMatchingOnly","smack","resent","smack-resent","ConcreteMismatch","NegativeMatch"
"3221","6694251bbfc3e4a246f8125a","control_MaxMatch_Positive_Concrete","28","MaxMatch","eat","smile","eat-smile","ConcreteMatch","PositiveMatch"
"3222","6694251bbfc3e4a246f8125a","test_ValenceMatch_Positive","0","ValenceMatchingOnly","sail","hope","sail-hope","ConcreteMismatch","PositiveMatch"
"3223","6694251bbfc3e4a246f8125a","control_MaxMatch_Negative_Concrete","16","MaxMatch","murder","scratch","murder-scratch","ConcreteMatch","NegativeMatch"
"3224","6694251bbfc3e4a246f8125a","control_MaxMismatch","0","MaxMismatch","criticize","respect","criticize-respect","AbstractMismatch","NegativeMismatch"
"3225","6694251bbfc3e4a246f8125a","control_Similar","99","SimilarControl","begin","start","begin-start","",""
"3226","6694251bbfc3e4a246f8125a","control_Dissimilar","0","DissimilarControl","add","remove","add-remove","",""
"3227","6694251bbfc3e4a246f8125a","test_ConceptualMatch_Concrete","0","ConceptualMatchingOnly","running","stab","running-stab","ConceptualMatch:concrete","PositiveMismatch"
"3228","6694251bbfc3e4a246f8125a","control_Similar","99","SimilarControl","use","employ","use-employ","",""
"3229","6694251bbfc3e4a246f8125a","control_Dissimilar","0","DissimilarControl","rise","fall","rise-fall","",""
"3230","6694251bbfc3e4a246f8125a","test_ConceptualMatch_Abstract","0","ConceptualMatchingOnly","exploit","enlighten","exploit-enlighten","ConceptualMatch:abstract","NegativeMismatch"
"3231","6694251bbfc3e4a246f8125a","control_MaxMatch_Negative_Abstract","8","MaxMatch","loathe","worry","loathe-worry","AbstractMatch","NegativeMatch"
"3232","6694251bbfc3e4a246f8125a","control_MaxMatch_Positive_Abstract","90","MaxMatch","admired","respect","admired-respect","AbstractMatch","PositiveMatch"
"3233","6694251bbfc3e4a246f8125a","test_ValenceMatch_Negative","3","ValenceMatchingOnly","slap","scorn","slap-scorn","ConcreteMismatch","NegativeMatch"
"3234","6694251bbfc3e4a246f8125a","control_MaxMatch_Positive_Concrete","77","MaxMatch","cook","eat","cook-eat","ConcreteMatch","PositiveMatch"
"3235","6694251bbfc3e4a246f8125a","test_ValenceMatch_Positive","36","ValenceMatchingOnly","cuddle","fulfill","cuddle-fulfill","ConcreteMismatch","PositiveMatch"
"3236","6694251bbfc3e4a246f8125a","control_MaxMatch_Negative_Concrete","56","MaxMatch","slap","spit","slap-spit","ConcreteMatch","NegativeMatch"
"3237","6694251bbfc3e4a246f8125a","control_MaxMismatch","38","MaxMismatch","obsess","imagine","obsess-imagine","AbstractMismatch","NegativeMismatch"
"3238","6694251bbfc3e4a246f8125a","control_Similar","99","SimilarControl","end","finish","end-finish","",""
"3239","6694251bbfc3e4a246f8125a","control_Dissimilar","18","DissimilarControl","push","pull","push-pull","",""
"3240","6694251bbfc3e4a246f8125a","test_ConceptualMatch_Concrete","0","ConceptualMatchingOnly","smile","puke","smile-puke","ConceptualMatch:concrete","PositiveMismatch"
"3241","6694251bbfc3e4a246f8125a","control_Similar","99","SimilarControl","speak","talk","speak-talk","",""
"3242","6694251bbfc3e4a246f8125a","control_Dissimilar","15","DissimilarControl","begin","end","begin-end","",""
"3243","6694251bbfc3e4a246f8125a","test_ConceptualMatch_Abstract","0","ConceptualMatchingOnly","violate","justify","violate-justify","ConceptualMatch:abstract","NegativeMismatch"
"3244","6694251bbfc3e4a246f8125a","control_MaxMatch_Negative_Abstract","0","MaxMatch","annoy","befall","annoy-befall","AbstractMatch","NegativeMatch"
"3245","6694251bbfc3e4a246f8125a","control_MaxMatch_Positive_Abstract","0","MaxMatch","imagine","admired","imagine-admired","AbstractMatch","PositiveMatch"
"3246","6694251bbfc3e4a246f8125a","test_ValenceMatch_Negative","0","ValenceMatchingOnly","smack","befall","smack-befall","ConcreteMismatch","NegativeMatch"
"3247","6694251bbfc3e4a246f8125a","control_MaxMatch_Positive_Concrete","0","MaxMatch","eat","hug","eat-hug","ConcreteMatch","PositiveMatch"
"3248","6694251bbfc3e4a246f8125a","test_ValenceMatch_Positive","0","ValenceMatchingOnly","smile","respect","smile-respect","ConcreteMismatch","PositiveMatch"
"3249","6694251bbfc3e4a246f8125a","control_MaxMatch_Negative_Concrete","56","MaxMatch","scratch","stab","scratch-stab","ConcreteMatch","NegativeMatch"
"3250","6694251bbfc3e4a246f8125a","control_MaxMismatch","0","MaxMismatch","annoy","imagine","annoy-imagine","AbstractMismatch","NegativeMismatch"
